riga_id	doc_id	numero	data	codice	descrizione
1	20260126082729876	003382	21/01/2026	939588	LGE S5UR781C0LK TV LED 55"UHD 4K DVBT2/S2 SMART WEBOS 6
2	20260126082729876	003382	21/01/2026	947262	QBEL QT32HTF8A TV LED 32"HD DVBT2/S2 SMART TIZEN OS STAND 15
3	20260126082729876	003382	21/01/2026	960345	SABA SA24S89VDA TV LED 24"HD DVBT2/S2 SMART VIDAA TIVUSAT 10
4	20260126082729876	003382	21/01/2026	962910	SABA SA40SM10VDA TV LED 40"FHD DVBT2/S2 SMART VIDAA TIVUSAT 10
5	20260126082729876	003382	21/01/2026	947331	HISE WFQP701219VM LAV.C/FRONT SLIM 45CM 7KG 1200GIRI CL.A 1
6	20260126082729876	003382	21/01/2026	938350	MIDE MFD608131WIT LAVAST.13COP CE.E 6PROG. BIANCO 3
7	20260127090549338	003212	20/01/2026	780294	PANA RBM300BEK CUFFIA WLSS PADIGLIONE 20-20000HZ 340HM NERO Al
8	20260127090549338	003212	20/01/2026	949504	SENN ACCENTUMTRUEWIRELESSOPENC AURIC. BT ACCENTUM TRUE 3
9	20260127090549338	003212	20/01/2026	949505	SENN ACCENTUMTRUEWIRELESSOPENB AURIC. BT ACCENTUM TRUE 3
10	20260127090549338	003212	20/01/2026	962147	TRUS 25887 TASTIERA WIRED GAME ILLUMINA.TKL GXT833 THADO NERO 4
11	20260127090549338	003212	20/01/2026	947331	HISE WFQP701219VM LAV.C/FRONT SLIM 45CM 7KG 1200GIRI CL.A 3|
12	20260127090549338	003212	20/01/2026	905663	SEKO SHDP28NSMIXE0 FRIGO 2P. 206LT CE.E STATICO SRIP.CRISTALLO INOX 4
13	20260127090549338	003212	20/01/2026	693326	ARIE 922 FORNETTO EL. 1500W 24LT VENT. MAX230GR TIMER NERO 4
14	20260127090549338	003212	20/01/2026	755285	BOSC BBHF216 SCOPA RIC. S/SACCO 16V 2IN1 BLU 4l
15	20260127090549338	003212	20/01/2026	859532	BRAU MQ10201M MINIPIMER 450W 0.6LT MULTIQUICK1 +ACCESSORI 4
16	20260127090549338	003212	20/01/2026	888578	GAMA GH0825 PHON 2200W 2VEL. TEMP. BORA ION GOLD 6
17	20260127090549338	003212	20/01/2026	927327	MELC 118340042 FRIGGITRICE AD ARIA 1800W 12LT 10PROG C/ACC. ALICE 2|
18	20260127090549338	003212	20/01/2026	888771	PHIL X3052 RASOIO RIC. LAME POWERCUT 4D FLEX W&D AUT.45MIN 4
19	20260127090549338	003212	20/01/2026	927036	POLT PLEU0272 STIRATORE VERTICALE 800W 85ML VAPORELLA GSMSO0R 4l
20	20260127090549338	003212	20/01/2026	729733	ROWE DX1550 FERRO VAPORE 2200W PIAST.INOX EFFECTIVE 2 BLUE 6
21	20260127090549338	003212	20/01/2026	963788	JBL JBLT110WHTE CUFFIA AURIC.IN-EAR C/MIC. 20-20KHZ TUNE110 BIANCO 3
22	20260127090549338	003212	20/01/2026	839655	ARIE 2474 ASPIRABRICIOLE 3.6V 400ML AUT.12MINUTI WET DRY 1
23	20260127090549338	003212	20/01/2026	844007	MELC 118380034 FORNETTO EL. 1500W 32LT VENT. TIMER DEVIL 32 3
24	20260127090549338	003212	20/01/2026	957381	ARIE 2483 LAVAPAVIMENTI RIC. 220W 0.7/0.5LT HEPA AQUA FORCE 1
25	20260127090549338	003212	20/01/2026	844007	MELC 118380034 FORNETTO EL. 1500W 32L7 VENT. TIMER DEVIL 32 3
26	20260127090549338	003212	20/01/2026	56463	MOUL DJAC41 COLTELLO ELETT. 100W DOPPIA LAMA PER SURGELATI 1
27	20260128102757782	004518	27/01/2026	957166	KING DTXS128GB PEN DRIVE 128GB USB3.2 EXODIA S 4
28	20260128102757782	004518	27/01/2026	136330	SAND SDCZ500166B35 PEN DRIVE 166B CRUZER BLADE USB 2.0 4
29	20260128102757782	004518	27/01/2026	226245	SAND SDCZ600326B35 PEN DRIVE 32GB CRUZER GLIDE 2
30	20260128102757782	004518	27/01/2026	287018	SAND SDCZ480326U46 PEN DRIVE 32GB USB3.0 80MB/S CRUZER 4
31	20260128102757782	004518	27/01/2026	948141	XIAO REDMIA5364BLACK SMARTP. 6.88"3GB 64GB 32+32MP MIDNIGHT 3
32	20260128102757782	004518	27/01/2026	936394	MOTO MOTOG355GMIDNIGHTBLACK SMARTP.6.72"FHD+ 4GB 256GB 2
33	20260128102757782	004518	27/01/2026	813803	PANA KXTU446EXB CELL.SENIOR DB 2.4"TFT BT TASTO SOS V.VOCE 4
34	20260128102757782	004518	27/01/2026	969183	VODA GALAXYA1756128GBVODBLACK SMARTP.SAMS. 6.7" 4GB 128GB 3
35	20260128102757782	004518	27/01/2026	948138	XIAO REDMIA54128GO0LD SMARTP. 6.88"4GB 128GB 32+32MP SANDY 8|
36	20260128102757782	004518	27/01/2026	937519	XIAO BHR9444GL SMART WATCH 1.47" BT SMART BAND 9 ACTIVE 3
37	20260128102757782	004518	27/01/2026	972242	OPPO A6XBLACKPURPLE SMARTP. 6.75"HD+ 4GB 128GB BLACK PURPLE 2
38	20260128102757782	004518	27/01/2026	962409	VODA A5XVODBLACKBLUE SMARTP.OPPO 6.67"HD+ 4GB 1286B 10
39	20260129062149632	003701	22/01/2026	909318	THOM 43UA5S13 TV LED 43"UHD 4K DVBT2/82 SMART ANDROID 6
40	20260129062149632	003701	22/01/2026	926020	CAND CUQS513EWH CONG.VERT. 163LT CE.E 4CASSETTI BIANCO 1
41	20260129103105363	004887	28/01/2026	937518	XIAO BHRS917GL SMART WATCH 1.47" BT SMART BAND 9 ACTIVE PINK
42	20260129103105363	004887	28/01/2026	972241	OPPO AGXICEBLUE SMARTP. 6.75"HD+ 4GB 128GB ICE BLUE
43	20260129103105363	004887	28/01/2026	969183	VODA GALAXYA175G128GBVODBLACK SMARTP.SAMS. 6.7" 4GB 128GB
44	20260130100805689	005175	29/01/2026	961879	APPL MFYN4QLA IPHONE 17 PRO MAX 256GB COSMIC ORANGE
45	20260130100805689	005175	29/01/2026	894310	APPL MTPOSQLA IPHONE 15 6.1"OLED A16 128GB BLACK
46	20260130100805689	005175	29/01/2026	9448685	MOTO MOTOE1SDENIMBLUE SMARTP. 6.67"HD+2GB 64GB 32+8MP DENI
47	20260130100805689	005175	29/01/2026	954690	OPPO A56128MISTWHITE SMARTP.6.67"HD+ 6GB 128GB 50+2MP MIST w
48	20260130100805689	005175	29/01/2026	954691	OPPO A56128DARKPURPLE SMARTP.6.67"HD+ 6GB 128GB 50+2MP DAR
49	20260203065329443	004696	27/01/2026	947233	EKO K32HSTC TV LED 32"HD DVBT2/S2 SMART TIZEN TV C/STAND CE 3
50	20260203065602539	004818	28/01/2026	933880	AMAZ BOCOQMWQDH4 FIRE TV STICKHD 3
51	20260203065602539	004818	28/01/2026	705007	BRAV ORIGINAL6 TELECOMANDO DEDICATO PER TV TELEFUNKEN 2
52	20260203065602539	004818	28/01/2026	916452	JBL JBLT310CWHT CUFFIA AURIC.IN-EAR 20:40KHZ 160HM USB-C WHITE 4
53	20260203065602539	004818	28/01/2026	944328	JBL JBLGOES2BLUEU MINI SPEAKER RIC. WATERP. BT GO ESSENTIAL 2 BLUE 2
54	20260203065602539	004818	28/01/2026	944329	JBL JBLGOES2BLKEU MINI SPEAKER RIC. WATERP. BT GO ESSENTIAL 2 BLAC 2
55	20260203065602539	004818	28/01/2026	864787	MELI 808035 TELECOMANDO UNIV. CONTROL TV+ 6
56	20260203065602539	004818	28/01/2026	377206	SONY MDREXISAPW CUFFIA AURIC.IN-EAR 8-22000HZ 10008 160HM C/MIC.WH 4
57	20260203065602539	004818	28/01/2026	842429	TREV 0RA7F1500 RADIO MINI PORT. AM/FM RA 7È15 NERO 4
58	20260203065602539	004818	28/01/2026	706967	BRAV 92402634 SUPP.TV 15-40" ATT.20X20 QUADRO3 NERO 2
59	20260203065602539	004818	28/01/2026	927531	BRAV 92402647 SUPP.TV 32-55" MAX.30KG INCL.ROTAZ. BR-LED 11 NERO 2
60	20260203065602539	004818	28/01/2026	500659	BRAV ORIGINAL3 TELECOMANDO DEDICATO TV SONY'NERO 4
61	20260203065602539	004818	28/01/2026	615258	BRAV ORIGINAL4 TELECOMANDO DEDICATO PER TV PHILIPS 4
62	20260203065602539	004818	28/01/2026	801246	DIGO RICD1217 RICEV.DVBT/T2 12V SCART/HDMI USB2.0 CEC 2TEL G9 6
63	20260203065602539	004818	28/01/2026	931625	DIGG RICD1250 RICEV.DVBT2 HEVC HDMI SCART LAN USB 12V G1 NERO 4
64	20260203065602539	004818	28/01/2026	751371	MAJE AH2350BTMP3USBDAB MICRO HIFI CD/MP3 USB DAB+ BT FM20STAZ. NER 2
65	20260203065602539	004818	28/01/2026	877922	MELI 881002 ANTENNA DA INTERNO AMPL. DVB-T2 5G AT 49 R1 USB 1
66	20260203065602539	004818	28/01/2026	305129	MUNA SP308 SUPP. TV FINO 42" 2SNODI ORIENTABILE 3
67	20260203065602539	004818	28/01/2026	964259	PHIL $HC5200M2 CUFFIA TV OVER-EAR WISS BT 10-21KHZ 240HM NERO 3
68	20260203065602539	004818	28/01/2026	767388	TREV 0RC80D400 RADIOSVEGLIA RC 8004 DAB NERO 3
69	20260203065602539	004818	28/01/2026	172265	TREV 0011000 ALIMENTATORE UNIVER. 1000MAH STABILIZZATO PIOTA 2
70	20260203065602539	004818	28/01/2026	880258	TRUS 24966 MOUSE WIRELESS BT PRIMO NERO 2
71	20260203065602539	004818	28/01/2026	903372	TRUS 25084 MOUSE WIRELESS MYDO SILENT ECO BLACK 3
72	20260203065602539	004818	28/01/2026	924086	TRUS 25307 MOUSE GAMING WLSS LIGHTWEIGHT GXT929 HELOX BLK 2
73	20260203065602539	004818	28/01/2026	781577	TRUS 23882 TASTIERA WIRED PRIMO IT 2
74	20260203065602539	004818	28/01/2026	781576	TRUS 23971 TASTIERA+MOUSE PRIMO SET IT 2
75	20260203065602539	004818	28/01/2026	910771	TRUS 25019 TASTIERA+MOUSE WIRELESS SILENZIOSI ODY Hl NERO 2
76	20260203065602539	004818	28/01/2026	898869	TRUS 25108. CASSE PC 2.0 ILLUMINATO RGB GXT 606 JAVV 2
77	20260203065602539	004818	28/01/2026	944289	INDE MTWC71296WIT LAV.C/FRONT 7KG 1200GIRI CE.A INVERTER 8
78	20260203065602539	004818	28/01/2026	885937	TRUS 24652 TASTIERA WIRELESS BT BASICS 3
79	20260203065602539	004818	28/01/2026	898169	CECO 4984 FRIGGITRICE AD ARIA 8LT CECOFRY SUPREME 8000 4
80	20260204110521926			937518	XIAO BHR9917GL SMART WATCH 1.47" BT SMART BAND 9 ACTIVE PINK 2
81	20260204110521926			942455	MOTO MOTOG158512GBGRAVITYGREY SMARTP. 6.72"FHD+ 8GB 512GB 12
82	20260204110521926			947880	OPPO ASPROFEATHERBLUE SMARTP.6.67"HD+8GB 256GB 50+2MP FEA 4
83	20260204110521926			947881	OPPO A5PROBLACKBROWN SMARTP.6.67"HD+ 8GB 256GB 50+2MP BLA 4
84	20260204110521926			952963	PANA KXTF400EXB CELL. 2.4" VIVAVOCE BT 4G NERO 6
85	20260204110521926			947482	TCL 60256GBSGMIDNIGHTBLUE SMARTP. 6.8"HD+ 6GB 256GB 50+8+5 3
86	20260204110521926			955345	XIAO REDMI15C4128SUNRISEORANGE SMARTP. 6.9" 4GB 128GB 50MP 5
87	20260204110521926			955347	XIAO REDMI15C4128MIDNIGHTBLACK SMARTP. 6.9" 4GB 128GB 50MP 5
88	20260204110521926			956832	XIAO REDMI158256MIDNIGHTBLACK SMARTP.6.9"FHD+ 8GB 256GB 50M 3
89	20260204110521926			962849	ZIE BLADEAS5BLACKBUDS2BUNDLE SMARTP.6.75"4GB 128GB A55S. 6
90	20260204110521926			770173	BRON AMICOFAVOLOSONERO CELL.QB SENIOR 2.8"FLIP D.SIM BT SOS 6
91	20260204110521926			815996	BRON AMICOSUPERVOICE CELL.SENIOR QB 2.8" FLIP DUALSIM SOS NE 3
92	20260204110521926			883551	BRON AMICOSTILOSO CELL. QB 2.4" DUALSIM BT SOS NERO C/COVER 4
93	20260204110521926			917121	BRON AMICOLEALENEROMETAL CELL. FLIP QB 2.8" DUALSIM BT TASTO, 2
94	20260204110521926			949834	BRON AMICOUNICOPIUBLACK CELL. QB 2" D.SIM BT TASTO SOS 1.3MP+ 6
95	20260204110521926			962168	BRON MAGNUMXXL4GGUNMETALGREY CELL. QB 3.2" FLIP DUALSIM 2M 4
96	20260204110521926			813803	PANA KXTU446EXB CELL.SENIOR DB 2.4"TFT BT TASTO SOS V.VOCE N 4
97	20260205144216613	006593	04/02/2026	972418	CAND EY281DW41S LAV.C/FRONT 8KG 1200GIRI CE.B 15PROG. 6
98	20260205144216613	006593	04/02/2026	951912	DAYA DSWET 025M1 8A1. LAV.C/FRONT SLIM 44CM 6KG 1000GIR.CE.A-10 8
99	20260205144216613	006593	04/02/2026	952856	DAYA DMCP143IME CONG.ORIZZ. 143LT CE.E INVERTER 3
100	20260205144216613	006593	04/02/2026	944355	THOM 32HF2834 TV LED 32"HD READY DVBT2/S2 SMART FIRE TV 10
101	20260205144216613	006593	04/02/2026	963705	SMTE 40FNOIK. TV LED 40"FHD DVBT2/S2 o 20
102	20260205144216613	006593	04/02/2026	948028	TCL 55P69K TV LED 55"UHD 4K DVBT2/S2 SMART GOOGLE TV 4
103	20260205144216613	006593	04/02/2026	952853	DAYA DSCB170WE COMBI 170LT CE.E STATICO DEFROST BIANCO 1
104	20260206100252557	006578	04/02/2026	948339	MOTO MOTOG15POWER8512GBGRAVITY SMARTP. 6.72"FHD+ 8GB 512G 4
105	20260209062815108	006427	03/02/2026	899157	PHIL 81142 RASOIO RIC. LAME POWERCUT W&D AUT.40MIN GRIGIO 2
106	20260209062815108	006427	03/02/2026	939224	PANA RZB120WDEK CUFFIA AURIC.BT TWS 20-20KHZ IPX4 C/CUST.RIC. NERO 8
107	20260209062815108	006427	03/02/2026	856427	TRUS 24678 PRIMO POWERBANK 10000MAH ECO 4
108	20260209062815108	006427	03/02/2026	614756	ALPH 935912E CAVO HDMI SP /SP. 2M HIGH SP.+ ETH 5
109	20260209062815108	006427	03/02/2026	614757	ALPH 935911E CAVO HDMI SPINA/SPINA 1M HIGH SPHE 5
110	20260209062815108	006427	03/02/2026	673952	ALPH 87014W02B CAVO TV M-F90 BIANCO+ADATT.M-M 2M P 10
111	20260209062815108	006427	03/02/2026	698279	ALPH 87014W03B CAVO TV M-F90 BIANCO+ADATT.M-M 3M P 10
112	20260209062815108	006427	03/02/2026	778329	BRAV 90302247 TELECOMANDO UNIVERSALE PER TV 6 TOPBRAND 25
113	20260209062815108	006427	03/02/2026	780553	TSYS 21005300 RICEV.DVBT/T2/HEVC HDR HDMI USB TS6815 12
114	20260209062815108	006427	03/02/2026	913449	QBEL QT32B8A TV LED 32"HD DVBT2/S2 HDMI USB 10
115	20260209062815108	006427	03/02/2026	962911	SABA SA32SMI10VDA TV LED 32"HD READY DVBT2/S2 SMART VIDAA TIVUSAT 18
116	20260209062815108	006427	03/02/2026	962911	SABA SA32SM10VDA TV LED 32"HD READY DVBT2/S2 SMART VIDAA TIVUSAT 2
117	20260209062815108	006427	03/02/2026	970965	SABA SA43SMIOVDA TV LED 43"FHD DVBT2/S2 SMART VIDAA TIVUSAT 6
118	20260209062815108	006427	03/02/2026	936514	IMET 9046 FERRO VAPORE 2000W PIAST.INOX TITANOX PLUS GR/BLU 4
119	20260209062815108	006427	03/02/2026	378152	MOUL DIZ001 TRITATUTTO 270W 250ML COMPACT CIOT.TRASPARENTE 4
120	20260209062815108	006427	03/02/2026	902646	DELO EDG226W M.CAFFE CAPS 1460W 0.8LT DOLCE GUSTO GENIO S WHITE 4
121	20260209062815108	006427	03/02/2026	960317	MELC 118340047 FRIGGITRICE AD ARIA 2000W 6.5LT 2RESIST.ARIANNA BK 4
122	20260209062815108	006427	03/02/2026	754099	PANA ERGB37K503 REG.BARBA RIC. 19LUNGH. LAMA INOX 6
123	20260209062815108	006427	03/02/2026	753672	POLT PBEUO0116 SCOPA RIC. SISACCO 0.5LT 22V FORZASPIRA SLIM SR90B 4
124	20260209062815108	006427	03/02/2026	634870	REMI D1500 PHON 2000W 2VEL 2TEMP DA VIAGGIO C/IDIFFUS. NERO 6
125	20260209062815108	006427	03/02/2026	966931	INDE MTWC91296WIT LAV.C/IFRONT 9KG 1200GIR! CE.A INVERTER 6
126	20260210102653590	007464	09/02/2026	957771	ACER ASPIREA31559530X -NB.15.6" 15-1235U 8GB 512GB SH W11H 3
127	20260210102653590	007464	09/02/2026	956830	XIAO REDMI158256SANDYPURPLE SMARTP.6.9"FHD+ 8GB 256GB 50MP 2
128	20260210102653590	007464	09/02/2026	956071	OPPO RENO14F5GLUMINOUSGREEN SMARTP.6.57"FHD+ 8GB 256GB 50 2
129	20260210102653590	007464	09/02/2026	969285	XIAO REDMINOTE15PROPIU5G8256BL SMARTP., 6.83"1.5K AMOLED 8G 2
130	20260213090453756	008030	10/02/2026	949719	SAMS UE24F6000FUXZT TV LED 24"FHD DVBT2/S2 SMART TIZEN 1
131	20260213090453756	008030	10/02/2026	931918	DYSO VIZORIGIN SCOPA RIC. S/SACCO 0.35LT 25.2V IRON/NICKEL 2
132	20260213090453756	008030	10/02/2026	669858	WHIR MWP304M FORNO M/0 900W 30LT C/GRILL 1050W VAPORE MIRR 1
133	20260213090453756	008030	10/02/2026	944355	THOM 32HF2S34 TV LED 32"HD READY DVBT2/S2 SMART FIRE TV 5
134	20260217075142735	007853	10/02/2026	919968	CANO MG2556S MF.INKJET 8IPM 2CART. USB PIXMA NERO 2
135	20260217075142735	007853	10/02/2026	903372	TRUS 25084 MOUSE WIRELESS MYDO SILENT ECO BLACK 6
136	20260217075142735	007853	10/02/2026	826404	TRUS 24214 CUSTODIA PER TABLET FINO 11" PRIMO FOLIO ECO NERO 4
137	20260217075142735	007853	10/02/2026	845952	ROWE VR5121 FERRO CALD.FREDDO 2400W 1.4LT P.AIRGLIDE BLK/BLU 1
138	20260217075142735	007853	10/02/2026	845952	ROWE VR5121 FERRO CALD.FREDDO 2400W 1.4LT P_AIRGLIDE BLK/BLU 1
139	20260217075142735	007853	10/02/2026	61665	ELET FC2 FILTROX4 CAFFE LUNGHI 5
140	20260217075142735	007853	10/02/2026	845952	ROWE VR5121 FERRO CALD.FREDDO 2400W 1.4LT P.AIRGLIDE BLK/BLU 1
141	20260217075142735	007853	10/02/2026	888580	GAMA GI0234 PIASTRA CAPELLI 45W ELEGANCE ON-OFF GOLD 3
142	20260217075142735	007853	10/02/2026	954266	ARDE ARFOFL04 FORNELLO ELETTR. PIASTRA IN GHISA 1500W FOCUS 3
143	20260217075142735	007853	10/02/2026	957378	ARIE 4175BLUE SCOPAA VAPORE 1500W 350ML STEAM MOP 10IN1 BLUE 2
144	20260217075142735	007853	10/02/2026	957380	ARIE 4137BLUE PULITORE A VAPORE 1050W 250ML VAPORI' JET BLUE 4
145	20260217075142735	007853	10/02/2026	786655	ARIE 2757 SCOPARIC. SISACCO 1LT 22.2V 3FILTRI ROSSO/GRIGIO 2
146	20260217075142735	007853	10/02/2026	603984	ARIE 6235. FERRO VAPORE 2000W PIASTRA CERAMICA 300ML VIOLA 4
147	20260217075142735	007853	10/02/2026	880272	ARIE 157DARKGREY TOSTAPANE 760W 7PROG. 2SCOMP., DARK GREY 4
148	20260217075142735	007853	10/02/2026	810428	ARIE 438BLU TRITATUTTO 400W 600ML 2VEL. 4LAME INOX BLU 2
149	20260217075142735	007853	10/02/2026	957385	ARIE 437GRIGIO TRITATUTTO 400W 700ML 4LAME INOX 2VEL. GRIGIO 4
150	20260217075142735	007853	10/02/2026	04093	ARIE 440. GRATTUGIA ELETT.RIC. GRATI' BIANCO/ARANCIONE 3
151	20260217075142735	007853	10/02/2026	830161	BEKO VRT50121VR. SCOPA RIC. S/SACCO 0.55LT 21.6V CYCLONIC NER/ROSSO 1
152	20260217075142735	007853	10/02/2026	861445	BLDE BHSM15FX08 SCOPA A VAPORE 1500W 500ML STEAM-MOP +8ACCESS. 2
153	20260217075142735	007853	10/02/2026	135610	BOSC MFQ4020 SBATTITORE 450W 5VEL ANTRACITE 2
154	20260217075142735	007853	10/02/2026	923840	BOSC MSM14200 FRULL.IMMERS. 400W 4LAME INOX C/TRITATUTTO BIANCO 4
155	20260217075142735	007853	10/02/2026	946514	BRAU MQ50202 MINIPIMER 1000W 21VEL. MULTIQUICK5 NERO 2
156	20260217075142735	007853	10/02/2026	81666	ELET KA1. CONFEZIONE 1 FILTRO UNIVERSALE PER CAPPA CUCINA 6
157	20260217075142735	007853	10/02/2026	943948	ELET ACCFR2 FILTRI CARTA QUADRATI PER FRIGGITRICI AD ARIA 50PZ 5
158	20260217075142735	007853	10/02/2026	719285	GAMA GH3537 PHON 2300W DIVA 3D THERAPY IONICO KERATION ROSA 4
159	20260217075142735	007853	10/02/2026	802503	GIRM TP1001 TOSTAPANE 750W BLIV.COTTURA 2SCOMP. BIANCO 2
160	20260217075142735	007853	10/02/2026	621362	GIRM FE2000 FORNETTO EL. 1380W 20LT NERO/ROSSO 1
161	20260217075142735	007853	10/02/2026	784669	GIRM FR0301 FRULLATORE 170W PULSE 500ML 4LAME INOX BIANCO 4
162	20260217075142735	007853	10/02/2026	312384	GIRM TR2OSILVERROSSO TRITATUTTO 600W 400ML LAME ACCIAIO GRIGIO/RO 2
163	20260217075142735	007853	10/02/2026	829109	MACO VAC1015 MACCH.SOTTOVUOTO 110W BIANCO/NERO 2
164	20260217075142735	007853	10/02/2026	388261	MACO 703ROLLS SACCHETTI PER MACCH.SOTTOVUOTO 20CMX6MT 4
165	20260217075142735	007853	10/02/2026	230376	MELC 118330011 TOSTIERA 750W PIASTRE ANTIADERENTI TOSTINA NEW 4
166	20260217075142735	007853	10/02/2026	785456	MOUL HM450B SBATTITORE 450W 5VEL.+TURBO BIANCO 2
167	20260217075142735	007853	10/02/2026	729718	MOUL DD4521 FRULL.IMMERS.450W 0.8/0.5LT 2V+TURBO EASYCHEF 2IN1 4
168	20260217075142735	007853	10/02/2026	754099	PANA ERGB37K503 REG.BARBA RIC. 19LUNGH, LAMA INOX 2
169	20260217075142735	007853	10/02/2026	933172	PHIL DST201040 FERRO VAPORE 2000W PIAST.ANTIADERENTE ROSSO 2
170	20260217075142735	007853	10/02/2026	700578	REMI C15538 FERRO CAPELLI 38MM 8TEMP. PRO BIG CURL 3
171	20260217075142735	007853	10/02/2026	634870	REMI D1500 PHON 2000W 2VEL 2TEMP DA VIAGGIO C/DIFFUS. NERO 2
172	20260217075142735	007853	10/02/2026	235213	REMI D3015 PHON 2000W CERAMIC C/CONCENTR. IONI ECO BIANCO 4
173	20260217075142735	007853	10/02/2026	294519	REMI D5215 PHON 2300W 3TEMP/2VEL. CARAM./IONI CONCENTRAT/DIFF 4
174	20260217075142735	007853	10/02/2026	598978	REMI $7300 PIASTRA CAPELLI MAX230GR LCD WET2STRAIGHT AZZURRO 3
175	20260217075142735	007853	10/02/2026	658648	REMI $8540 PIASTRA CAPELLI CERAMICA 9TEMP. ROSA 3
176	20260217075142735	007853	10/02/2026	913577	REMI S$5527 PIASTRA CAPELLI 150-230GR. PRO-CERAMIC EXTRA 3
177	20260217075142735	007853	10/02/2026	656636	RGV GREENJUICE ESTRATTORE DI SUCCO 150W 2VEL. INOX/NERO 1
178	20260217075142735	007853	10/02/2026	729733	ROWE DX1550 FERRO VAPORE 2200W PIAST.INOX EFFECTIVE 2 BLUE 3
179	20260217075142735	007853	10/02/2026	836135	ROWE DX1510 FERRO VAPORE 2000W PIAST.INOX EFFECTIVE BIA/GRIGIO 2
180	20260217075142735	007853	10/02/2026	949985	ROWE TN8934 REG.BARBA/CAPELLI RIC/RETE L.INOX TRIM&STYLE 8IN1 4
181	20260217075142735	007853	10/02/2026	248845	RUSS 1788856 TOSTAPANE A PIASTRA 1800W 3IN1 ANTIAD. GRIGIO 1
182	20260217075142735	007853	10/02/2026	947331	HISE WFQP701219VM LAV.C/FRONT SLIM 45CM 7KG 1200GIRI CL.A 1
183	20260217110017143	009097	16/02/2026	948141	XIAO REDMIA5364BLACK SMARTP. 6.88"3GB 64GB 32+32MP MIDNIGHT 4
184	20260217110017143	009097	16/02/2026	969282	XIAO REDMINOTE155G8256MISTPURP SMARTP. 6.77"FHD+AMOLED 8G 2
185	20260217110017143	009097	16/02/2026	969283	XIAO REDMINOTE155G8256BLACK SMARTP. 6.77"FHD+AMOLED 8GB 25 3
186	20260217110017143	009097	16/02/2026	931906	XIAO BHR8790GL SMART WATCH 2" REDMI WATCH 5 ACTIVE MATTE SI 2
187	20260217110017143	009097	16/02/2026	931907	XIAO BHR8784GL SMART WATCH 2" REDMI WATCH 5 ACTIVE MIDNIGH 3
188	20260217110017143	009097	16/02/2026	931900	XIAO BHR8776GL AURICOLARE BT WLSS REDMI BUDS 6 PLAY BLACK 8
189	20260217110017143	009097	16/02/2026	947387	MOTO MOTOG058256GBFORESTGREEN SMARTP. 6.67"HD+ 8GB 256GB 3
190	20260217110017143	009097	16/02/2026	956778	MOTO MOTOG0S58256GBDENIMBLUE SMARTP. 6.67"HD+ 8GB 256GB 50+ 5
191	20260217110017143	009097	16/02/2026	961879	APPL MFYN4QLA IPHONE 17 PRO MAX 256GB COSMIC ORANGE
192	20260218104758681	009256	17/02/2026	961843	APPL MG8K4QLA IPHONE 17 PRO 512GB SILVER
193	20260220061706810	008608	12/02/2026	836135	ROWE DX1510. FERRO VAPORE 2000W PIAST.INOX EFFECTIVE BIA/GRIGIO 2
194	20260220061706810	008608	12/02/2026	878100	HOOV HF122RH011 SCOPA RIC. S/SACCO 0.9LT 226V H-FREE 100 4
195	20260220061706810	008608	12/02/2026	950859	MELC 118320002 M.CAFFE' CAPS NESPRICIALDE/POLV. AROMATIC PLUS BK 5
196	20260220061706810	008608	12/02/2026	972253	THOM 55UG4S15 TV LED 55"UHD 4K DVBT2/S2 SMART GOOGLE TV 3
197	20260220061706810	008608	12/02/2026	909515	HAIE HDPW3620DNPD COMBI 406LT CE.D NOFROST INV. DISPLAY WIFI 1
198	20260220061706810	008608	12/02/2026	954680	CAND CCG3L517ES COMBI 260LT CE.E STATICO LOW FROST INVERTER 1
199	20260224110634065	010604	23/02/2026	972237	OPPO ASAURORAGOLD SMARTP. 6.75"HD+ 6GB 256GB AUORA GOLD 2
200	20260224110634065	010604	23/02/2026	972238	OPPO ASSAPPHIREBLACK SMARTP. 6.75"HD+ 6GB 256GB SAPPHIRE BL 2
201	20260224110634065	010604	23/02/2026	972239	OPPO ASKCRYSTALBLACK SMARTP. 6.75"HD+ 4GB 256GB CRYSTAL BL 2
202	20260224110634065	010604	23/02/2026	972240	OPPO ASKCRYSTALBLUE SMARTP. 6.75"HD+ 4GB 256GB CRYSTAL BLU 2
203	20260224110634065	010604	23/02/2026	949549	BRON AMICOTUO4GBLACK CELL.FLIP 2.4"QVGA BT D.SIM 4G T.SOS BLA 6
204	20260224110634065	010604	23/02/2026	947050	HONO HA0OLITEVELVETBLACK SMARTP. 6.7"FHD+ 8GB 256GB 108+5MP 2
205	20260224110634065	010604	23/02/2026	966319	MOTO MOTOG068256TENDRIL SMARTP. 6.88"HD+ 8GB 256GB 50MP 1P64 5
206	20260224110634065	010604	23/02/2026	966820	MOTO MOTOG068256TAPESTRY SMARTP. 6.88"HD+ 8GB 256GB S0MP IP 5
207	20260224110634065	010604	23/02/2026	961605	REAL NOTE70T4128GBBEACHGOLD SMARTP.6.74"HD+ 4GB 128GB BEA 4
208	20260224110634065	010604	23/02/2026	960306	REAL WATCHSTITANIUMBLACK SMART WATCH 1.97" AMOLED BT NFC 2
209	20260224110634065	010604	23/02/2026	937326	SAMS SMATS6SFZKBEUE SMARTP.6:7"FHD 4GB 128GB GALAXY A16 LTE 15
210	20260224110634065	010604	23/02/2026	937327	SAMS SMATE5FZABEUE SMARTP.6.7"FHD 4GB 128GB GALAXY A16 LTE 5
211	20260224110634065	010604	23/02/2026	941021	TCL 505512GBOCEANBLUE SMARTP. 6.75"HD+ 8GB 512GB 50+5+2MP 4
212	20260224110634065	010604	23/02/2026	944109	ACER ASPIRELITEAL1532PC3AH |-NB15.6FHD CELERON N4500 4GB 128 3
213	20260224110634065	010604	23/02/2026	932544	MEDC MSP1AZ46P TAB.11.97" 6GB 128GB ANDR.14 4G+PHONE AZIMUT 1
214	20260224110634065	010604	23/02/2026	957373	ACER ASPIREGOAG1572P72U2 |-NB.15.6"FHD CORE7-150U 32GB 512GB 1
215	20260226063257122	010306	19/02/2026	948028	TCL 55P69K TV LED 55"UHD 4K DVBT2/52 SMART GOOGLE TV 1
216	20260226101002452	011233	25/02/2026	948335	MOTO MOTOG565G8256GBDILL SMARTP. 6.72"FHD+ 8GB 256GB 50+8MP 3
217	20260226101002452	011233	25/02/2026	948336	MOTO MOTOG565G8256GBBLACKOYSTE SMARTP. 6.72"FHD+ 8GB 256G 3
218	20260226101002452	011233	25/02/2026	973762	VODA A6X4128GBVODTITANIUMPURPL SMARTP.OPPO 6.75" 4GB 128GB 5
219	20260226101002452	011233	25/02/2026	948135	VIE 501264GBWINDTREPRIMEBLACK SMARTP.TCL 6"QHD+ 2GB 64GB 10
220	20260227092948134	011157	24/02/2026	940525	CAND CNCQ27518EB COMBI 280LT CE.E NOFROST ILL.LED NERO 1
221	20260227092948134	011157	24/02/2026	948029	TCL 65P69K TV LED 65"UHD 4K DVBT2/$2 SMART GOOGLE TV 1
222	20260227092948134	011157	24/02/2026	964592	CAND GD27S7S. LAV.C/F.SLIM 47CM 7KG 1200GIRI CE.A-15% INV.AI VAP 4
223	20260227092948134	011157	24/02/2026	940214	CAND TCA473D3S LAV.C/ALTO 7KG 1400GIRÌ CE.C 16PROG. WIFI 3
224	20260227092948134	011157	24/02/2026	896753	SEKO SHDP320NM2XEO0 FRIGO 2P. 247LT CE.E NOFROST DARK INOX 3
225	20260227092948134	011157	24/02/2026	947229	EKO K320HDGC TV LED 32"HD SMART GOOGLE TV C/STAND CENTRAL 15
226	20260227092948134	011157	24/02/2026	957973	LGE 43LR60006LA TV LED 43"FHD DVBT2/S2 SMART WEBOS 4
227	20260227092948134	011157	24/02/2026	949345	LGE 55UA75006LA TV LED 55"UHD 4K DVBT2/52 SMART WEBOS 2
228	20260227092948134	011157	24/02/2026	948027	TCL 50P69K TV LED 50"UHD 4K DVBT2/52 SMART GOOGLE TV 4
229	20260227092948134	011157	24/02/2026	916626	CAND EY294DWM51S LAV.C/FRONT 9KG 1200GIRI CE.A INVERTER 16PR 4
230	20260227092948134	011157	24/02/2026	949714	SAMS UE50U7000FUXZT TV LED 50"CRYSTAL UHD 4K DVBT2/S2 SMART 1
231	20260227093029714	010959	24/02/2026	931737	IRRA IR203S0UNDPIU DIFF.WLSS 5.0 3.5W/ GRIGIO 4
232	20260227093029714	010959	24/02/2026	956839	THOM 24HG2515CW TV LED 24"HD DVBT2/52 SMART GOOGLE 12V WHITE 6
233	20260227093029714	010959	24/02/2026	704102	ARIE 2761 SCOPA ELETT.S/SACCO 600W 1LT CICLONICO 2IN1 ROSSO 5
234	20260227093029714	010959	24/02/2026	896324	CECO 4291 FRULL.IMMERS. 1200W POWER TITANBLACK CREAM 7
235	20260227093029714	010959	24/02/2026	896324	CECO 4291 FRULL.IMMERS: 1200W POWER TITANBLACK CREAM 5
236	20260227093029714	010959	24/02/2026	948768	NUTR NBA0611DG FRIGGITRICE AD ARIA 1700W 6LT CRISPLITE NERO 6
237	20260227093029714	010959	24/02/2026	756937	PANA ERGC53K503 REG.CAPELLI RIC/RETE 20REG. 0.5-10MM WET/DRY NERO 4
238	20260227093029714	010959	24/02/2026	370404	REMI AC5999 PHON 2300W 2VEL.3TEMP.IONI C/CONCENT/DIFFUSORE NER 6
239	20260227093029714	010959	24/02/2026	946710	RUSS 2648356 FERRO VAPORE 2400W LIGHT AND EASY BRIGHTS 12
240	20260227093029714	010959	24/02/2026	844006	MELC 118380033 FORNETTO EL. 1200W 23LT VENT. TIMER DEVIL 23 5
241	20260227093029714	010959	24/02/2026	950345	HOTP WMTG725BIT LAV.C/ALTO 7KG 1200GIRI CE.B 14PROG. INVERTER 1
242	20260302114648624	011718	26/02/2026	947370	HISE WF1Q8041BW LAV.C/FRONT 8KG 1400GIRI CE.A-20%
243	20260302114648624	011718	26/02/2026	878047	HISE FCN300ACE COMBI 304LT CE.E NOFROST INOX
244	20260302114648624	011718	26/02/2026	948635	HISE 55A69Q TV LED 55"UHD 4K 60HZ DVBT2/S2 SMART VIDAA U9
245	20260302114648624	011718	26/02/2026	973295	DAYA DMCV603ME CONG.VERT. SOLT CE.E 3CASSETTI BIANCO
246	20260302114648624	011718	26/02/2026	910060	CECO 1587 FORNO M/O 20LT 700W 6LIV.POT. 3DWAVE BIANCO
247	20260302114754993	011596	26/02/2026	881293	BEKO MGC20130BB FORNO M/O 700W 20LT C/GRILL 1000W NERO 5
248	20260302114754993	011596	26/02/2026	881293	BEKO MGC20130BB FORNO M/O 700W 20LT C/GRILL 1000W NERO 4
249	20260302114754993	011596	26/02/2026	862003	ARIE 1381NERO M.CAFFE' ESPRESSO 1300W 15BAR SLIM MODERNA NERO 5
250	20260302114754993	011596	26/02/2026	948519	ARIE 13041 M.CAFFE' CAPS.NESPRESSO/CIALD/POLV.1350W 0.7LT NER 5
251	20260302114754993	011596	26/02/2026	899531	INDE BDE96436WKVIT LAVASC.C/FRONT 1400GIRI LAV.9KG-ASC.6KG CE.D INV. 4
252	20260302114754993	011596	26/02/2026	928491	LGE F4NX1009NWB LAV.C/FRONT 9KG 1400GIRI CE.A INV.VAP.WIFI 4
253	20260302114754993	011596	26/02/2026	960315	MELC 118340058 FRIGGITRICE AD ARIA 2600W 10LT 2CASSETTI GIULIA BK 5
254	20260302114754993	011596	26/02/2026	913769	ROWE RH9A32 SCOPA RIC. S/ISACCO X-FORCE FLEX 13.60 ALLERGY 2
255	20260302114754993	011596	26/02/2026	949560	SAMS QES5S85FAUXZT TV OLED 55"UHD 4K DVBT2/S2 SMART TIZEN 2
256	20260302114754993	011596	26/02/2026	948174	WHIR MWP101W FORNO M/O 700W 20LT 6LIV.POT. TIMER BIANCO 3
257	20260304101447217	012335	03/03/2026	944440	NOKI 1102024BLACK CELL. 1.8" QQVGA DUALSIM 48MB 128MB 0.8MP 4 5
258	20260304101447217	012335	03/03/2026	277601	EMTE ECMMD32GC410 PEN DRIVE 32GB C410 BLU ABISSO 6
259	20260304101447217	012335	03/03/2026	800504	EMTE ECMMD64GB113 PEN DRIVE 64GB USB3.2 CLICK&EASY VERDE 4
260	20260304101447217	012335	03/03/2026	920342	EMTE ECMMD64GD283 PEN DRIVE 64GB USB3.2 TYPE-C DUAL D280 C/ 4
261	20260304101447217	012335	03/03/2026	801104	KING DTX128GB PEN DRIVE USB3.2 GENT 128GB EXODIA NERO/GIALL 4
262	20260304101447217	012335	03/03/2026	851498	KING DTXM64GB PEN DRIVE 64GB USB3.2 DATATRAVELER EXODIA M 4
263	20260304101447217	012335	03/03/2026	793034	SAND SDSDUN4032GGN6IN MEM. SDHC ULTRA 32GB L.120X SECURE D 2
264	20260306110736646	012883	05/03/2026	965084	SAMS SMX230NZAREUE TABLET 11"6GB 128GB GALAXY TAB A11+ WIFI 3
265	20260306110736646	012883	05/03/2026	944441	NOKI 1052024BLACK CELL. 1.8" QQVGA DUAL SIM 48MB 128MB BT BLA 10
266	20260309094017165	012674	04/03/2026	948637	HISE 43A69Q TV LED 43"UHD 4K 60HZ DVBT2/S2 SMART VIDAA U9 5
267	20260309094017165	012674	04/03/2026	947255	QBEL QT24HTF8A TV LED 24"HD DVBT2/S2 SMART TIZEN 10
268	20260309094017165	012674	04/03/2026	963782	SMTE 32HN01K TV LED 32"HD READY DVBT2/82 10
269	20260309094309492	012574	03/03/2026	769427	KENW M420DAB MICRO HIFI 7WX2 CD USB DAB+ BT AUX NERO 1
270	20260309094309492	012574	03/03/2026	615793	ALPH 956023WB CAVO USB A/USB B 2.0 3MT BIANCO 20
271	20260309094309492	012574	03/03/2026	193698	ALPH 9570801GB CAVO PATCH CATG 1M U/UTP GRI.CU.POL 10
272	20260309094309492	012574	03/03/2026	615794	ALPH 956023NB CAVO USB A/USB B 2.0 3MT NERO 20
273	20260309094309492	012574	03/03/2026	943177	TRUS 25522 ALIMENTATORE 45W USB-C GAN MAXO BIANCO 5
274	20260309094309492	012574	03/03/2026	920678	SAMS LS24DG300EUXEN MONITOR 24"FHD 180HZ 250CD 1MS DP/HDMI GAMING 1
275	20260309094309492	012574	03/03/2026	705006	BRAV ORIGINAL7 TELECOMANDO DEDICATO PER TV HISENSE 4
276	20260309094309492	012574	03/03/2026	825048	DIGO RICD1228 RICEV.DVBS2 SMARTCARD HDMI/SCART/USB TV SAT TI9 5
277	20260309094309492	012574	03/03/2026	713232	JBL JBLT500WHT CUFFIA C/CAVO 20-20000HZ BIANCO 2
278	20260309094309492	012574	03/03/2026	963788	JBL JBLT110WHTE CUFFIA AURIC.IN-EAR C/MIC. 20-20KHZ TUNE110 BIANCO 4
279	20260309094309492	012574	03/03/2026	864787	MELI 808035 TELECOMANDO UNIV. CONTROL TV+ 8
280	20260309094309492	012574	03/03/2026	88697	PANA RPHV104EK CUFFIA AURIC.IN-EAR 104DBA 170HM NERO 2
281	20260309094309492	012574	03/03/2026	377207	SONY MDREXI1SAPB. CUFFIA AURIC.IN-EAR 8-22000HZ 1000B 160HM C/MIC.BK 6
282	20260309094309492	012574	03/03/2026	377213	SONY MDREX1SLPW CUFFIA AURIC.IN-EAR 8-22000HZ 100DB 160HM BIANCO 4
283	20260309094309492	012574	03/03/2026	377219	SONY MDREXISLPLI CUFFIA AURIC.IN-EAR 8-22000HZ 100DB 160HM AZZURRO 4
284	20260309094309492	012574	03/03/2026	614757	ALPH 935911E CAVO HDMI SPINA/SPINA 1M HIGH SP.+E 5
285	20260309094309492	012574	03/03/2026	815684	ALPH 87012018 CAVO TV M/F ADATT.M/M 1MT NERO 10
286	20260309094309492	012574	03/03/2026	178380	BRAV LCD8B SUPPORTO A MURO LCD 23-40" INCLINATO NERO 2
287	20260309094309492	012574	03/03/2026	706968	BRAV 92402633 SUPP.TV 32-60" ATT.60X40 QUADRO2 NERO 3
288	20260309094309492	012574	03/03/2026	615258	BRAV ORIGINAL4 TELECOMANDO DEDICATO PER TV PHILIPS 2
289	20260309094309492	012574	03/03/2026	931737	IRRA IR203SOUNDPIU DIFF.WLSS 5.0 3.5W GRIGIO 4
290	20260309094309492	012574	03/03/2026	620106	JBL JIBLTT10BLK CUFFIA AURIC.IN-EAR 20-20000HZ 3.5MM C/MIC. NERO 4
291	20260309094309492	012574	03/03/2026	878214	MELI 580470 SUPP.TV 40-65" MAX.45KG FLATSTYLE FTR 400 IT NERO 2
292	20260309094309492	012574	03/03/2026	118038	MUNA SP301 SUPPORTO PER TV FINO A 27" KG25 3
293	20260309094309492	012574	03/03/2026	305129	MUNA —SP308 SUPP. TV FINO 42" 2SNODI ORIENTABILE 2
294	20260309094309492	012574	03/03/2026	964289	PHIL SHC5200M2 CUFFIA TV OVER-EAR WISS BT 10-21KHZ 240HM NERO 2
295	20260309094309492	012574	03/03/2026	630094	TREV 0063600. CUFFIA ARCH. TV 320HM 105DB C/CAVO SMT NERO 4
296	20260309094309492	012574	03/03/2026	168168	LOGI 920002492 TASTIERA K120 LAYOUT ITALIANO 2
297	20260309094309492	012574	03/03/2026	813640	NILO NXA020611 SPRAY ARIA-GAS LEGGERI-400ML. 6
298	20260309094309492	012574	03/03/2026	867401	TRUS 24549 MOUSE WIRELESS SILENZIOSO ECO YVI+ NERO 6
299	20260309094309492	012574	03/03/2026	924086	TRUS 25307 MOUSE GAMING WLSS LIGHTWEIGHT GXT929 HELOX BLK 4
300	20260309094309492	012574	03/03/2026	885937	TRUS 24652 TASTIERA WIRELESS BT BASICS 4
301	20260309094309492	012574	03/03/2026	911091	TRUS 25164 CASSE PC2.0 8W 150-20KHZ USB POLO NERO 4
302	20260309094309492	012574	03/03/2026	968333	TRUS 25670 CASSEPCADOR2.0 6
303	20260309094309492	012574	03/03/2026	873268	TRUS 24743 TAPPETINO PER IL MOUSE BOYE NERO 6
304	20260309094309492	012574	03/03/2026	878219	MELI 580457 SUPP.TV FINO A 25" FLATSTYLE FR 100 IT NERO 3
305	20260309094309492	012574	03/03/2026	869198	MELI 806073 TELECOMANDO PER TV LG GB PERSONAL 2+ 5
306	20260309094309492	012574	03/03/2026	869199	MELI 806072 TELECOMANDO PER TV SAMSUNG GB PERSONAL 1+ 5
307	20260309094309492	012574	03/03/2026	769509	MELI 497320 CUFFIA WLSS TV EASY DIGITAL BUNDLE2 2
308	20260309094309492	012574	03/03/2026	912596	MELI 656146 BASE WASH EVO 3
309	20260309094309492	012574	03/03/2026	921711	MELI 656131. KIT CONGIUNZIONE LAVATRICE/ASCIUG. TORRE UP 2
310	20260309094309492	012574	03/03/2026	932504	MELI 656129 KIT DI SOVRAPPOSIZIONE TORRE GREEN+ 2
311	20260309094309492	012574	03/03/2026	878217	MELI 580455 SUPP.TV 26-45" FLATSTYLE FTR 200 IT NERO 3
312	20260309094309492	012574	03/03/2026	878218	MELI 580460 SUPP.TV FINO A 25" FLATSTYLE FDR 100 IT NERO 3
313	20260309094309492	012574	03/03/2026	878220	MELI 580454 SUPP.TV FINO A 25" FLATSTYLE FTR 100 IT NERO 3
314	20260309094309492	012574	03/03/2026	347140	MELI 881001 ANTENNA DA INTERNO DVBT2 HEVC AT 380 USB NERO 3
315	20260309094309492	012574	03/03/2026	877922	MELI 881002 ANTENNA DA INTERNO AMPL. DVB-T2 5G AT 49 R1 USB 3
316	20260309094309492	012574	03/03/2026	865703	MELI 497312. CUFFIA ARCH. TV STEREO C/FILO HP 50 PLUS NERO 3
317	20260310110618694	013115	05/03/2026	865492	SANG SG510 LAV.C/FRONT 5KG 1000GIRICE.C 15PROGR. 1
318	20260312091910129	013967	10/03/2026	197084	PAMA RPHTOSOEM CUFFIA ARCH.SNT PER TY RPHTO si
319	20260312091910129	013967	10/03/2026	793692	HOTE HOSGSOEME E.CUTT.INDUZ, 60Ch ZUNE DYNE
320	20260312091910129	013967	10/03/2026	914682	DIKO DKWO710NDTO LAV.C/FRONT 7KG T000GIRI CE.D 15PROG. DISP.L 12
321	20260312091910129	013967	10/03/2026	946470	DIKO DKSETI. ASCIUG.C/FRONT 8KG CE.E 15PROG. DISP.LED 3
322	20260312091910129	013967	10/03/2026	902793	SEKO SHDP28NSM1WE1 FRIGO 2P. 206LT CE.E STATICO SRIP.VETRO B 4
323	20260312091910129	013967	10/03/2026	963704	SMTE 40Q0G01V TV QLED 40"FHD DVBT2/52 SMART GOOGLE TV 5
324	20260312103603200	013767	10/03/2026	865199	BEGH 9138. CELL.SENIOR 2.4"FLIP VIVAVOCE SOS SLV18 SILVER 4
325	20260312103603200	013767	10/03/2026	959994	HONO H400SMARTBLACKPIUCHOICEX7 SMARTP.6.77"8GB 256GB BLAC 4
326	20260312103603200	013767	10/03/2026	959995	HONO H400SMARTGOLDPIUCHOICEX7L SMARTP.6.77" 8GB 256GB GOL 4
327	20260312103603200	013767	10/03/2026	965391	MOTO MOTOG064128TENDRIL SMARTP. 6.88"HD+ 4GB 128GB 50MP IP64 4
328	20260312103603200	013767	10/03/2026	965392	MOTO MOTOG064128TAPESTRY SMARTP. 6.88"HD+ 4GB 128GB 50MP IP 4
329	20260312103603200	013767	10/03/2026	947177	REAL R14X5G256GBCARBONBLACK SMARTP. 6.67"HD+ 8GB 256GB 50+ 5
330	20260312103603200	013767	10/03/2026	953211	REAL C71FORESTOWL SMARTP. 6.67"HD+ 8GB 256GB 50MP FOREST O 8
331	20260312103603200	013767	10/03/2026	953752	REAL R14X5G256GBPERIDOTGREEN SMARTP. 6.67"HD+ 8GB 256GB 50 5
332	20260312103603200	013767	10/03/2026	948138	XIAO REDMIA54128GOLD SMARTP. 6.88"4GB 128GB 32+32MP SANDY G 8
333	20260312103603200	013767	10/03/2026	948330	NINT 10015151 CONSOLE SWITCH 2 L.BLUE/L.RED 1
334	20260317101320418	014988	16/03/2026	944685	MOTO MOTOETSDENIMBLUE SMARTP. 6.67"HD+ 2GB 64GB 32+8MP DENI 2
335	20260317101320418	014988	16/03/2026	955343	XIAO REDMI15C4256MIDNIGHTBLACK SMARTP. 6.9" 4GB 256GB 50MP 2
336	20260319104411102	015609	18/03/2026	952033	TCOL 605256GBBLACK SMARTP. 6.67"HD+ 8GB 256GB 50MP BLACK 2
337	20260319104411102	015609	18/03/2026	969183	VODA GALAXYA175G128GBVODBLACK SMARTP.SAMS. 6.7" 4GB 128GB 6
338	20260319104411102	015609	18/03/2026	954349	HONO CHOICEWATCH2IBLACK SMART WATCH 1.85" AMOLED BT HR GP 2
339	20260319104411102	015609	18/03/2026	957448	REAL NOTE7OTOBSIDIANBLACK SMARTP.6.74"HD+ 4GB 256GB OBSIDIA 12
340	20260319104411102	015609	18/03/2026	946017	SAMS SMA366BZABEUE SMARTP. 6.64"6GB 128GB GALAXY A36 5G AWE 3
341	20260323060750102	015435	17/03/2026	954999	BEKO BMWEP8147DB LAV.C/FRONT 8KG 1400GIRI CE.A-10% INV.VAP.OBLO NER 2
342	20260323060750102	015435	17/03/2026	959907	CECO 8065 ROBOT ASPIR. AUT.120MIN WIFI CONGA 999 MAP GENESIS 2
343	20260323060750102	015435	17/03/2026	621362	GIRM FE2000 FORNETTO EL. 1380W 20LT NERO/ROSSO 3
344	20260323060750102	015435	17/03/2026	785746	KRUP KP1A3BK M.CAFFE CAPS D.GUSTO 0.8LT PICCOLO XS PAS 2
345	20260323060750102	015435	17/03/2026	869411	IVO HAS36WBU CUFFIA WLSS BT PIEGHEVOLI NERO 4
346	20260323060750102	015435	17/03/2026	869630	JVC HAS36WWU CUFFIA WLSS BT PIEGHEVOLI BIANCO 3
347	20260323060750102	015435	17/03/2026	773215	MOUL AF2031 FRIGGITRICE 1.8LT/1KG FRY UNO PLASTIC BIANCO 1
348	20260323060750102	015435	17/03/2026	950874	INDE BIWDIL861485EU LAVASC.INC. 1400GIRI LAV.8KG/ASC.6KG CE.D 1 1
349	20260323060750102	015435	17/03/2026	896753	SEKO SHDP320NM2XE0 FRIGO 2P. 247LT CE.E NOFROST DARK INOX Li
350	20260323060750102	015435	17/03/2026	972417	CAND EY27SB7S LAV.C/FRONT SLIM 43.9CM 7KG 1200G CE.A-15% INVV 4
351	20260323060750102	015435	17/03/2026	896753	SEKO SHDP320NM2XEO FRIGO 2P. 247LT CE.E NOFROST DARK INOX. 2
352	20260324090244376	016117	19/03/2026	952030	CAND EYT1262DWE1S LAV.C/ALTO 6KG 1200GIRI CE.D NFC 1
353	20260324110001717	016036	19/03/2026	859020	REMI HC5020 REG.CAPELLI RETE SREG. 3-1 8MM BLU 2
354	20260324110001717	016036	19/03/2026	812303	ROWE TN1603 REG.CAPELLI RETE 15REG. 1-12MM LAMA INOX NERO 2
355	20260324110001717	016036	19/03/2026	957380	ARIE 4137BLUE PULITORE A VAPORE 1050W 250ML VAPORI" JET BLUE 2
356	20260324110001717	016036	19/03/2026	786655	ARIE 2757 SCOPARIC. S/SACCO 1LT 22.2V SFILTRI ROSSO/GRIGIO 2
357	20260324110001717	016036	19/03/2026	639655	ARIE 2474 ASPIRABRICIOLE 3.6V 400ML AUT.12MINUTI WET DRY 4
358	20260324110001717	016036	19/03/2026	603984	ARIE 6235 FERRO VAPORE 2000W PIASTRA CERAMICA 300MI. VIOLA 4
359	20260324110001717	016036	19/03/2026	693325	ARIE 924 FORNETTO EL. 1500W 32LT VENT. MAX230GR TIMER NERO 1
360	20260324110001717	016036	19/03/2026	849521	ARIE 579 FRULLATORE 1200W 2VEL.+PULSE BICC.VETRO 1.5LT INOX 3
361	20260324110001717	016036	19/03/2026	469795	DELO EC201CDB M.CAFFE' CIALDE/POLVERE 1050W 15BAR 1LT SILVER/NER 1
362	20260324110001717	016036	19/03/2026	314715	ELET AS42 DECALCIFICANTE LIQUIDO X MACCHINE CAFFE' 10
363	20260324110001717	016036	19/03/2026	802503	GIRM TP1001 TOSTAPANE 750W GLIV.COTTURA 2SCOMP. BIANCO 3
364	20260324110001717	016036	19/03/2026	312384	GIRM TR20SILVERROSSO ‘TRITATUTTO 600W 400ML. LAME ACCIAIO GRIGIO/RO 3
365	20260324110001717	016036	19/03/2026	821476	PHIL DST3010 FERRO VAPORE 2000W PIAST.CERAMICA 2
366	20260324110001717	016036	19/03/2026	960059	PHIL MG3920 REG.BARBA RIC.USB-A 7IN1 VISO+CAPELLI NERO 3
367	20260324110001717	016036	19/03/2026	899157	PHIL S1142 RASOIO RIC. LAME POWERCUT W&D AUT.40MIN GRIGIO 3
368	20260324110001717	016036	19/03/2026	656636	RGV GREENJUICE ESTRATTORE DI SUCCO 150W 2VEL. INOX/NERO 1
369	20260324110001717	016036	19/03/2026	750979	ROWE DW4308 FERRO VAPORE 2500W PIAST.MICROSTEAM BLU 2
370	20260324110001717	016036	19/03/2026	875375	SING SGV002 LEVAPELUCCHI COMPATTO A BATT.AA 4
371	20260324110001717	016036	19/03/2026	858908	LAVZ 18000548 M.CAFFE' CAPSULE LM840 TINY ECO GREEN 5
372	20260324110001717	016036	19/03/2026	927807	MIDE MM20CF2E FORNO M/O 800W 20LT TIMER BIANCO 6
373	20260324110001717	016036	19/03/2026	742959	ARIE 723. BARBECUE 2000W C/VASSOIO RACCOGLIGRASSO 2
374	20260324110001717	016036	19/03/2026	436970	IMET 11140A PIASTRA CAPELLI! 45W CERAMICA MAX210GR E16 100 4
375	20260324110001717	016036	19/03/2026	637999	PHIL HD258390 TOSTAPANE 600W 8PROG. 2SCOMP. NERO
376	20260324110001717	016036	19/03/2026	637999	PHIL HD258390 TOSTAPANE 600W 8PROG. 2SCOMP. NERO
377	20260324110001717	016036	19/03/2026	927876	RUSS 2713056 TRITATUTTO 350W C.VETRO 500ML LAME INOX DESIRE RED
378	20260324110001717	016036	19/03/2026	947262	QBEL QT32HTF8A TV LED 32"HD DVBT2/S2 SMART TIZEN OS STAND CENTRAL
379	20260324110001717	016036	19/03/2026	947262	QBEL QT32HTF8A TV LED 32'HD DVBT2/S2 SMART TIZEN OS STAND CENTRAL
380	20260325093901252	016565	23/03/2026	277601	EMTE ECMMD32GC410 PEN DRIVE 32GB C410 BLU ABISSO 2
381	20260325093901252	016565	23/03/2026	277600	EMTE ECMMD16GC410 PEN DRIVE 16G8 C410 TERRA OCRA 8
382	20260325093901252	016565	23/03/2026	798552	KING DTX64GB PEN DRIVE USB3.2 64GB EXODIA NERO/TEAL 4
383	20260325093901252	016565	23/03/2026	226245	SAND SDCZ60032GB35 PEN DRIVE 32GB CRUZER GLIDE 2
384	20260327072350010	017107	25/03/2026	948628	HISE 40A49Q TV LED 40"FHD 60HZ DVBT2/S2 SMART VIDAA U8.5 4
385	20260327072350010	017107	25/03/2026	948871	SEKO SWMM1410V596 LAV.C/FRONT 10KG 1400GIRI CE.A-10% INVERTE 2
386	20260327072350010	017107	25/03/2026	972417	CAND EY27SB7S LAV.C/FRONT SLIM 43.9CM 7KG 1200G CE.A-15% INVV 4
387	20260327072350010	017107	25/03/2026	964273	SMTE 500G06K TV QLED 50"UHD 4K DVBT2/S2 SMART GOOGLE STAND 4
388	20260327072350010	017107	25/03/2026	962415	SMTE 24HHO1V TV LED 24"HD DVBT2/S2 SMART WHALE TV 4
389	20260327072350010	017107	25/03/2026	684071	SEKO SCFSS5E4GTA CUCINA S0CM 4F/GAS F.ELETT.CL.A COP.SMALT. 1
390	20260327085131392	016855	24/03/2026	976409	APPL MHRV4QLA IPHONE 17E 256GB BLACK 2
391	20260327085131392	016855	24/03/2026	937326	SAMS SMA165FZKBEUE SMARTP.6.7"FHD 4GB 128GB GALAXY A16 LTE 11
392	20260327085131392	016855	24/03/2026	937327	SAMS SMAT65FZABEUE SMARTP.6.7"FHD 4GB 128GB GALAXY A16 LTE 14
393	20260327085131392	016855	24/03/2026	947880	OPPO ASPROFEATHERBLUE SMARTP.6.67"HD+ 8GB 256GB 50+2MP FEA 6
394	20260401061235266	017632	26/03/2026	913044	LAGE AMN664EXV24 CUCINA 60CM 4F/GAS F.ELETT.MULTI.5 AMERICANA INOX
395	20260401061235266	017632	26/03/2026	874916	PHIL BRI940 EPILATORE LUCE PULSATA AACCESS. LUMEA PRESTIGE
396	20260401061235266	017632	26/03/2026	972417	CAND EY27SB7S LAV.C/FRONT SLIM 43.9CM 7KG 1200G CE.A-15% INVV 4
397	20260401061235266	017632	26/03/2026	962513	DAYA DSW814618A1 LAV.C/FRONT SLIM 52CM 8KG 1400GIR.CE.A-10% I 3
398	20260402101924238			869630	SVC HAS36WWU CUFFIA WLSS BT PIEGHEVOLI BIANCO 1
399	20260402101924238			810520	BIGB PSS5HEADSETVI CUFFIA GAMING V1 PER PS5/PS4 NERO 2
400	20260402101924238			879853	ARIE 576DARKGREY FRULLATORE 500W 2VEL+TURBO 1.5LT 4LAME IN 2
401	20260402101924238			841351	BRAU SI10090R FERRO VAPORE 1900W PIAST.NO-STICK TEXSTYLE1 A 2
402	20260402101924238			955715	BRAU 310BT RASOIO RIC. SLAME W&D LED AUT.3OMIN 1ACC+5PETT BL 3
403	20260402101924238			634518	GAMA GH0301 PHON 2300W 2VEL. STEMP. C/BOCCHETTA NERO 6
404	20260402101924238			778058	PANA KXTGB613JTB CORDLESS TRIO 1.4" MEMSONUM CALL BLOCK BL 1
405	20260402101924238			801270	PANA KXTG6851JTB CORDLESS 1.8" 50MEM. V.VOCE C/BLOCCOCHIAM 2
406	20260402101924238			919970	PANA KXTGU410EXB CORDLESS 2.1" VIVOCE MEM.200NUM. HAC ECO 2
407	20260402101924238			758238	DIGA BUNDLETVSAT4K CAM TIVUSAT 4K ULTRA HD 5
408	20260402101924238			754785	TSYS 58040115 CAM 4K TIVUSAT CARD BLACK 5
409	20260402104507517	018060	30/03/2026	961817	APPL MEGTAGLA APPLE WATCH 11 GPS 42MM JET BLACK.BLACK SIM
410	20260402104507517	018060	30/03/2026	949549	BRON AMICOTUO4GBLACK CELL.FLIP 2.4"QVGA BT D.SIM 4G T.SOS BLA
411	20260402104507517	018060	30/03/2026	956830	XIAO REDMI158256SANDYPURPLE SMARTP.6.9"FHD+ 8GB 256GB 50MP
412	20260402104507517	018060	30/03/2026	956832	XIAO REDMI158256MIDNIGHTBLACK SMARTP.6.9"FHD+ 8GB 256GB 50M
413	20260402104507517	018060	30/03/2026	969276	XIAO REDMINOTE158256FORESTGREE SMARTP.6.77"FHD+AMOLED 8G
414	20260402104507517	018060	30/03/2026	969280	XIAO REDMINOTE15PRO8256BLACK SMARTP. 6.77"FHD+ AMOLED 8GB
415	20260402104507517	018060	30/03/2026	969283	XIAO REDMINOTE155G8256BLACK SMARTP. 6.77"FHD+AMOLED 8GB 25
416	20260402104507517	018060	30/03/2026	922231	TCL S50PRONXTPAPERSGMIDNIGHTBL SMARTP.6.8"FHD+ 8GB 512GB 1
417	20260402104507517	018060	30/03/2026	973543	REAL RI6PROPLUSSGMASTERGOLD SMARTP. 6.8"OLED 1.5K 12GB 512 1
418	20260402104507517	018060	30/03/2026	961822	APPL MEPC4QLA APPLE WATCH SE 3 GPS+CEL 40MM MIDNIGHT S.BAN 1
419	20260402104507517	018060	30/03/2026	927230	APPL MYOYSZMA CUFFIA AURICOLARE EARPODS USB-C BIANCO 8
420	20260402104507517	018060	30/03/2026	961837	APPL MFHPAZMA AURICOLARE BT AIRPODS PRO 3 2
421	20260402104507517	018060	30/03/2026	756609	BRON AMICOHOMENERO CELL. SENIOR 1.77" D.SIM BT SOS NERO 6
422	20260402104507517	018060	30/03/2026	770173	BRON AMICOFAVOLOSONERO CELL.QB SENIOR 2.8"FLIP D.SIM BT SOS 6
423	20260402104507517	018060	30/03/2026	815996	BRON AMICOSUPERVOICE CELL.SENIOR QB 2.8" FLIP DUALSIM SOS NE 2
424	20260402104507517	018060	30/03/2026	883551	BRON AMICOSTILOSO CELL. QB 2.4" DUALSIM BT SOS NERO C/COVER 2
425	20260402104507517	018060	30/03/2026	917121	BRON AMICOLEALENEROMETAL CELL. FLIP QB 2.8" DUALSIM BT TASTO 6
426	20260402104507517	018060	30/03/2026	924254	BRON STRIKE4GDARKGREY CELL. FLIP 2.8"QVGA DUALSIM BT 4G DAR 2
427	20260402104507517	018060	30/03/2026	949550	BRON AMICODICASAPIUBLACK CELL. QB 2.4"QVGA BT D.SIM T.SOS BLA 4
428	20260402104507517	018060	30/03/2026	962162	BRON AMICOFLASHBLACK CELL.SENIOR QB 2" D.SIM BT TAST.SOS+BA 4
429	20260403102920197	018754	01/04/2026	928374	APPL MYEASQLA IPHONE 16 6.1"OLED A18 128GB PINK 2
430	20260403102920197	018754	01/04/2026	928375	APPL MYESSQLA IPHONE 16 6.1"OLED A18 128GB WHITE 2
431	20260403102920197	018754	01/04/2026	963770	MOTO MOTOG064256TENDRIL SMARTP. 6.88"HD+ 4GB 256GB 50MP IP64 4
432	20260403102920197	018754	01/04/2026	963771	MOTO MOTOG064256TAPESTRY SMARTP. 6.88"HD+ 4GB 256GB 50MP IP 2
433	20260403102920197	018754	01/04/2026	947879	OPPO ASPROSGBLACKBROWN SMARTP.6.67"HD+ 8GB 256GB 50+2MP 5 4
434	20260403102920197	018754	01/04/2026	946006	SAMS SMAS66BZKCEUE SMARTP. 6.7" 8GB 256GB GALAXY A56 5G AWE 2
435	20260403102920197	018754	01/04/2026	946010	SAMS SMAS66BZACEUE SMARTP. 6.7" 8GB 256GB GALAXY A56 5G AW.L 3
436	20260403102920197	018754	01/04/2026	946012	SAMS SMA5G6BLICEUE SMARTP. 6.7" 8GB 256GB GALAXY A56 5G AWES 3
437	20260403102920197	018754	01/04/2026	956830	XIAO REDMI158256SANDYPURPLE SMARTP.6.9"FHD+ 8GB 256GB 50MP 6
438	20260403102920197	018754	01/04/2026	956832	XIAO REDMI158256MIDNIGHTBLACK SMARTP.6.9"FHD+ 8GB 256GB 50M 6
439	20260403102920197	018754	01/04/2026	969283	XIAO REDMINOTE155G8256BLACK SMARTP. 6.77"FHD+«AMOLED 8GB 25 2
440	20260407091944272	018873	02/04/2026	865201	BEGH 9136 CELL.SENIOR D.SIM SOS C/BASE RIC. SLV1î NERO 6
441	20260407091944272	018873	02/04/2026	948142	XIAO REDMIA5364GOLD SMARTP. 6.88"3GB 64GB 32+32MP SANDY GOL 6
442	20260407091944272	018873	02/04/2026	948143	XIAO REDMIA5364GREEN SMARTP. 6.88"3GB 64GB 32+32MP LAKE GRE 4
443	20260407091944272	018873	02/04/2026	969281	XIAO REDMINOTE155G8256GLACIERB SMARTP. 6.77"FHD+AMOLED 8G 2
444	20260408062251602	018587	31/03/2026	926733	EKO K320HD TVLED 32"HD DVBT2/S2 12
445	20260408062251602	018587	31/03/2026	948629	HISE 32A49Q TV LED 32"HD 60HZ DVBT2/S2 SMART VIDAA U8.5 2
446	20260410104030291	019882	09/04/2026	800505	EMTE ECMMD32GB113 PEN DRIVE 32GB USB3.2 CLICK&EASY BLU 4
447	20260410104030291	019882	09/04/2026	705473	EMTE ECMSDMS64GXC10CG MEM.MICRO SDXC 64GB CL.10 L.20MB/S S. 4
448	20260410104030291	019882	09/04/2026	801104	KING DTX128GB PEN DRIVE USB3.2 GEN1 128GB EXODIA NERO/GIALL 4
449	20260410104030291	019882	09/04/2026	851498	KING DTXM64GB PEN DRIVE 64GB USB3.2 DATATRAVELER EXODIA M 2
450	20260410104030291	019882	09/04/2026	959915	KING $DCS3128GB MEM.MICRO SDXC 128GB V10 A1 C/ADATT. 150 Mb/ 4
451	20260410104030291	019882	09/04/2026	287018	SAND SDCZ48032GU46 PEN DRIVE 32GB USB3.0 80MB/S CRUZER ULTR 4
452	20260410104030291	019882	09/04/2026	948330	NINT 10015151 CONSOLE SWITCH 2 L.BLUE/L.RED 1
453	20260410104030291	019882	09/04/2026	948338	MOTO MOTOG15POWER8512GBIGUANAG SMARTP. 6.72"FHD+ 8GB 512 2
454	20260410115324602	019557	07/04/2026	810520	BIGB PSSHEADSETVI CUFFIA GAMING V1 PER PS5/PS4 NERO 2
455	20260410115324602	019557	07/04/2026	949967	BEKO WITS8A4BW LAV.INC. 8KG 1400GIRI CE.A 15PROG.D.TOUCH INV.VAP 1
456	20260410115324602	019557	07/04/2026	916308	LAGE SE965GNE24 CUCINA 90CM 5F/GAS F.GAS VENT. NERO 1
457	20260410115324602	019557	07/04/2026	656376	ROWE RH8133WA SCOPA ELETT.S/SACCO 750W 0.9LT PARQUET ROSSA 1
458	20260410115324602	019557	07/04/2026	960345	SABA SA24S89VDA TV LED 24"HD DVBT2/S2 SMART VIDAA TIVUSAT 6
459	20260410115324602	019557	07/04/2026	948028	TCL 55P69K TV LED 55"UHD 4K DVBT2/S2 SMART GOOGLE TV 4
460	20260410115324602	019557	07/04/2026	972418	CAND EY281DW41S. LAV.C/FRONT 8KG 1200GIRI CE.B 1I5PROG. 4
461	20260410115324602	019557	07/04/2026	966872	SEKO SWMHMN127S.LAV.C/FRONT SLIM 46.5CM 7KG 1200GIRI CE.A VA 6
462	20260410115324602	019557	07/04/2026	938157	SEKO SHCB350NM2XE1 COMBI 293LT CE.E NOFROST 3RIP.VETRO INO 4
463	20260410115324602	019557	07/04/2026	972418	CAND EY281DW41S LAV.C/FRONT 8KG 1200GIRI CE.B 15PROG. 1
464	20260410115324602	019557	07/04/2026	950323	INDE 102350HX FORNO 60CM 66LT MULTIF. CL.A INOX 1
465	20260410115324602	019557	07/04/2026	961583	SAMS UE43U8000FUXZT TV LED 43"CRYSTAL UHD 4K DVBT2/S2 SMART 1
466	20260410115324602	019557	07/04/2026	963640	LGE GBBS323CEV COMBI 375LT CE.C NOFROST INV. WIFI AI BLACK S 1
467	20260410115324602	019557	07/04/2026	949345	LGE SS5UA75006LA TV LED 55"UHD 4K DVBT2/S2 SMART WEBOS 1
468	20260410115324602	019557	07/04/2026	948636	HISE 50A69Q TV LED 50"UHD 4K 60HZ DVBT2/S2 SMART VIDAA U9 1
469	20260414123951654	020588	13/04/2026	961837	APPL MFHPAZMA AURICOLARE BT AIRPODS PRO 3 2
470	20260414123951654	020588	13/04/2026	931900	XIAO BHR8776GL AURICOLARE BT WLSS REDMI BUDS 6 PLAY BLACK 6
471	20260414123951654	020588	13/04/2026	931902	XIAO BHR8773Gl. AURICOLARE BT WLSS REDMI BUDS 6 PLAY WHITE 6
472	20260415092043107	019987	09/04/2026	961596	BEUR HC25LTDED2025 PHON 1600W 2VEL 2TEMP DA VIAGGIO NERO 2
473	20260415092043107	019987	09/04/2026	452545	ELET AS44 DECALLIQUIDO X FERRI DA STIRO A VAPORE 3
474	20260415092043107	019987	09/04/2026	314715	ELET AS42 DECALCIFICANTE LIQUIDO X MACCHINE CAFFE' 6
475	20260415092043107	019987	09/04/2026	259694	GAGG 21001681 DECALCIFICANTE X MACC.CAFFE' 250ML 1 UNIT 12
476	20260415092043107	019987	09/04/2026	949985	ROWE TN8934 REG.BARBA/CAPELLI RIC/RETE L.INOX TRIM&STYLE 8INT 3
477	20260415092043107	019987	09/04/2026	812303	ROWE TN1603 REG.CAPELLI RETE 15REG. 1-12MM LAMA INOX NERO 2
478	20260415092043107	019987	09/04/2026	957378	ARIE 4175BLUE SCOPA A VAPORE 1500W 350ML STEAM MOP 10IN1 BLUE 4
479	20260415092043107	019987	09/04/2026	892772	ARIE 4626BIANCO FRIGGITRICE AD ARIA 1300W 6LT BIANCO 2
480	20260415092043107	019987	09/04/2026	218449	ARIE 561 FRULLATORE 300W 0.8LT 3VEL. LAMA INOX BLENDY METAL 4
481	20260415092043107	019987	09/04/2026	167352	ARIE 881 FRULL.IMMERS. 200W 2VEL, LAMA/PIEDE INOX PIMMY200 4
482	20260415092043107	019987	09/04/2026	810428	ARIE 438BLU TRITATUTTO 400W 600ML 2VEL. 4LAME INOX BLU 2
483	20260415092043107	019987	09/04/2026	830161	BEKO VRT50121VR. SCOPA RIC. S/SACCO 0.55LT 21 -8V CYCLONIC NER/ROSSO 2
484	20260415092043107	019987	09/04/2026	859531	BRAU MQ10001P_ MINIPIMER 450W0.6LT MULTIQUICK1 4
485	20260415092043107	019987	09/04/2026	946514	BRAU MQ50202 MINIPIMER 1000W 21VEL. MULTIQUICK5 NERO 1
486	20260415092043107	019987	09/04/2026	956835	CECO A01EU01114731 SCOPARIC. S/SACCO 1.2LT 25.2V CONGA ROCKSTAR P5 1
487	20260415092043107	019987	09/04/2026	294091	DELO E020792 FORNETTO ELETT.1300W 20LT CIGRILL 700W 7FUNZ.TIMER 1
488	20260415092043107	019987	09/04/2026	469795	DELO EC201CDB M.CAFFE'CIALDE/POLVERE 1050W 15BAR 1LT SILVER/NER 3
489	20260415092043107	019987	09/04/2026	784669	GIRM FR0301 FRULLATORE 170W PULSE 500ML 4LAME INOX BIANCO 6
490	20260415092043107	019987	09/04/2026	312384	GIRM TR20SILVERROSSO TRITATUTTO 600W 400ML LAME ACCIAIO GRIGIO/RO 2
491	20260415092043107	019987	09/04/2026	230376	MELC 118330011 TOSTIERA 750W PIASTRE ANTIADERENTI TOSTINA NEW 2
492	20260415092043107	019987	09/04/2026	785456	MOUL HM450B SBATTITORE 450W 5VEL+TURBO BIANCO 2
493	20260415092043107	019987	09/04/2026	729717	MOUL DD45A1 FRULL.IMMERS.450W 0.8LT 2VEL+TURBO EASYCHEF BIANCO 3
494	20260415092043107	019987	09/04/2026	927048	MOUL DP7108 TRITATUTTO 800W 0.5LT 2LAME INOX LA MOUL.ECORESPEC 2
495	20260415092043107	019987	09/04/2026	756937	PANA ERGC53K503 REG.CAPELLI RIC/RETE 20REG. 0.5-10MM WET/DRY NERO 3
496	20260415092043107	019987	09/04/2026	899157	PHIL $1142. RASOIO RIC. LAME POWERCUT W&D AUT.40MIN GRIGIO 4
497	20260415092043107	019987	09/04/2026	634870	REMI D1500 PHON 2600W 2VEL 2TEMP DA VIAGGIO C/DIEFUS, NERO 3
498	20260415092043107	019987	09/04/2026	370404	REMI ACS999 PHON 2300W 2VEL.3TEMP.IONI C/CONCENT/DIFFUSORE NER 3
499	20260415092043107	019987	09/04/2026	947686	ROWE RH1127. SCOPA RIC. S/SACCO 2IN1 0.44LT 14.4V X-NANO 1
500	20260415092043107	019987	09/04/2026	785697	ROWE DX1635. FERRO VAPORE 2400W PIAST.MICROSTEAM300 MARRONE 2
501	20260415092043107	019987	09/04/2026	836135	ROWE DX1510 FERRO VAPORE 2000W PIAST.INOX EFFECTIVE BIA/GRIGIO 2
502	20260415092043107	019987	09/04/2026	248845	RUSS 1788856 TOSTAPANE A PIASTRA 1800W 3IN1 ANTIAD. GRIGIO 2
503	20260415092043107	019987	09/04/2026	927876	RUSS 2713056 TRITATUTTO 350W C.VETRO 500ML LAME INOX DESIRE RED 2
504	20260415092043107	019987	09/04/2026	684015	RUSS 2384070 BOLLITORE EL.1 000W 0.85LT BIANCO 3
505	20260415092043107	019987	09/04/2026	901141	EZVI {NE770 PANNELLO SOLARE DI RICARICA USB-C 2
506	20260415092043107	019987	09/04/2026	877515	LOGI 910006652 MOUSE WIRED M100 BLACK 6
507	20260415092043107	019987	09/04/2026	957025	LOGI 920013534 TASTIERA+MOUSE WIRELESS BT MK250 COMBO GRAPHITE 4
508	20260415092043107	019987	09/04/2026	899483	TRUS 25136 HUBUSB-C SPORTE USB-C HALYX 2
509	20260415092043107	019987	09/04/2026	188869	TRUS 17595 CASSEPC8W JACK 3.5MM USB REMO NERO 4
510	20260415092043107	019987	09/04/2026	810789	TRUS 24191 HUBSPORTE USB-C CARD READER HALYX FAST 4
511	20260415092043107	019987	09/04/2026	881482	TRUS 24948 HUB USB 4PORTE USB-C/USB3.2 HALYX GRIGIO 4
512	20260415092043107	019987	09/04/2026	810520	BIGB PSSHEADSETVI CUFFIA GAMING V1 PER P$5/PS4 NERO 2
513	20260415092043107	019987	09/04/2026	656636	RGV GREENJUICE ESTRATTORE DI SUCCO 150W 2VEL. INOX/NERO 3
514	20260415092043107	019987	09/04/2026	976811	CECO 4967 FRIGGITRICE AD ARIA 1700W FANTASTIK WINDOW 6500 4
515	20260415092043107	019987	09/04/2026	976593	CECO A01EU01110329 PHON 1600W DISP.DIG. DRYNOVA 3 IN 1 MINT 4
516	20260415092043107	019987	09/04/2026	831534	DELO EC235BK M.CAFEE CIALDE/POLVERE 1100W 1LT NERO 2
517	20260415092043107	019987	09/04/2026	931405	POLT PLEU0248 FERRO CAR.CONT. 2200W 1.5LT VAPORELLA SIMPLY 10.09 2
518	20260415092136853	020075	09/04/2026	919225	BEKO BMWU3941A LAV.C/FRONT 9KG 1400GIRI CE.A INVERTER VAPOR 2
519	20260415092136853	020075	09/04/2026	969006	QBEL QTFSOT TV LED 50"HD DVBT2/S2 SMART TIZEN 4
520	20260415092136853	020075	09/04/2026	955709	DAYA DSDP210XE FRIGO 2P. 210LT CE.E STATICO DEFROST INOX 4
521	20260415092136853	020075	09/04/2026	964927	SMTE 40FHO1V TV LED 40"FHD DVBT2/S2 SMART WHALE TV 4
522	20260415092136853	020075	09/04/2026	948637	HISE 43A69Q TV LED 43"UHD 4K 60HZ DVBT2/S2 SMART VIDAA U9 1
523	20260417073313475	021081	14/04/2026	962085	CAND EY284DWM51S LAV.C/FRONT 8KG 1200GIRI CE.A INVERTER 4
524	20260420094115549	021437	16/04/2026	937326	SAMS SMA165FZKBEUE SMARTP.6.7"FHD 4GB 128GB GALAXY A16 LTE 30
525	20260421090653120	021636	16/04/2026	855180	INDE BTWL60400IT LAV.C/ALTO 6KG 1000GIRI CE.C 1
526	20260421090653120	021636	16/04/2026	841294	BEKO DVN05320X LAVAST.13COP CE.E DISP.LED INOX 1
527	20260421090653120	021636	16/04/2026	378150	MOUL AR110. MACINACAFFE' 180W 50GR METALLO NERO 5
528	20260421090653120	021636	16/04/2026	838707	SAMS EPT1510XWEGEU CARICABATT.RETE C/CAVO TYPE-C 15W FASTCHARGE 6
529	20260421090653120	021636	16/04/2026	838709	SAMS EPTISIONWEGEU CARICABATT.RETE USB TYPE-C 15W PD FASTCHARGE 4
530	20260421090653120	021636	16/04/2026	928043	CANO TR47561 MF.INKJET 4IN1 F/R 8.8-4.4IPM COL. ADF PIXMA BIANC 3
531	20260421090653120	021636	16/04/2026	965903	CANO TS65501 MF.INKJET 14IPM F/R 2CART.WIFI OLED 1.42" PIXMA 3
532	20260421090653120	021636	16/04/2026	862442	EPSO C11CK64402 MF.INKJET 33PPM 4CART. LCD WIFI WF-2910DWF 1
533	20260421090653120	021636	16/04/2026	899708	DIGO RICD1244 RICEV.DVBT2 STICK HDMI USB NERO 5
534	20260421090653120	021636	16/04/2026	801246	DIGQ RICD1217 RICEV.DVBT/T2 12V SCART/HDMI USB2.0 CEC 2TEL G9 1
535	20260421090653120	021636	16/04/2026	801246	DIGQ RICD1217 RICEV.DVBT/T2 12V SCART/HDMI USB2.0 CEC 2TEL G9 4
536	20260423103422773	022738	22/04/2026	948336	MOTO MOTOG565G8256GBBLACKOYSTE SMARTP. 6.72"FHD+ 8GB 256G 4
537	20260423103422773	022738	22/04/2026	967925	SAMS SMA175FZKBEUE SMARTP., 6.7"4GB 128GB GALAXY A17 LTE BLA 4
538	20260423103422773	022738	22/04/2026	948140	XIAO REDMIA54128BLUE SMARTP, 6.88"4GB 128GB 32+32MP OCEAN B 10
539	20260424102108598	022266	21/04/2026	976714	SAMS SMA376BZABEUE SMARTP.6.6"6GB 128GB GALAXY A37 5G AWES 2
540	20260424102108598	022266	21/04/2026	976720	SAMS SMAS576BZABEUE SMARTP.6.7"8GB 128GB GALAXY A57 5G AWES 2
541	20260424102108598	022266	21/04/2026	976722	SAMS SMA576BDBBEUE SMARTP.6.7" 8GB 128GB GALAXY AS7 5G AWE 2
542	20260424102108598	022266	21/04/2026	961852	APPL MGEN4ZQLA IPHONE 17 256GB SAGE 2
543	20260424102108598	022266	21/04/2026	961854	APPL MGEL4QLA IPHONE 17 256GB MIST BLUE 2
544	20260424102108598	022266	21/04/2026	961856	APPL MG6J4QLA IPHONE 17 256GB BLACK 2
545	20260424102119373	022250	21/04/2026	865199	BEGH 9138 CELL.SENIOR 2.4"FLIP VIVAVOCE SOS SLV18 SILVER 6
546	20260424102119373	022250	21/04/2026	972239	OPPO A6KCRYSTALBLACK SMARTP. 6.75"HD+ 4GB 256GB CRYSTAL BL 2
547	20260424102119373	022250	21/04/2026	946014	SAMS SMA366BZKGEUE SMARTP. 6.64"8GB 256GB GALAXY A36 5G AWE 2
548	20260424103813328	023101	23/04/2026	896752	SEKO SHCB34SM1XE0 COMBI 262LT CE.E.STATICO INOX 4
549	20260424103813328	023101	23/04/2026	963704	SMTE 40Q0G01V TV QLED 40"FHD DVBT2/S2 SMART GOOGLE TV 4
550	20260424103813328	023101	23/04/2026	933880	AMAZ BOCOQMWQDH4 FIRETV STICK HD 2
551	20260424103813328	023101	23/04/2026	928429	TRUS 25447 CUFFIA GAMING GXT492 CARUS NERO 2
552	20260424103813328	023101	23/04/2026	780294	PANA RBM300BEK CUFFIA WLSS PADIGLIONE 20-20000HZ 340HM NERO 4
553	20260424103813328	023101	23/04/2026	880258	TRUS 24966 MOUSE WIRELESS BT.PRIMO NERO 4
554	20260424103813328	023101	23/04/2026	962966	TRUS 26062 HUBUSB-C 5PORTE 2USB-C/2USB-A/HDMI DALYX GRIGIO 4
555	20260424103813328	023101	23/04/2026	945220	BRAU AIO5540 REG.BARBA/CAPELLI 9IN1 RIC. 14LUNGH.+7PETT.+CUSTOD 2
556	20260424103813328	023101	23/04/2026	718897	BLDE NVCTISIL ASPIRABRICIOLE 3.6V 325ML LITIO RIC.IACK 6
557	20260424103813328	023101	23/04/2026	902646	DELO EDG226W M.CAFFE CAPS 1460W 0.8LT DOLCE GUSTO GENIO SWHITE 3
558	20260424103813328	023101	23/04/2026	945436	MELC 118340049 FRIGGITRICE AD ARIA 2000W 6.5LT OLIVIA NERO 1
559	20260424103813328	023101	23/04/2026	753672	POLT PBEUO116 SCOPA RIC. SISACCO 0.5LT 22V FORZASPIRA SLIM SR908 3
560	20260424103813328	023101	23/04/2026	235213	REMI D3015 PHON 2000W CERAMIC CICONCENTR. IONI ECO BIANCO 6
561	20260424103813328	023101	23/04/2026	969010	QBEL QT24HTF8A12V TVLED 24"HD T2/S2 SMART TIZEN HOTEL MODE C/ADATT 8
562	20260424103813328	023101	23/04/2026	193698	ALPH 9570801GB CAVO PATCH CAT 1M U/UTP GRI.CU.POL 10
563	20260424103813328	023101	23/04/2026	180806	ALPH 9570802GB CAVO PATCH CAT6 2M U/UTP GRI.CU.POL 10
564	20260424103813328	023101	23/04/2026	928421	TRUS 25548 WEB CAM FULL HD TANOR 5
565	20260424103813328	023101	23/04/2026	956177	DAYA DMDP204EWE FRIGO 2P. 204LT.CEE STATICO DEFROST BIANCO
566	20260424103813328	023101	23/04/2026	965461	SABA SASSKMIOVDA TV LED SS"UHD 4K DVBT2/S2 SMART VIDAA
567	20260424103813328	023101	23/04/2026	963706	SMTE 32QG01V TV QLED 32"FHD DVBT2/S2 SMART GOOGLE TV
568	20260424103813328	023101	23/04/2026	919225	BEKO BMWU3941A LAV.C/FRONT 9KG 1400GIRI CE.A INVERTER VAPOR
569	20260428102719884	023620	27/04/2026	956778	MOTO MOTOGO58256GBDENIMBEYET SMARTP-6.67"HD+ 8GB 256GB 50+ 6
570	20260428102719884	023620	27/04/2026	977808	XIAO REDMIA7PRO4128MISTBLUE SMARTP. 6.9"HD+ 4GB 128GB 13+13 3
571	20260428102719884	023620	27/04/2026	977809	XIAO REDMIA7PRO4128BLACK SMARTP. 6.9"HD+ 4GB 128GB 13+13MP 3
572	20260428102719884	023620	27/04/2026	953697	XIAO BHRO7PYGL SMART WATCH 1.72"BT SMART BAND 10 MIDNIGHT 4
573	20260430090755742	022946	23/04/2026	859532	BRAU MQ10201M MINIPIMER 450W 0.6LT MULTIQUICK1 +ACCESSORI 6
574	20260430090755742	022946	23/04/2026	975018	DELO EDG335W M.CAFFE CAPS 0.8LT DOLCE GUSTO MINI ME 2 BIANCO 6
575	20260430090755742	022946	23/04/2026	844007	MELC 118380034 FORNETTO EL. 1500W 32LT VENT. TIMER DEVIL 32 10
576	20260430090755742	022946	23/04/2026	945436	MELC 118340049 FRIGGITRICE AD ARIA 2000W 6.5LT OLIVIA NERO 5
577	20260430090755742	022946	23/04/2026	954265	ARDE ARFOEL05 FORNELLO ELETTR. 2PIASTRE IN GHISA 2500W FOCUS DUO 4
578	20260504075030214	024007	28/04/2026	905666	SEKO SHCB34SM1WE0 COMBI 262LT CE.E STATICO SRIP.CRISTALLO BI 1
579	20260504075030214	024007	28/04/2026	952030	CAND EYT1262DWE1S LAV.C/ALTO 6KG 1200GIRI CE.D NFC 4
580	20260504075030214	024007	28/04/2026	952854	DAYA DMCP99IME CONG.ORIZZ. 99LT CE.E INVERTER 4
581	20260504075030214	024007	28/04/2026	949610	SAMS QE43Q7FAAUXZT TV QLED 43"UHD 4K DVBT2/S2 SMART TIZEN 3
582	20260505105618321	024870	04/05/2026	936394	MOTO MOTOG355GMIDNIGHTBLACK SMARTP.6.72"FHD+ 4GB 256GB 50+ 4
583	20260505105618321	024870	04/05/2026	972107	PANA KXTF600EXB CELL.FEATUREPHONE 2.8"BT 0.3MP V.VOCE IP44 4 6
584	20260505105618321	024870	04/05/2026	973762	VODA A6X4128GBVODTITANIUMPURPL SMARTP.OPPO 6,75" 4GB 128GB 4
585	20260505105618321	024870	04/05/2026	955345	XIAO REDMI15C4128SUNRISEORANGE SMARTP. 6.9" 4GB 128GB 50MP 5
586	20260505105618321	024870	04/05/2026	945650	APPL MDIR4QLA IPHONE 16E 6.1"OLED 128GB 48+24+12MP 5G IP68 W 2
587	20260505105618321	024870	04/05/2026	945651	APPL MD1Q4QLA IPHONE 16E 6.1"OLED 128GB 48+24+12MP 5G IP68 BL 1
588	20260506103610151	024953	05/05/2026	946016	SAMS SMA366BZAGEUE SMARTP. 6.64"8GB 256GB GALAXY A36 5G AWE 2
589	20260507094056217	023831	28/04/2026	701050	BIGB PS4OFHEADSETV3 CUFFIA GAME LICENZA SONY PC/CONSOLE NERO 4
590	20260507094056217	023831	28/04/2026	952888	INDE IMA762MYTIMEIT. LAV.C/FRONT SLIM 47.4CM 7KG 1200GIRI CE.A INVERT 8
591	20260507094056217	023831	28/04/2026	888772	PHIL X3003. RASOIO RIC. LAME POWERCUT 4D FLEX W&D AUT.40MIN 6
592	20260507094056217	023831	28/04/2026	661789	ARIE 1598 IMPASTATORE 2100W 7LT 6VEL.CIOT.1.5LT BLEND. VETRO 4
593	20260507094056217	023831	28/04/2026	946514	BRAU MQ50202 MINIPIMER 1000W 21VEL. MULTIQUICK5 NERO 2
594	20260507094056217	023831	28/04/2026	858909	LAVZ 18000533 M.CAFFE' CAPSULE LM840 TINY ECO WHITE 6
595	20260507094056217	023831	28/04/2026	836135	ROWE DX1510 FERRO VAPORE 2000W PIAST.INOX EFFECTIVE BIA/GRIGIO 6
596	20260507094056217	023831	28/04/2026	693324	ARIE 926 FORNETTO EL. 1800W 48LT VENT. MAX230GR TIMER NERO 1
597	20260507094056217	023831	28/04/2026	947370	HISE WF1Q8041BW LAV.C/FRONT 8KG 1400GIRI CE.A-20% 4
598	20260507094056217	023831	28/04/2026	947229	EKO K320HDGC TV LED 32"HD SMART GOOGLE TV C/STAND CENTRAL 15
599	20260507094056217	023831	28/04/2026	948637	HISE 43A69Q TV LED 43"UHD 4K 60HZ DVBT2/S2 SMART VIDAA U9 4
600	20260507094056217	023831	28/04/2026	976770	LGE 43UA731C0LA TV LED 43"UHD 4K DVBT2/S2 SMART WEBOS 4
601	20260507094056217	023831	28/04/2026	913449	QBEL QT32B8A TV LED 32"HD DVBT2/S2 HDMI USB 8
602	20260507094056217	023831	28/04/2026	960000	THOM 24HG2S15C TV LED 24"HD DVBT2/S2 SMART GOOGLE TV 12V 4
603	20260508064310966	025192	05/05/2026	950977	INDE BTWB7251PIT. LAV.C/ALTO 7KG 1200GIRI CE.B DISP.DIGITAL.INVE 1
604	20260508064310966	025192	05/05/2026	948866	SEKO SHSFT94SWE0 FRIGO TAVOLO 92LT CEE 2
605	20260508064310966	025192	05/05/2026	915077	LAVZ 18001402 M.CAFFE CAPSULE 10BAR O.6LT LM860 JOLIE EVO WHI 2
606	20260508064310966	025192	05/05/2026	956177	DAYA DMDP204EWE FRIGO 2P. 204LT CE.E STATICO DEFROST BIANCO 2
607	20260508064310966	025192	05/05/2026	951121	TSYS 58010100 RICEV.DVBS2 TIVUSAT C/SMARTCARD TS9019 5
608	20260508064310966	025192	05/05/2026	972253	THOM 55UG4S15 TV LED 55"UHD 4K DVBT2/S2 SMART GOOGLE TV 2
609	20260508104241263	025530	07/05/2026	973584	SAMS SMS947BLBDEUE SMARTP, 256GB S26 PLUS SKY BLUE 2
610	20260508104241263	025530	07/05/2026	973587	SAMS SMS942BZKHEUE SMARTP. 512GB S26 BLACK 2
611	20260508104241263	025530	07/05/2026	973590	SAMS SMS942BZWHEUE SMARTP. 512GB 526 WHITE 2
612	20260508104241263	025530	07/05/2026	770173	BRON AMICOFAVOLOSONERO CELL.QB SENIOR 2.8"FLIP D.SIM BT SOS 6
613	20260508104241263	025530	07/05/2026	839179	BRON STONEPIUBIANCO CELL.FLIP QB 2.4" DUALSIM BT 1.3MP LED BIA 4
614	20260508104241263	025530	07/05/2026	883551	BRON AMICOSTILOSO CELL. QB 2.4" DUALSIM BT SOS NERO C/COVER 2
615	20260508104241263	025530	07/05/2026	917121	BRON \AMICOLEALENEROMETAL CELL. FLIP QB 2.8" DUALSIM BT TASTO 6
616	20260508104241263	025530	07/05/2026	924254	BRON STRIKE4GDARKGREY CELL. FLIP 2.8"QVGA DUALSIM BT 4G DAR 2
617	20260508104241263	025530	07/05/2026	934092	BRON PRESIDENTBLUMETAL CELL. QB 3“FLIP 1.3MP EM D.SIM BT BLU 4
618	20260508104241263	025530	07/05/2026	949834	BRON AMICOUNICOPIUBLACK CELL. QB 2" D.SIM BT TASTO SOS 1.3MP+ 6
619	20260508104241263	025530	07/05/2026	969334	BRON AMICOSINCEROPIUBLACK CELL.QB 2.4"FLIP D.SIM 1.3MP BT T.SO 4
620	20260508104241263	025530	07/05/2026	955344	XIAO REDMI15C4128BLUE SMARTP. 6.9" 4GB 128GB 50MP BLUE 5
621	20260508104241263	025530	07/05/2026	946015	SAMS SMA366BZKBEUE SMARTP. 6.64"6GB 128GB GALAXY A36 5G AWE 4
622	20260508104241263	025530	07/05/2026	980428	SAMS SMAI165FZKBEEE SMARTP.6.7" 4GB 128GB GALAXY A16 LTE ENT 5
623	20260508104241263	025530	07/05/2026	969276	XIAO REDMINOTE158256FORESTGREE SMARTP.6.77"FHD+AMOLED 8G 6
624	20260508104241263	025530	07/05/2026	969277	XIAO REDMINOTE158256BLACK SMARTP. 6.77"FHD+ AMOLED 8GB 256 6
625	20260511103405951	025163	05/05/2026	973000	TRUS 26141 WEB CAM 2K QHD TOMAR BLACK 4
626	20260511103405951	025163	05/05/2026	905660	SEKO SHMTO6SMIUEO FRIGO TAVOLO 41LT CE.E NERO 1
627	20260511103405951	025163	05/05/2026	888246	TOSH HDTB520EK3AA HD EST.2.5"2TB 5000RPM CANVIO BASICS USB3.2 NERO 1
628	20260511103405951	025163	05/05/2026	702997	IMET 11665 PHON PROF. 2300W 2VEL. 3TEMP. MY PRO P5 NERO/RAME 1
629	20260511103405951	025163	05/05/2026	943948	ELET ACCFR2 FILTRI CARTA QUADRATI PER FRIGGITRICI AD ARIA S0PZ 3
630	20260511103405951	025163	05/05/2026	314715	ELET AS42 DECALCIFICANTE LIQUIDO X MACCHINE CAFFE' 10
631	20260511103405951	025163	05/05/2026	832864	PHIL $5466 RASOIO RIC 3LAME W&D LED AUT.S0MIN C/RIFINIT, BLUE 1
632	20260511103405951	025163	05/05/2026	8838772	PHIL X3003 RASOIO RIC. LAME POWERCUT 4D FLEX W&D AUT .40MIN 4
633	20260511103405951	025163	05/05/2026	954266	ARDE ARFOEL04 FORNELLO ELETTR. 1PIASTRA IN GHISA 1500W FOCUS 4
634	20260511103405951	025163	05/05/2026	603984	ARIE 6235 FERRO VAPORE 2000W PIASTRA CERAMICA 300ML VIOLA 4
635	20260511103405951	025163	05/05/2026	893326	ARIE 922. FORNETTO EL. 1500W 24LT VENT. MAX230GR TIMER NERO 2
636	20260511103405951	025163	05/05/2026	879853	ARIE S76DARKGREY FRULLATORE 500W 2VEL+TURBO 1.5LT 4LAME INOX D.GR 4
637	20260511103405951	025163	05/05/2026	957385	ARIE 437GRIGIO TRITATUTTO 400W 700ML 4LAME INOX 2VEL. GRIGIO 4
638	20260511103405951	025163	05/05/2026	841351	BRAU SIT0090R FERRO VAPORE 1900W PIAST.NO-STICK TEXSTYLE1 ARANC. 3
639	20260511103405951	025163	05/05/2026	294091	DELO E020792 FORNETTO ELETT.1300W 20LT C/GRILL 700W 7FUNZ.TIMER 1
640	20260511103405951	025163	05/05/2026	469795	DELO EC201CDB M.CAFFE' CIALDE/POLVERE 1050W 15BAR 1LT SILVER/NER 3
641	20260511103405951	025163	05/05/2026	888578	GAMA GH0825 PHON 2200W 2VEL. 3TEMP. BORA ION GOLD 4
642	20260511103405951	025163	05/05/2026	873957	IMET 11860 PHON 2300W 2VEL. STEMP. ION BELLISSIMA KS 2500 4
643	20260511103405951	025163	05/05/2026	773216	MOUL LM4351 FRULLATORE 800W 2VEL. BLEND.VETRO 1.75LT WHITE 1
644	20260511103405951	025163	05/05/2026	729717	MOUL DD45A1 FRULL.IMMERS.450W 0.8LT 2VEL+TURBO EASYCHEF BIANCO 2
645	20260511103405951	025163	05/05/2026	244654	PANA ERGY10CM504 MULTIGROOMING RIC. 6IN1 WET&DRY AUTON.50MIN 4
646	20260511103405951	025163	05/05/2026	773279	PANA ERGB61K503 REG.BARBA/CAP. RIC/RETE 39LUNGH. 1-20MM LAMA INOX 2
647	20260511103405951	025163	05/05/2026	899157	PHIL S1142 RASOIO RIC. LAME POWERCUT W&D AUT.40MIN GRIGIO 4
648	20260511103405951	025163	05/05/2026	913577	REMI 85527 PIASTRA CAPELLI 150-230GR. PRO-CERAMIC EXTRA 2
649	20260511103405951	025163	05/05/2026	845966	ROWE CV581L. PHON 2100W 2VEL. STEMP. STUDIO DRY NERO 4
650	20260511103405951	025163	05/05/2026	248845	RUSS 1788856 TOSTAPANE A PIASTRA 1800W 3IN1 ANTIAD. GRIGIO 2
651	20260511103405951	025163	05/05/2026	684015	RUSS 2384070 BOLLITORE EL.1000W 0.85LT BIANCO 4
652	20260511103405951	025163	05/05/2026	948174	WHIR MWP101W FORNO M/O 700W 20LT GLIV.POT. TIMER BIANCO 3
653	20260511103405951	025163	05/05/2026	945223	BRAU BT7520 REG.BARBA RIC. 40LUNGH. LAMA PROBLADE+2PETT+ACCESS 2
654	20260511103405951	025163	05/05/2026	960059	PHIL MG3920. REG.BARBA RIC.USB-A 7IN1 VISO+CAPELLI NERO 4
655	20260511103405951	025163	05/05/2026	701038	PHIL HC3510 REG.CAPELLI 13REG. 2MM SERIE3000 NERO 6
656	20260511103405951	025163	05/05/2026	637999	PHIL HD258390 TOSTAPANE 600W SPROG. 2SCOMP. NERO 4
657	20260511103405951	025163	05/05/2026	954680	CAND CCG3L517ES COMBI 260LT CE.E STATICO LOW FROST INVERTER SILVER 3
658	20260511103405951	025163	05/05/2026	948025	TCL 40S59K TVQLED 40"FHD DVBT2/S2 SMART ANDROID TV 2
659	20260512072240663	025881	07/05/2026	952888	INDE IMA762MYTIMEIT LAV.C/FRONT SLIM 47.4CM 7KG 1200GIRI CE.A INVERT 1
660	20260512072240663	025881	07/05/2026	767428	SPLE DOLCECLIMAAIRPRO13APIUWIF COND.MONOBLOCCO 2.93KW CL.A+ LCD 2
661	20260512072240663	025881	07/05/2026	939509	SPLE DOLCECLIMACOMPACT10SBWIFI COND.MONOBLOCCO 2.64KW CL.A 2VE 2
662	20260512072240663	025881	07/05/2026	939504	SPLE PELER7T. RAFFRESCATORE 80W 3VEL 7LT DISP.TOUCH TIMER 2
663	20260512072240663	025881	07/05/2026	939507	SPLE PELER25WIFI RAFFRESCATORE 90W 3VEL 25LT LED ION TIMER WIFI 2
664	20260512072240663	025881	07/05/2026	972253	THOM 55UG4S15 TV LED 55"UHD 4K DVBT2/S2 SMART GOOGLE TV 2
665	20260512072240663	025881	07/05/2026	948635	HISE 55A69Q TV LED 55"UHD 4K 60HZ DVBT2/S2 SMART VIDAA U9 4
666	20260512072240663	025881	07/05/2026	899533	INDE BWAS81496XWVIT LAV.C/FRONT 8KG 1400GIRI CE.A INV. 4
667	20260512072240663	025881	07/05/2026	946688	IROB ROOMBA105COMBO ROBOT ASPIR. C/EDGE SWIPPING BRUSH 3
668	20260512072240663	025881	07/05/2026	953955	MELC 118320008 M.CAFFE' CAPSULE 0.5LT COMP.NESPRESSO CREMOSA NER 6
669	20260512072240663	025881	07/05/2026	882477	NUTR MBR06B. FRULLATORE 200W 1VEL. 2CARAF. 500/300ML NERO 5
670	20260512072240663	025881	07/05/2026	913787	SAMS MG2AK3515AS FORNO M/O 800W 23LT C/GRILL. 1100W SILVER/NERO 2
671	20260512072240663	025881	07/05/2026	966873	SEKO SWMHMN106S LAV.C/FRONT SLIM 45.5CM 6KG f000GIRI CE.A VA 12
672	20260512072240663	025881	07/05/2026	902793	SEKO SHDP28NSM1WE1 FRIGO 2P. 206LT CE.E STATICO SRIP.VETRO B 8
673	20260512072240663	025881	07/05/2026	944355	THOM 32HF2S34 TV LED 32"HD READY DVBT2/S2 SMART FIRE TV 20
674	20260512072240663	025881	07/05/2026	908194	COMF RCT284WH2A FRIGO 2P. 204LT CE.E STATICO 4RIP. BIANCO 1
675	20260512072240663	025881	07/05/2026	869476	SONY KD32W800P1AEP TV LED 32"HD READY DVBT2/S2/HEVC SMART A 1
676	20260512085130315	025829	07/05/2026	978802	DAYA DHW7I12ISVA LAV.C/FRONT SLIM 47CM 7KG 1200GIRI CE.A INV VA
677	20260512091029791	025829	07/05/2026	978802	DAYA DHW712ISVA LAV.C/FRONT SLIM 47CM 7KG 1200GIRI CE.A INV VA 6
678	20260513103428359	026421	11/05/2026	976714	SAMS SMA376BZABEUE SMARTP.6.6"6GB 128GB GALAXY A37 5G AWES 2
679	20260513103428359	026421	11/05/2026	980428	SAMS SMA165FZKBEEE SMARTP.6.7"4GB 128GB GALAXY A16 LTE ENT 15
680	20260514111057319	027011	13/05/2026	925085	BRON KING2PLUSBLACK CELL. QB 2.4" QVGA DUAL SIM BT BLACK 5
681	20260514111057319	027011	13/05/2026	969287	XIAO REDMINOTE15PRO5G8256BLACK SMARTP, 6.83"1.5K AMOLED 8G 2
682	20260514111057319	027011	13/05/2026	969288	XIAO REDMINOTE15PRO5G8256GLACI SMARTP. 6.83"1.5K AMOLED 8G 2
683	20260514111057319	027011	13/05/2026	969289	XIAO REDMINOTE15PRO5G8256TITAN SMARTP.6.83"1.5K AMOLED 8GB 2
684	20260514111057319	027011	13/05/2026	879134	FUJI INSTAXMINI12WHITE FOTO.ANAL.ISTANT. C/FLASH 60MM WHITE 2
685	20260514111057319	027011	13/05/2026	970687	XIAO VHUSS31EU TABLET 11"2.5K 8GB 256GB REDMI PAD 2 WIFI G.GRA 4
686	20260515092012220	026778	12/05/2026	908194	COMF RCT284WH2A FRIGO 2P, 204LT CE.E STATICO 4RIP. BIANCO 4
687	20260515092012220	026778	12/05/2026	950841	INDE 10235HB FORNO 60CM 66LT MULTIG CL.A STEAM&CLEAN NERO O 1
688	20260515092012220	026778	12/05/2026	952853	DAYA DSCB170WE COMBI 170LT CE.E STATICO DEFROST BIANCO 1
689	20260515092012220	026778	12/05/2026	939587	LGE 32LQ631C0ZA TV LED 32"FHD DVBT2/S2 SMART WEBOS 1
690	20260515092012220	026778	12/05/2026	947262	QBEL QT32HTF8A TV LED 32"HD DVBT2/S2 SMART TIZEN OS STAND CE 6
691	20260515092012220	026778	12/05/2026	970551	SABA SA43KMIOVDA TV LED 43"UHD T2/82 SMART VIDAA 3
692	20260515092012220	026778	12/05/2026	948028	TCL S5P69K TV LED 55"UHD 4K DVBT2/S2 SMART GOOGLE TV 3
693	20260515092012220	026778	12/05/2026	905666	SEKO SHCB34SM1WEO COMBI 262LT CEE STATICO SRIP.CRISTALLO BI 4
694	20260515092012220	026778	12/05/2026	899157	PHIL S1142 RASOIO RIC. LAME POWERCUT W&D AUT.40MIN GRIGIO 4
695	20260515092012220	026778	12/05/2026	786655	ARIE 2757 SCOPARIC. S/SACCO 1LT 22.2V 3FILTRI ROSSO/GRIGIO 1
696	20260515092012220	026778	12/05/2026	786655	ARIE 2757 SCOPARIC. S/SACCO 1LT 22.2V 3FILTRI ROSSO/GRIGIO 1
697	20260515092012220	026778	12/05/2026	946710	RUSS 2648356 FERRO VAPORE 2400W LIGHT AND EASY BRIGHTS 4
698	20260515092012220	026778	12/05/2026	948174	WHIR MWP101W FORNO M/O 700W 20LT 6LIV.POT. TIMER BIANCO 6
699	20260515092012220	026778	12/05/2026	947331	HISE WFQP701219VM LAV.C/FRONT SLIM 45CM 7KG 1200GIRI CL.A 4
700	20260519082037360	027424	14/05/2026	972441	LGE GBBSJ21DEP_ COMBI 375LT CE.D NOFROST INV. WIFI AI MATTE B 2
701	20260519103040836	027937	18/05/2026	940026	TCOL TAB11GEN2FESPACEGRAY TABLET 10.9"FHD+MTK G80 4GB 128 1
702	20260520085758800	027473	14/05/2026	936907	ARGO ISIDEART. COND.MONOBLOCCO 2.63KW CL.A 2VEL.DISP.LED WIFI BIA 4
703	20260520085758800	027473	14/05/2026	945190	MACO 981 MINI VENT.PORTATILE RIC.USB-C ICE FAN 20
704	20260520085758800	027473	14/05/2026	690563	MACO 993 VENT.TAVOLO 45W 3VEL TORNADO BIANCO 5
705	20260520085758800	027473	14/05/2026	945191	MACO 983 VENT.PIANTANA SMONTABILE 24W DC TIMER SMONTY 5
706	20260520085758800	027473	14/05/2026	869976	ARDE ARSST40N VENT.TAVOLO 50W 5PALE 40CM 3VEL STEELO 40 NERO 20
707	20260520085758800	027473	14/05/2026	869975	ARDE ARSST4OPN VENT.PIANTANA 50VW SPALE 40CM 3VEL STEELO 40P NERO 20
708	20260520085758800	027473	14/05/2026	877574	MICR QATO0009 CONTROLLER WLLS PER XBOX SERIES X/S CARBON BLACK 2
709	20260520085758800	027473	14/05/2026	387716	DYSO AMO7W VENT.TORRE 56W SENZA PALE TIMER C/TELEC.BIANCO 2
710	20260520085758800	027473	14/05/2026	910802	DYSO HOTPIUCOOLJETFOCUS VENT.TORRE CALDO/FREDDO 2IN1 2000W JET F 2
711	20260520085758800	027473	14/05/2026	914309	DYSO WASHG1 LAVAPAVIMENTI RIC. 35W 2RULLI 2SERB.0.8/1LT 35MIN. 2
712	20260520085758800	027473	14/05/2026	887305	DYSO VI0ABSOLUTENEW2 SCOPA RIC. $/SACCO 0.76LT 14CICLONI 5 ACCESSO 2
713	20260521104038751			277800	EMTE ECMMD16GC410 PEN DRIVE 16GB C410 TERRA OCRA E)
714	20260521104038751			277601	EMTE ECMMD32GC410 PEN DRIVE 32GB C410 BLU ABISSO 8
715	20260521104038751			800503	EMTE ECMMD128GB113 PEN DRIVE 128GB USB3.2 CLICK&EASY VIOLA 2
716	20260521104038751			800504	EMTE ECMMD64GB113 PEN DRIVE 64GB USB3.2 CLICK&EASY VERDE 4
717	20260521104038751			800505	EMTE ECMMD32GB113 PEN DRIVE 32GB USB3.2 CLICK&EASY BLU 8
718	20260521104038751			798552	KING DTX64GB PEN DRIVE USB3.2 64GB EXODIA NERO/TEAL 6
719	20260521104038751			801104	KING DTX128GB PEN DRIVE USB3.2 GEN1 128GB EXODIA NERO/GIALL 4
720	20260521104038751			851496	KING DTXM256GB PEN DRIVE 256GB USB3.2 DATATRAVELER EXODIA 4
721	20260521104038751			851498	KING DTXM64GB PEN DRIVE 64GB USB3.2 DATATRAVELER EXODIA M 6
722	20260521104038751			957166	KING DTXS128GB PEN DRIVE 128GB USB3.2 EXODIA S NERO/TURCHE 2
723	20260521104038751			957167	KING DTXS64GB PEN DRIVE 64GB USB3.2 EXODIA S NERO/NERO 6
724	20260521104038751			959916	KING SDCS364GB MEM.MICRO SDXC 64GB V10 AT C/ADATT. 100 Mb/s 4
725	20260521104038751			136330	SAND SDCZ50016GB35 PEN DRIVE 16GB CRUZER BLADE USB 2.0 8
726	20260521104038751			211787	SAND SDCZ50032GB35 PEN DRIVE 32GB CRUZER BLADE 6
727	20260521104038751			226245	SAND SDCZ60032GB35 PEN DRIVE 32GB CRUZER GLIDE 4
728	20260521104038751			287017	SAND SDCZ48064GU46 PEN DRIVE 64GB USB3.0 80MB/S CRUZER ULTR 6
729	20260521104038751			793034	SAND SDSDUN4032GGN6IN MEM. SDHC ULTRA 32GB L.120X SECURE D 2
730	20260521104038751			864230	SAND SDSQUAB128GGN6MA MEM.MICRO SD 128GB ULTRA MOBILE C/A 4
731	20260522104954369	028887	21/05/2026	942463	MOTO MOTOETSMISTYBLUE SMARTP. 6.67"HD+ 2GB 64GB 32+8MP MIST 4
732	20260522104954369	028887	21/05/2026	965392	MOTO MOTOG064128TAPESTRY SMARTP. 6.88"HD+ 4GB 128GB 50MP IP 6
733	20260522104954369	028887	21/05/2026	946007	SAMS SMASG6BZKAEUE SMARTP. 6.7'8GB 128GB GALAXY A56 5G AWE 4
734	20260522104954369	028887	21/05/2026	946009	SAMS SMAS66BZGAEUE SMARTP. 6.7°8GB 128GB GALAXY A56 5G AWE 2
735	20260522104954369	028887	21/05/2026	946011	SAMS SMASG6BZAAEUE SMARTP. 6.7'8GB 123GB GALAXY A56 5G AW.L 2
736	20260522104954369	028887	21/05/2026	981708	VODA GALAXYA174G128GBVODBLACK SMARTP.SAMS. 6.7" 4GB 128GB 12
737	20260525080709853	029216	22/05/2026	966873	SEKO SWMHMN106S LAV.C/FRONT SLIM 45.5CM 6KG 1000GIRI CE.A VA 8
738	20260525080709853	029216	22/05/2026	902793	SEKO SHDP28NSM1WE1 FRIGO 2P. 206LT CE.E STATICO 3RIP.VETRO B 8
739	20260525080709853	029216	22/05/2026	973295	DAYA DMCV603ME CONG.VERT. 60LT CE.E SCASSETTI BIANCO 2
740	20260525080709853	029216	22/05/2026	975292	DAYA DSCB170XE COMBI 170LT CE.E STATICO DEFROST INOX 2
741	20260525080709853	029216	22/05/2026	972441	LGE GBBSJ21DEP. COMBI 375LT CE.D NOFROST INV. WIFI AI MATTE B 1
742	20260525081403799	028411	19/05/2026	906195	ARDE ARSST4OPNR VENTILATORE PIANTANA 40W 3VEL.5PALE STEELO 40PNR 12
743	20260525081403799	028411	19/05/2026	927876	RUSS 2713056 TRITATUTTO 350W C.VETRO 500ML LAME INOX DESIRE RED 4
744	20260525081403799	028411	19/05/2026	882477	NUTR MBRO6B FRULLATORE 200W 1VEL. 2CARAF. 500/300ML NERO 3
745	20260525081403799	028411	19/05/2026	955105	INDE IN2FE13DT9W LAVAST.13COP CE.E 5PROG. WHITE 2
746	20260525081403799	028411	19/05/2026	754107	PANA ESRW33H503 RASOIO RIC. 2LAME W&D AUT.SOMIN. C/TAGLIABASETTE 5
747	20260525081403799	028411	19/05/2026	705916	PHIL HP634100. DEPILATORE BATT. W&D C/CAPPUCCIO PROT. BIA/VIOLA 10
748	20260525081403799	028411	19/05/2026	973524	PHIL BRE257 EPILATORE 2VEL. C/CAVO 6ACCESSORI C/LUCE LED VIOLA 5
749	20260525081403799	028411	19/05/2026	892437	SMEG LBW7O0IT. LAV.C/FRONT 7KG 1000GIRI CE.D 4
750	20260525081403799	028411	19/05/2026	969007	QBEL QT430FGT TV LED 43"FHD DVBT2/S2 SMART GOOGLE TV 10
751	20260525081403799	028411	19/05/2026	908194	COMF RCT284WH2A FRIGO 2P. 204LT CE.E STATICO 4RIP. BIANCO 1
752	20260528064620893	029206	22/05/2026	144269	LOGI 910001793 MOUSE OTTICO 1000DP! NERO M90 5
753	20260528064620893	029206	22/05/2026	888247	TOSH HDTB510EK3AA HD EST.2.5" TB 5000RPM CANVIO BASICS USB3.2 NERO 2
754	20260528064620893	029206	22/05/2026	823079	TPLI M7010. POCKET HOTSPOT 4G LTE 300MBPS 1SIM CARD SLOT NERO 3
755	20260528064620893	029206	22/05/2026	813353	TRUS 24271 MOUSEWIRED OTTICO STASTI AMBIDESTRO BASI NERO 6
756	20260528064620893	029206	22/05/2026	910771	TRUS 25019 TASTIERA+MOUSE WIRELESS SILENZIOSI ODY Il NERO 2
757	20260528064620893	029206	22/05/2026	972529	CANO TS41501 MF.INKJET 14IPM F/R 1200X1200DP! 2CART.WIFI PIXMA 3
758	20260528064620893	029206	22/05/2026	970945	BOSC WAN28218IT LAV.C/FRONT 8KG 1400GIRI CE.A INVERTER VAPORE 1
759	20260528064620893	029206	22/05/2026	873583	ARGO ODINPLUS COND.MONOBLOCCO 3.5KW A/A CALDO/FREDDO WIFI 4
760	20260528064620893	029206	22/05/2026	936906	ARGO LARIART COND.MONOBLOCCO 2.05KW CL.A 2VEL. DISP.LED BIANCO 6
761	20260528064620893	029206	22/05/2026	939508	SPLE DOLCECLIMACOMPACT8SW COND.MONOBLOCCO 2.1KW CL.A 3VEL. R29 2
762	20260528064620893	029206	22/05/2026	948635	HISE 554690 TV LED 55"UHD 4K 60HZ DVBT2/S2 SMART VIDAA U9 4
763	20260528064620893	029206	22/05/2026	913787	SAMS MG2AK3515AS FORNO M/O 800W 23LT C/GRILL 1100W SILVER/NERO 2
764	20260528064620893	029206	22/05/2026	821362	GIRM FE2000 FORNETTO EL. 1380W 20LT NERO/ROSSO 2
765	20260528064620893	029206	22/05/2026	947686	ROWE RH1127 SCOPA RIC. S/SACCO 2IN1 0.44LT 14.4V X-NANO 4
766	20260603093815619	030955	01/06/2026	957166	KING DTXS128GB PEN DRIVE 128GB USB3.2 EXODIA S NERO/TURCHE 2
767	20260603093815619	030955	01/06/2026	980428	SAMS SMAT65FZKBEEE SMARTP.6.7"4GB 128GB GALAXY A16 LTE ENT 40
768	20260603093815619	030955	01/06/2026	816116	BRON MAGNUMABLUVIOLA CELL. QB 2.8" FLIP DUALSIM 1.3MP BT BLUN 4
769	20260603093815619	030955	01/06/2026	955343	XIAO REDMI15CA4256MIDNIGHTBLACK SMARTP. 6.9" 4GB 256GB 50MP 4
770	20260603093815619	030955	01/06/2026	965086	SAMS SMX230NZAPEVE TABLET 11" 8GB 256GB GALAXY TAB A{1+ WIFI
771	20260604063708799	030588	28/05/2026	905663	SEKO SHDP28NSM1IXEO FRIGO 2P. 206LT CE.E STATICO SRIP.CRISTALL 1
772	20260604063708799	030588	28/05/2026	916626	CAND EY294DWM51S LAV.C/FRONT 9KG 1200GIRI CE.A INVERTER 16PR 4
773	20260604063708799	030588	28/05/2026	805950	MACO 989 RAFFRESCATORE EVAP. 110W3.5LT BLADELESS
774	20260604063708799	030588	28/05/2026	969996	SABA SASOKMIOVDA TV LED 50"UHD 4K T2/S2 SMART VIDAA STAND CEN.TVSAT
775	20260604063708799	030588	28/05/2026	977978	CAND DIVOG20CG FORNO M/0 700W Z0LT C/GRILL 900VW VENT.SMART VERDE
776	20260604102510504	031065	01/06/2026	919365	MELI 497337 CUFFIA WLSS TV DIGITAL SMART 1
777	20260604102510504	031065	01/06/2026	966047	CAND BC448M4D&JS LAV.INC. 8KG 1400GIRI CE.A-20% WIFI INVERT. AI 1
778	20260604112755386	031335	03/06/2026	961855	APPL MGEKAQLA IPHONE 17 256GB WHITE 2
779	20260605114042010	031480	04/06/2026	940026	TCOL TABI1GEN2FESPACEGRAY TABLET 10.9"FHD+MTK GS0 4GB 128 5
780	20260605114042010	031480	04/06/2026	927337	SAMS SMR390NZSAEUB SMART WATCH 1.6" BT IP68 GALAXY FIT3 SILV 3
781	20260605114042010	031480	04/06/2026	927338	SAMS SMRSSONZAAEUB SMART WATCH 1.6" BT 1IP68 GALAXY FIT3 GRA 3
782	20260609104455812	031818	04/06/2026	969007	QBEL QT430FGT TV LED 43"FHD DVBT2/52 SMART GOOGLE TV 10
783	20260609104455812	031818	04/06/2026	948636	HISE 50A69Q TV LED S0"UHD 4K 60HZ DVBT2/S2 SMART VIDAA U9 3
784	20260609104455812	031818	04/06/2026	980659	CAND GD410G8S LAV.C/FRONT 10KG 1400GIRI CE.A-20% INVERT VAPO 8
785	20260609104455812	031818	04/06/2026	61665	ELET FC2 FILTROX4 CAFFE' LUNGHI 3
786	20260609104455812	031818	04/06/2026	961596	BEUR HC25LTDED2025 PHON 1600W 2VEL 2TEMP DA VIAGGIO NERO 2
787	20260609104455812	031818	04/06/2026	955715	BRAU 310BT RASOIO RIC. 3LAME W&D LED AUT.30MIN TACC+5PETT BL 2
788	20260609104455812	031818	04/06/2026	314715	ELET AS42 DECALCIFICANTE LIQUIDO X MACCHINE CAFFE’ 12
789	20260609104455812	031818	04/06/2026	775772	PHIL HC5612 REG.CAPELLI RIC/RETE 28REG. 0.5-28MM LAVABILE BLU 4
790	20260609104455812	031818	04/06/2026	859020	REMI HC5020 REG.CAPELLI RETE SREG, 3-18MM BLU 6
791	20260609104455812	031818	04/06/2026	812303	ROWE TN1603 REG.CAPELLI RETE I5REG. 1-12MM LAMA INOX NERO 4
792	20260609104455812	031818	04/06/2026	388260	MACO 702BAGS SACCHETTI PER MACCH,SOTTOVUOTO 20CM 50PZ 6
793	20260609104455812	031818	04/06/2026	785837	MOUL DJS201 TRITATUTTO 300W 400MI. 4LAME ACCIAIO MOUL.ESSENT 2
794	20260609104455812	031818	04/06/2026	8388770	PHIL $3143 RASOIO RIC. LAME POWERCUT 5D FLEX W&D AUT:60MIN 2
795	20260609104455812	031818	04/06/2026	195462	REMI S1510 PIASTRA CAPELLI STRETTA 220GR CERAMICA/TEFLON 2
796	20260609104455812	031818	04/06/2026	954265	ARDE ARFOELOS FORNELLO ELETTR. 2PIASTRE IN GHISA 2500W FOCU 2
797	20260609104455812	031818	04/06/2026	624746	ARDE ARTK01G SCALDAVIVANDE 40W PTG 1.05LT BIANCONERDE 5
798	20260609104455812	031818	04/06/2026	786655	ARIE 2757 SCOPA RIC. S/SACCO LT 22,2V 3FILTRI ROSSO/GRIGIO 2
799	20260609104455812	031818	04/06/2026	639655	ARIE 2474. ASPIRABRICIOLE 3.6V 400ML AUT.12MINUTI WET DRY 4
800	20260609104455812	031818	04/06/2026	603984	ARIE 6235 FERRO VAPORE 2000W PIASTRA CERAMICA 300ML VIOLA 5
801	20260609104455812	031818	04/06/2026	742959	ARIE 723. BARBECUE 2000W C/VASSOIO RACCOGLIGRASSO 4
802	20260609104455812	031818	04/06/2026	880272	ARIE 157DARKGREY TOSTAPANE 750W 7PROG. 2SCOMP. DARK GREY 2
803	20260609104455812	031818	04/06/2026	693325	ARIE 924 FORNETTO EL. 1500W 321LT VENT. MAX230GR TIMER NERO 2
804	20260609104455812	031818	04/06/2026	704103	ARIE 909 FORNO PIZZA 1200W DIAM33CM MAX400GRADI TIMER ROSS z
805	20260609104455812	031818	04/06/2026	704103	ARIE 909 FORNO PIZZA 1200W DIAM33CM MAX400GRADI TIMER ROSS 1
806	20260609104455812	031818	04/06/2026	218449	ARIE 561 FRULLATORE 300W 0.8LT 3VEL. LAMA INOX BLENDY METAL 4
807	20260609104455812	031818	04/06/2026	849521	ARIE 579 FRULLATORE 1200W 2VEL+PULSE BICC.VETRO 1.5LT INOX se 3
808	20260609104455812	031818	04/06/2026	925781	ARIE 1545NERO SBATTITORE 450W SVEL+TURBO NERO 4
809	20260609104455812	031818	04/06/2026	167352	ARIE 881 FRULL.IMMERS. 200W 2VEL. LAMA/PIEDE INOX PIMMY200 4
810	20260609104455812	031818	04/06/2026	374815	ARIE 1836 TRITATUTTO 160W 250ML. LAME INOX.PULSE CHOPPY ARAN 4
811	20260609104455812	031818	04/06/2026	810428	ARIE 438BLU TRITATUTTO 400W 600ML 2VEL. 4LAME INOX BLU 3
812	20260609104455812	031818	04/06/2026	830181	BEKO VRT50121VR SCOPA RIC. S/SACCO 0.55LT 21.8V CYCLONIC NER/ 2
813	20260609104455812	031818	04/06/2026	956835	CECO A01EU01114731 SCOPA RIC. S/SACCO 1.2LT 25.2V CONGA ROCK 1
814	20260609104455812	031818	04/06/2026	963323	CECO A01EU01107956 SCOPA RIC. SISACCO CONGA ROCKSTAR 2500 T 2
815	20260609104455812	031818	04/06/2026	819727	CECO 1510 BOLLITORE EL.2200W 1.7LT THERMOSENSE 350 CLEAR 4
816	20260609104455812	031818	04/06/2026	469795	DELO EC201CDB M.CAFFE'CIALDE/POLVERE 1050W 15BAR ‘1LT SILVER 3
817	20260609104455812	031818	04/06/2026	831534	DELO ÈC235BK M.CAFFE'CIALDE/POLVERE 1100W 1LT NERO 2
818	20260609104455812	031818	04/06/2026	634518	GAMA GH0301 PHON 2300W 2VEL. 3TEMP. C/BOCCHETTA NERO 2
819	20260609104455812	031818	04/06/2026	784669	GIRM FR0301 FRULLATORE 170W PULSE 500ML 4LAME INOX BIANCO 2
820	20260609104455812	031818	04/06/2026	312384	GIRM TR20SILVERROSSO TRITATUTTO 600W 400ML LAME ACCIAIÒ GRI 4
821	20260609104455812	031818	04/06/2026	607886	GIRM TRO5 TRITATUTTO 250W 500ML LAME ACCIAIO 4
822	20260609104455812	031818	04/06/2026	858909	LAVZ 18000533. M.CAFFE' CAPSULE LM840 TINY ECO WHITE 2
823	20260609104455812	031818	04/06/2026	230376	MELC 118330011 TOSTIERA 750W PIASTRE ANTIADERENTI TOSTINA NE 2
824	20260609104455812	031818	04/06/2026	462411	MOUL FG1528 M.CAFFE' AMERICANA 600W 0.6LT 6TAZZE NERO 1
825	20260609104455812	031818	04/06/2026	812314	MOUL LM2C0110 FRULLATORE 450W 2VEL. 1.5LT BIANCO 1
826	20260609104455812	031818	04/06/2026	640908	MOUL HM3101 SBATTITORE 300W SVEL+TURBO BIANCO 3
827	20260609104455812	031818	04/06/2026	634870	REMI D1500 PHON 2000W 2VEL 2TEMP DA VIAGGIO C/DIFFUS. NERO 4
828	20260609104455812	031818	04/06/2026	947686	ROWE RH1127 SCOPA RIC. SISACCO 2IN1 0.44LT 14.4V X-NANO 1
829	20260609104455812	031818	04/06/2026	729734	ROWE DX1530 FERRO VAPORE 2200W PIAST.INOX EFFECTIVE 2 BLACK 2
830	20260609104455812	031818	04/06/2026	785697	ROWE DX1635 FERRO VAPORE 2400W PIAST.MICROSTEAM300 MARRO 3
831	20260609104455812	031818	04/06/2026	836135	ROWE DX1510 FERRO VAPORE 2000W PIAST.INOX EFFECTIVE BIA/GRIG 4
832	20260609104455812	031818	04/06/2026	864895	ROWE CV1801 PHON 1600W 2VEL EXPRESS STYLE BLOW:DRYER NER 4
833	20260609104455812	031818	04/06/2026	927876	RUSS 2713056 TRITATUTTO 350W C.VETRO 500ML LAME INOX DESIRE 4
834	20260609104455812	031818	04/06/2026	61666	ELET KAI CONFEZIONE FILTRO UNIVERSALE PER CAPPA CUCINA ri
835	20260609104455812	031818	04/06/2026	969998	SABA SASOKMIOVDA TV LED 50"UHD 4K T2/82 SMART VIDAA STAND CE 3
836	20260609104455812	031818	04/06/2026	877581	SONY WHCH5208 CUFFIA WIRELESS BT ONEAR BLACK 6
837	20260609104455812	031818	04/06/2026	611147	BEUR SBM22 MIS.PRESSIONE AUTOM. 120MEM. LCD SANITAS BIANCO 4
838	20260609104455812	031818	04/06/2026	936514	IMET 9046 FERRO VAPORE 2000W PIAST.INOX TITANOX PLUS GRI/BLU 4
839	20260609104455812	031818	04/06/2026	977978	CAND DIVOG20CG FORNO M/O 700W 20LT C/GRILL.900W VENT.SMART 2
840	20260609104455812	031818	04/06/2026	893617	PHIL PSG3000 FERRO CAR.CONTINUA 2400W 14LT P.CERAMICA 4
841	20260609104455812	031818	04/06/2026	970296	ROWE CV7243 PHON 2200W AC 2VEL. 3TEMP. IONI PRO POWER+ 6
842	20260610105716502	032618	09/06/2026	961878	APPL MFYP4QLA IPHONE 17 PRO MAX 256GB DEEP BLUE 2
843	20260610105716502	032618	09/06/2026	961879	APPL MFYN4QLA IPHONE 17 PRO MAX 256GB COSMIC ORANGE U
844	20260610105716502	032618	09/06/2026	961880	APPL MFYM4QLA IPHONE 17 PRO MAX 256GB SILVER 2
845	20260610105716502	032618	09/06/2026	965391	MOTO MOTOG064128TENDRIL SMARTP. 6.88"HD+ 4GB 128GB 50MP IP64 5
846	20260610105716502	032618	09/06/2026	973928	ACER ASPIRELITE14AL1432P35ST HNB.14"WUXGA CORE3-N355 8GB SS 2
847	20260610105716502	032618	09/06/2026	961605	REAL NOTE70T4128GBBEACHGOLD SMARTP.6.74"HD+ 4GB 128GB BEA 5
848	20260610105716502	032618	09/06/2026	972241	OPPO AGXICEBLUE SMARTP. 6.75"HD+ 4GB 128GB ICE BLUE 4
849	20260610105716502	032618	09/06/2026	972242	OPPO ASXBLACKPURPLE SMARTP. 6.75"HD+ 4GB 128GB BLACK PURPL 4
850	20260610105716502	032618	09/06/2026	984995	TIM REDMINOTE15PRO5G256GBTIMB SMARTP.XIAOMI 6.83"1.5K 8GB 2
851	20260610105716502	032618	09/06/2026	973050	BRON FOXSBLACK CELL. QB2" DUALSIM BT 1.3MP FLIP BLACK 8
852	20260610105716502	032618	09/06/2026	963771	MOTO MOTOGO84256TAPESTRY SMARTP. 6.88"HD+ 4GB 256GB S0MP IP 10
853	20260610105716502	032618	09/06/2026	963772	MOTO MOTOG064256ARABESQUE SMARTP. 6.88"HD+ 4GB 256GB 50MP 8
854	20260610105716502	032618	09/06/2026	960306	REAL WATCHSTITANIUMBLACK SMART WATCH 1.97" AMOLED BT NFC 4
855	20260610105716502	032618	09/06/2026	976456	TOL K7OSEINDIGOBLACK SMARTP, 6.6"QHD 4GB 64GB 8MP INDIGO BL 6
856	20260610105716502	032618	09/06/2026	977808	XIAO REDMIA7PRO4128MISTBLUE SMARTP. 6.9"HD+ 4GB 128GB 13+13: 6
857	20260610105716502	032618	09/06/2026	977809	XIAO REDMIA7PRO4128BLACK SMARTP. 6.9"HD+ 4GB 128GB 13+13MP 6
858	20260615070530070	032749	09/06/2026	972975	ROBO VACBOT5 ROBOT LAVA/ASPIRA 30W 0.31/0.25LT WIFI NERO 3
859	20260615070530070	032749	09/06/2026	947233	EKO K32HSTC TV LED 32"HD DVBT2/S2 SMART TIZEN TV C/ISTAND CE 8
860	20260615070530070	032749	09/06/2026	957973	LGE 43LR60006LA TV LED 43"FHD DVBT2/S2 SMART WEBOS 3
861	20260615070530070	032749	09/06/2026	969010	QBEL QT24HTF8A12V TV LED 24"HD T2/S2 SMART TIZEN HOTEL MODE 4
862	20260615070530070	032749	09/06/2026	963706	SMTE 320G01V TV QLED 32"FHD DVBT2/S2 SMART GOOGLE TV 5
863	20260615070530070	032749	09/06/2026	948027	TCOL B0P69K TV LED 50"UHD 4K DVBT2/S2 SMART GOOGLE TV 2
864	20260615070530070	032749	09/06/2026	964273	SMTE 50QGO6K TV QLED 5O"UHD 4K DVBT2/S2 SMART GOOGLE STAND 3
865	20260615070530070	032749	09/06/2026	962746	LGE 55UA74006LB TV LED 85"UHD 4K DVBT2/S2 SMART WEBOS' 3
866	20260615070530070	032749	09/06/2026	952853	DAYA DSCB170WE COMBI 170LT CE.E STATICO DEFROST BIANCO 1
867	20260616103625261	033705	15/06/2026	980428	SAMS SMAI 65FZKBEEE SMARTP.6.7" 4GB 128GB GALAXY A16 LTE ENT
868	20260616103625261	033705	15/06/2026	959997	HONO H400SMARTDESERTGOLD' SMARTP.6.77"HD 6GB 128GB 108+2MP
869	20260617061720639	033380	12/06/2026	899533	INDE BWAS1496XWVIT LAV.CIFRONT 8KG 1400GIRI CE.A INV.
870	20260617061720639	033380	12/06/2026	903372	TRUS 25084 MOUSE WIRELESS MYDO SILENT ECO BLACK
871	20260617110805167	034006	16/06/2026	962733	HONO X5CPLUS4256MIDNIGHTBLACK SMARTP, 6.74" 4GB 256GB 50+50 5
872	20260617110805167	034006	16/06/2026	962734	HONO X5CPLUS42560CEANCYAN SMARTP. 6.74"4GB 256GB 50+50MP O 5
873	20260617110805167	034006	16/06/2026	985872	VVVV SAMSSMA376BZABEUEEU SMARTP.6.6" 6GB 128GB GALAXY A37 4
874	20260619102541683	034615	17/06/2026	956176	DAYA DSW71225M18A1 LAV.C/FRONT SLIM 44CM 7KG 1200G CE.A-10% 4
875	20260619102541683	034615	17/06/2026	973428	CAND EYTC1472D38 LAV.C/ALTO 7KG 1400GIRI CE.C 2
876	20260619102541683	034615	17/06/2026	902299	HISE RT267D4AWE FRIGO 2P. 206LT CE.E STATICO RIP.VETRO WHITE 6
877	20260619102541683	034615	17/06/2026	976142	HISE FT100N1BWEÉ CONG.ORIZZ.97LT CE.E CEST.FLES.MYFRESHCHOI 4
878	20260619102541683	034615	17/06/2026	966871	SEKO SWMHMN128S LAV.C/FRONT 8KG 1200GIRI CE.A-30% VAP. 6
879	20260619102541683	034615	17/06/2026	841154	SEKO SHCB230NM2XE0 COMBI 253LT CE.E NOFROST SRIP.VETRO INO 3
880	20260619102541683	034615	17/06/2026	948866	SEKO SHSFT94SWEO FRIGO TAVOLO 92LT CE.E 4
881	20260619102541683	034615	17/06/2026	298383	DELO EN80B M.CAFFE' CAPSULE CL.A-40% INISSIA NERO NESPRESSO 3
882	20260619102541683	034615	17/06/2026	953955	MELC 118320008 M.CAFFE' CAPSULE 0.5LT COMP.NESPRESSO CREMOSA NER 4
883	20260619102541683	034615	17/06/2026	729470	ALPH 935910015E CAVO HDMI SP-SP 1.5M HIGH SPEED+ETH 18GBPS NERO 5
884	20260619102541683	034615	17/06/2026	815684	ALPH 8701201B CAVO TV M/F ADATT.M/M 1MT NERO 10
885	20260619102541683	034615	17/06/2026	500658	BRAV ORIGINALI TELECOMANDO DEDICATO TV SAMSUNG NERO 4
886	20260619102541683	034615	17/06/2026	801246	DIGQ RICD1217 RICEV.DVBT/T2 12V SCART/HDMI USB2.0 CEC 2TEL G9 4
887	20260619102541683	034615	17/06/2026	662291	JBL T205CGD CUFFIE AURICOLARE C/MIC. 20-20000HZ BIANCO 4
888	20260619102541683	034615	17/06/2026	916455	JBL JBLT310CBLK CUFFIA AURIC.IN-EAR 20-40KHZ 160HM USB-C BLACK 4
889	20260619102541683	034615	17/06/2026	878219	MELI 580457 SUPP.TV FINO A 25" FLATSTYLE FR 100 IT NERO 2
890	20260619102541683	034615	17/06/2026	864787	MELI 808035 TELECOMANDO UNIV. CONTROL TV+ 6
891	20260619102541683	034615	17/06/2026	187084	PANA RPHT090EH CUFFIA ARCH.5MT PER TV RPHTO90EH 8
892	20260619102541683	034615	17/06/2026	377206	SONY MDOREX15APW CUFFIA AURIC.IN-EAR 8-22000HZ 100DB 160HM C/MIC.WH 6
893	20260619102541683	034615	17/06/2026	377207	SONY MDREX15APB_ CUFFIA AURIC.IN-EAR 8-22000HZ 100DB 160HM C/MIC.BK 6
894	20260619102541683	034615	17/06/2026	798715	STRO SRT7807 RICEV.DVBS2 TV SAT HDMI LAN SCART RJ45 NERO 4
895	20260619102541683	034615	17/06/2026	614757	ALPH 935911E CAVO HDMI SPINA/SPINA 1M HIGH SP+E 5
896	20260619102541683	034615	17/06/2026	933880	AMAZ BOCQMWQDH4: FIRE TV STICK HD 3
897	20260619102541683	034615	17/06/2026	948161	BRAV 92402649 SUPP.TV 32-55" MAX.30KG INCL.ROT. BR-LED 11 LIGHT 4
898	20260619102541683	034615	17/06/2026	878217	MELI 580455 SUPP.TV 26-45" FLATSTYLE FTR 200 IT NERO 2
899	20260619102541683	034615	17/06/2026	878220	MELI 580454 SUPP.TV FINO A 25"FLATSTYLE FTR 100 IT NERO 4
900	20260619102541683	034615	17/06/2026	869976	ARDE ARSST40N VENT.TAVOLO 50W 5PALE 40CM 3VEL STEELO 40 NERO 12
901	20260619102541683	034615	17/06/2026	869976	ARDE ARSST40N VENT.TAVOLO 50W 5PALE 40CM 3VEL STEELO 40 NERO 8
902	20260619102541683	034615	17/06/2026	869975	ARDE ARSST40PN VENT.PIANTANA 50W SPALE 40CM 3VEL STEELO 40P NERO 20
903	20260619102541683	034615	17/06/2026	906195	ARDE ARSST40PNR VENTILATORE PIANTANA 40W 3VEL.5PALE STEELO 40PNR 20
904	20260619102541683	034615	17/06/2026	603984	ARIE 6235 FERRO VAPORE 2000W PIASTRA CERAMICA 300ML VIOLA 10
905	20260619102541683	034615	17/06/2026	974655	SANG SLIMFS714A9 LAV.C/FRONT SLIM 45CM 7KG 1400GIRI CE.A INV.VAP. 3
906	20260623111115378	035530	22/06/2026	966819	MOTO MOTOGOSS256TENDRIL SMARTP. 6.88"HD+ 8GB 256GB 50MP IP64
907	20260623111115378	035530	22/06/2026	966820	MOTO MOTOGO068256TAPESTRY SMARTP. 6.88"HD+ 8GB 256GB 50MP IP 6
908	20260623111115378	035530	22/06/2026	985870	VVVV SAMSSMA376BLVBEUEEU SMARTP.6.6" 6GB 128GB GALAXY A37 4
909	20260623111115378	035530	22/06/2026	985871	VVVV SAMSSMA376BDGBEUEEU SMARTP.6.6" 6GB 128GB GALAXY A37 4
910	20260624072655434	035039	18/06/2026	970965	SABA SA43SM10VDA TV LED 43"FHD DVBT2/S2 SMART VIDAA TIVUSAT 6
911	20260624072655434	035039	18/06/2026	896747	SEKO SHCP145SH4WE0 CONG.ORIZZ. 142LT CE.E BIANCO 4
912	20260624103337627			965391	MOTO MOTOG064128TENDRIL SMARTP. 6.88"HD+ 4GB 128GB 50MP IP64 1
913	20260624103337627			277600	EMTE ECMMD16GC410 PEN DRIVE 16GB C410 TERRA OCRA 6
914	20260624103337627			920343	EMTE ECMMD32GD283 PEN DRIVE 32GB USB3.2 TYPE-C DUAL D280 C/ 6
915	20260624103337627			500969	EMTE ECMSDM32GHC10GP. MEM.MICRO SD 32GB CL.10 C/ADATTATOR 4
916	20260624103337627			798552	KING DTX64GB PEN DRIVE USB3.2 64GB EXODIA NERO/TEAL 4
917	20260624103337627			851497	KING DTXM128GB PEN DRIVE 128GB USB3.2 DATATRAVELER EXODIA 3
918	20260624103337627			951135	KING SDCG464GB MEM.MICRO SDXC 64GB CL.10 200 Mb/s U3+ADATT 4
919	20260624103337627			136330	SAND SDCZ50016GB15 PEN DRIVE 16GB CRUZER BLADE USB 2.0 8
920	20260624103337627			211787	SAND SDCZ50032GB:5 PEN DRIVE 32GB CRUZER BLADE 10
921	20260624103337627			287018	SAND SDCZ48032GU46 PEN DRIVE 32GB USB3.0 80MB/S CRUZER ULTR 4
922	20260625093859235	035985	23/06/2026	947229	EKO K320HDGC TV LED 32"HD SMART GOOGLE TV C/STAND CENTRAL 4
923	20260625093859235	035985	23/06/2026	978159	HISE 40A49S TV LED 40"FHD DVBT2/S2 SMART VIDAA 3
924	20260625093859235	035985	23/06/2026	976770	LGE 43UA731COLA TV LED 43"UHD 4K DVBT2/S2 SMART WEBOS 4
925	20260625093859235	035985	23/06/2026	962911	SABA SA32SMIOVDA TV LED 32"HD READY DVBT2/S2 SMART VIDAA TIV 5
926	20260626105517720	036468	25/06/2026	951855	ASUS VIVOBOOKGOE1504GABQS34W -NB.15.6"FHD 13-N305 8GB SSD51 4
927	20260626105517720	036468	25/06/2026	986441	LENP IDEAPAD1T15IGL7PN82V700HAI -NB.15.6"FHD CELERON N4020 8G 6
928	20260626105517720	036468	25/06/2026	953062	MOTO MOTOWATCHFITGREEN SMART WATCH 1.9" BT IP68 FIT GREEN 6
929	20260626105517720	036468	25/06/2026	972239	OPPO A6KCRYSTALBLACK SMARTP. 6.75"HD+4GB 256GB CRYSTAL BL 4
930	20260626105517720	036468	25/06/2026	972240	OPPO A6KCRYSTALBLUE SMARTP. 6.75"HD+ 4GB 256GB CRYSTAL BLU 4
931	20260626105517720	036468	25/06/2026	980499	SAMS SMXI130NZAAEUE TABLET 8.7"4GB 64GB GALAXY TAB ATT WIFI G 4
932	20260626105517720	036468	25/06/2026	938326	TIM GALAXYA16128GBTIMBLACK SMARTP.SAMS 6.7"FHD 4GB 128GB 40
933	20260630094924893			910779	PHIL NA231 FRIGGITRICE AD ARIA 1700W 6.2LT SILVER 2
934	20260630094924893			753672	POLT PBEU0116 SCOPA RIC. S/SACCO 0.5LT 22V FORZASPIRA SLIM SR90B 6
935	20260630094924893			235213	REMI D3015 PHON 2000W CERAMIC C/CONCENTR. IONI ECO BIANCO 6
936	20260630094924893			864787	MELI 808035 TELECOMANDO UNIV. CONTROL TV+ 12
937	20260630094924893			962147	TRUS 25887 TASTIERA WIRED GAME ILLUMINA.TKL GXT833 THADO NERO 2
938	20260630094924893			878215	MELI 580467 SUPP.TV 40-65" MAX.50KG FLATSTYLE FS 400 IT NERO 4
939	20260630094924893			878217	MELI 580455 SUPP.TV 26-45" FLATSTYLE FTR 200 IT NERO 4
940	20260630094924893			847140	MELI 881001 ANTENNA DA INTERNO DVBT2 HEVC AT 380 USB NERO 2
941	20260630094924893			972441	LGE GBBSI21DEP COMBI 375LT CE.D NOFROST INV. WIFI AI MATTE BLACK 1
942	20260630094924893			880258	TRUS 24966 MOUSE WIRELESS BT PRIMO NERO 4
943	20260701061800115	036659	25/06/2026	966077	DAYA DHWSETDISVA LAV.C/FRONT SLIM 45CM 6KG 1000GIRI CE.A INV VA 4
944	20260701061800115	036659	25/06/2026	975291	SMTE 32HV02T3- TV LED 32"HD DVBT2/S2 SMART VIDAA C/STAND CENT 7
945	20260701104035942	037406	30/06/2026	948010	SAMS SMX210RZAREUE TABLET 11"6GB 128GB GALAXY TAB A9+ WIFI 2
946	20260701104035942	037406	30/06/2026	969334	BRON AMICOSINCEROPIUBLACK CELL.QB 2.4"FLIP D.SIM 1.83MP BT T.SO 6
947	20260701104035942	037406	30/06/2026	948335	MOTO MOTOG565G8256GBDILL SMARTP. 6.72"FHD+ 8GB 256GB 50+8MP 3
948	20260701104035942	037406	30/06/2026	948336	MOTO MOTOG565G8256GBBLACKOYSTE SMARTP. 6.72"FHD+ 8GB 256G 3
949	20260701104035942	037406	30/06/2026	972107	PANA KXTF600EXB CELL.FEATUREPHONE 2.8"BT 0.3MP V.VOCE IP44 4 8
950	20260701104035942	037406	30/06/2026	969280	XIAO REDMINOTE15PRO8256BLACK SMARTP. 6.77"FHD+ AMOLED 8GB 4
951	20260701104035942	037406	30/06/2026	953297	LENO TB336FUPNZAFR0399SE TABLET 11"2.5K 8GB 256GB WIFI IDEAT 2
952	20260703100204858	037696	30/06/2026	878069	HISE RB440N4AFE COMBI-336LT CE.E NOFROST DISP.LED NERO 4
953	20260703100204858	037696	30/06/2026	952888	INDE IMA762MYTIMEIT. LAV.C/FRONT SLIM 47.4CM 7KG 1200GIRI.CE.A L:... CL 2l-
954	20260703100204858	037696	30/06/2026	944816	INDE 155T0412S FRIGO 2P. 206LT CE.E STATICO ILL.LED SILVER 10
955	20260703100204858	037696	30/06/2026	905661	SEKO SHMTO6SMIWEO FRIGO TAVOLO 41LT CE.E BIANCO o 4
956	20260703100204858	037696	30/06/2026	952853	DAYA DSCB170WE COMBI 170LT CE.E STATICO DEFROST BIANCO 1
957	20260703100204858	037696	30/06/2026	948866	SEKO SHSFT94SWEO FRIGO TAVOLO 92LT CE.E 1
958	20260703100204858	037696	30/06/2026	948866	SEKO SHSFT94SWEO FRIGO TAVOLO 92LT CE.E Si e 0 4
959	20260703100204858	037696	30/06/2026	966871	SEKO SWMHMN128S LAV.C/FRONT 8KG 1200GIRI CE.A-30% VAP. 1
960	20260703100204858	037696	30/06/2026	926246	LGE FANX1008NWK. LAV.C/FR.8KG 1400G CE.A INV. VAP.WIFI TOP REM 1
961	20260703100204858	037696	30/06/2026	180114	BRAV TCUNIVAINI TELECOMANDO UNIV 4IN1 TV/DVDIDTT/SKY 4
962	20260703100204858	037696	30/06/2026	469795	DELO EC201CDB M.CAFFE' CIALDE/POLVERE 1050W 15BAR 1LT SILVER 3
963	20260703100204858	037696	30/06/2026	934265	ARDE ARFOELO5 FORNELLO ELETTR. 2PIASTRE IN GHISA 2500W FOCU 2
964	20260703100204858	037696	30/06/2026	957378	ARIE 4175BLUE SCOPA A VAPORE 1500W 350ML STEAM MOP 10IN1 BL 1
965	20260703100204858	037696	30/06/2026	957380	ARIE 4137BLUE PULITORE A VAPORE 1050W 250ML VAPORI' JET BLUE 4
966	20260703100204858	037696	30/06/2026	639655	ARIE 2474 ASPIRABRICIOLE 3.6V 400ML AUT.12MINUTI WET DRY 6
967	20260703100204858	037696	30/06/2026	693325	ARIE 924 FORNETTO EL. 1500W 32LT VENT. MAX230GR TIMER NERO 3
968	20260703100204858	037696	30/06/2026	693326	ARIE 922 FORNETTO EL. 1500W 24LT VENT. MAX230GR TIMER NERO 2
969	20260703100204858	037696	30/06/2026	849521	ARIE 579 FRULLATORE 1200W 2VEL+PULSE BICC.VETRO 1.5LT INOX 2
970	20260703100204858	037696	30/06/2026	925781	ARIE 1545NERO SBATTITORE 450W 5VEL+TURBO NERO 3
971	20260703100204858	037696	30/06/2026	167352	ARIE 881 FRULL.IMMERS. 200W 2VEL. LAMA/PIEDE INOX PIMMY200 2
972	20260703100204858	037696	30/06/2026	810428	ARIE 438BLU TRITATUTTO 400W 600ML 2VEL. 4LAME INOX BLU 2
973	20260703100204858	037696	30/06/2026	957385	ARIE 437GRIGIO TRITATUTTO 400W 700ML 4LAME INOX 2VEL.. GRIGIO 3
974	20260703100204858	037696	30/06/2026	861445	BLDE BHSM15FX08 SCOPA A VAPORE 1500W 500ML STEAM-MOP +8AC 1
975	20260703100204858	037696	30/06/2026	841351	BRAU SI10090R FERRO VAPORE 1900W PIAST.NO-STICK TEXSTYLE1A 3
976	20260703100204858	037696	30/06/2026	859531	BRAU MQ10001P_ MINIPIMER 450W 0.6LT MULTIQUICK1 2
977	20260703100204858	037696	30/06/2026	819728	CECO 3026 GRIGLIA ELETTRICA 2000W ROCK N GRILL PRO 2
978	20260703100204858	037696	30/06/2026	819727	CECO 1510. BOLLITORE EL.2200W 1.7LT THERMOSENSE 350 CLEAR 2
979	20260703100204858	037696	30/06/2026	294091	DELO 020792 FORNETTO ELETT.1300W 20LT C/GRILL 700W 7FUNZ.TI 3
980	20260703100204858	037696	30/06/2026	831534	DELO EC235BK M.CAFFE'CIALDE/POLVERE 1100W 1LT NERO ‘2
981	20260703100204858	037696	30/06/2026	888578	GAMA GH0825 PHON 2200W 2VEL. 3TEMP. BORA ION GOLD 2
982	20260703100204858	037696	30/06/2026	784669	GIRM FR0301 FRULLATORE 170W PULSE 500ML 4LAME INOX BIANCO 2
983	20260703100204858	037696	30/06/2026	844348	IMET 9017. FERRO VAPORE 2400W PIAST.PRO CERAMIC VERDE 4
984	20260703100204858	037696	30/06/2026	230376	MELC 118330011 TOSTIERA 750W PIASTRE ANTIADERENTI TOSTINA NE 4
985	20260703100204858	037696	30/06/2026	378150	MOUL AR110. MACINACAFFE' 180W 50GR METALLO NERO 4
986	20260703100204858	037696	30/06/2026	821475	PHIL DST3030 FERRO VAPORE 2400W PIAST.CERAMICA 4
987	20260703100204858	037696	30/06/2026	637999	PHIL HD258390 TOSTAPANE 600W 8PROG. 2SCOMP. NERO 1
988	20260703100204858	037696	30/06/2026	229143	POLT PGEU0011 ‘PULITORE VAPORE 1000W 0.5LT VAPORETTINO FIRST 4
989	20260703100204858	037696	30/06/2026	492961	POLT PTEU0267 PULITORE A VAPORE 1800W 1.6LT SMART30S BIAN/GR 1
990	20260703100204858	037696	30/06/2026	700578	REMI CI5538 FERRO CAPELLI 38MM S8TEMP, PRO BIG CURL 2
991	20260703100204858	037696	30/06/2026	634870	REMI D1500 PHON 2000W 2VEL'2TEMP DA VIAGGIO C/DIFFUS. NERO 4
992	20260703100204858	037696	30/06/2026	294067	REMI AC9096 PHON 2400W 2VEL+TURBO STEMP. DIFFUSORE ROSSO 2
993	20260703100204858	037696	30/06/2026	729733	ROWE DX1550 FERRO VAPORE 2200W PIAST.INOX EFFECTIVE 2 BLUE 3
994	20260703100204858	037696	30/06/2026	729734	ROWE DX1530 FERRO VAPORE 2200W PIAST.INOX EFFECTIVE 2 BLACK 3
995	20260703100204858	037696	30/06/2026	750979	ROWE DW4308 FERRO VAPORE 2500W PIAST.MICROSTEAM BLU 2
996	20260703100204858	037696	30/06/2026	836135	ROWE DX1510 FERRO VAPORE 2000W PIAST.INOX EFFECTIVE BIA/GRIG 4
997	20260703100204858	037696	30/06/2026	845966	ROWE CVS581L PHON 2100W 2VEL. 3TEMP. STUDIO DRY NERO o qT 2
998	20260703100204858	037696	30/06/2026	634861	RUSS 2331057 TOSTAPANE 1200W COTT.REGOL. 2SCOMP. C/PINZE INO 2
999	20260703100204858	037696	30/06/2026	948174	WHIR MWPI01W FORNO MO 700W 20LT 6LIV.POT. TIMER BIANCO 3
1000	20260703100204858	037696	30/06/2026	734370	WHIR MWP103SB FORNO M/O 700W 20LT C/GRILL 1000W SILVER/BLAC 3
1001	20260703100204858	037696	30/06/2026	314715	ELET AS42 DECALCIFICANTE LIQUIDO X MACCHINE CAFFE' 10
1002	20260703100204858	037696	30/06/2026	259694	GAGG 21001681 DECALCIFICANTE X MACC.CAFFE' 250ML 1 UNIT 12
1003	20260703100204858	037696	30/06/2026	775772	PHIL HC5612 REG.CAPELLI RIC/RETE 28REG. 0.5-28MM LAVABILE BLU 2
1004	20260703100204858	037696	30/06/2026	927883	REMI MB905REG.BARBA RIC.USB 9LUNGH, +2RIFINITORI THE WORKS 2
1005	20260703100204858	037696	30/06/2026	949985	ROWE TN8934 REG.BARBA/CAPELLI RIC/RETE L.INOX TRIM&STYLE SIN1 1
1006	20260703100204858	037696	30/06/2026	888770	PHIL S$3143. RASOIORIC. LAME POWERCUT 5D FLEX W&D AUT.G0MIN 2
1007	20260703100204858	037696	30/06/2026	851619	PHIL HR2041 FRULLATORE 450W 1VEL+PULSE 1.9LT BIANCO 6
1008	20260703104227593	037947	02/07/2026	948334	MOTO MOTOG865G8256GBCOSMICSKY SMARTP. 6.67"OLED 8GB 256GB 2
1009	20260703104227593	037947	02/07/2026	977809	XIAO REDMIA7PRO4128BLACK SMARTP. 6.9"HD+ 4GB 128GB 13+13MP 4
1010	20260703104227593	037947	02/07/2026	948338	MOTO MOTOG15POWER8512GBIGUANAG SMARTP. 6.72"FHD+ 8GB 512 2
1011	20260703104227593	037947	02/07/2026	977207	TIM X5CPLUS128GBTIMMIDNIGHTBL. SMARTP.HONOR 6.74" 4GB 128G 4
1012	20260706105352000	037084	29/06/2026	808631	JBL JBLTS10BTWHT CUFFIA WLSS BT 20-20KHZ TUNES10 BIANCO 6
1013	20260706105352000	037084	29/06/2026	887936	TRUS 24990 CUFFIA GAME PC/CONSOLE LEGGERE GXT 415 ZIROX BLA 2
1014	20260706105352000	037084	29/06/2026	911247	TRUS 25145 MOUSE ERGONOMICO WIRELESS BAYO Il BLACK 6
1015	20260706105352000	037084	29/06/2026	943161	TRUS 25523 ALIMENTATORE 65W USB-C GAN MAXO NERO 6
1016	20260707062951743	038180	02/07/2026	969007	QBEL QT430FGT TV LED 43"FHD DVBT2/S2 SMART GOOGLE TV 4
1017	20260708073515849	038097	02/07/2026	978883	CECO A90EU01120288 M.CAFFE' CAPSULE NESPRESSO POWER CAPS 20 CREA 2
1018	20260708073515849	038097	02/07/2026	387865	REBE ARTUSS25 PASSAPOMODORO 550W FILTRO INOX 18/10 INV.MARCIA 5
1019	20260708073515849	038097	02/07/2026	940172	BEUR BM27PIU MIS.PRESSIONE DA BRACCIO AUTOMAT.30POSIZ+CUST.BIAN 4
1020	20260708073515849	038097	02/07/2026	976786	GERM GRS8LDAF FRIGGITRICE AD ARIA 1750W 8LT DIGITALE NERO 8
1021	20260709104709178	039026	07/07/2026	938324	TIM GALAXYA16128GBTIMLIGHTGRE SMARTP.SAMS 6.7"FHD 4GB 128 4
1022	20260709104709178	039026	07/07/2026	938325	TIM GALAXYA16128GBTIMGRAY SMARTP.SAMS 6.7"FHD 4GB 128GB 4 5
1023	20260709104709178	039026	07/07/2026	969280	XIAO REDMINOTE15PRO8256BLACK SMARTP. 6.77"FHD+ AMOLED 8GB 2
1024	20260709104709178	039026	07/07/2026	962159	BRON MAXYDARKBLUE CELL. QB 2.8" FLIP DUALSIM 1.3MP DARK BLUE 6
1025	20260709104709178	039026	07/07/2026	946021	SAMS SMA366BLGBEUE SMARTP. 6.64" 6GB 128GB GALAXY A36 5G AW 4
1026	20260709104709178	039026	07/07/2026	972431	TIM REDMINOTE155G6128TIMBLACK SMARTP.XIAOMI 6.77”6GB 128G 6
1027	20260709104709178	039026	07/07/2026	879136	FUJI INSTAXMINI12PINK FOTO.ANAL.ISTANT. C/FLASH 60MM PINK 1
1028	20260709104709178	039026	07/07/2026	879137	FUJI INSTAXMINI12BLUE FOTO.ANAL.ISTANT. C/FLASH 60MM BLUE i)
1029	20260710101852927	039673	09/07/2026	931902	XIAO BHR8773GL AURICOLARE BT WLSS REDMI BUDS 6 PLAY WHITE 10
1030	20260710101852927	039673	09/07/2026	940028	TCL TAB11GEN2SPACEGRAY TABLET 10.9"MTK G80 6GB 256GB WIFI 3
1031	20260713064554761	039342	08/07/2026	986831	DAYA DMCB174MWE COMBI 174LT CE.E STATICO LOW FROST BIANCO 3
1032	20260713064554761	039342	08/07/2026	962747	LGE 50UA74006LB TV LED 50"UHD 4K DVBT2/S2 SMART WEBOS 4
1033	20260713064554761	039342	08/07/2026	962910	SABA SA40SMIOVDA TV LED 40"FHD DVBT2/S2 SMART VIDAA TIVUSAT 4
1034	20260713064554761	039342	08/07/2026	971292	TCL 55P8K. TV QLED 55"UHD 4K 144HZ DVBT2/S2 SMART GOOGLE TV 3
1035	20260713064554761	039342	08/07/2026	957029	SEKO SHFT16SWEO FRIGO TAVOLO 109LT CE.E C/CELLA TOP RIMOV. B 1
1036	20260713064737195	039290	08/07/2026	680976	ROWE EP1110F0. EPILATORE EASY TOUCH 24PINZE ROSA 5
1037	20260713064737195	039290	08/07/2026	758238	DIGA BUNDLETVSAT4K CAM TIVUSAT 4K ULTRA HD 2
1038	20260713064737195	039290	08/07/2026	869950	PANA RBHX220BDEK CUFFIA WLSS BT EXTRABASS NERO 4
1039	20260713064737195	039290	08/07/2026	909071	TREV 0XR8A4402 MINI SPEAKER RIC. BT 2X10W XR 8A44 DOUBLE ROSSO 4
1040	20260713064737195	039290	08/07/2026	888770	PHIL 3143 RASOIO RIC. LAME POWERCUT 5D FLEX W&D AUT.60MIN 2
1041	20260713064737195	039290	08/07/2026	954265	ARDE ARFOEL05 FORNELLO ELETTR. 2PIASTRE IN GHISA 2500W FOCUS DUO 4
1042	20260713064737195	039290	08/07/2026	957381	ARIE 2483 LAVAPAVIMENTI RIC. 220W 0.7/0.5LT HEPA AQUA FORCE 1
1043	20260713064737195	039290	08/07/2026	881293	BEKO MGC20130BB FORNO M/O 700W 20LT C/GRILL 1000W NERO 4
1044	20260713064737195	039290	08/07/2026	976778	GERM GR5SMC2 TRITATUTTO EL.300W CIOT.VETRO 1.8LT 4LAM.INOX 2VEL 6
1045	20260713064737195	039290	08/07/2026	984101	HOOV HF1M10HX011 SCOPA RIC.S/SACCO 0.7LT 14.8V HF1 MAX HOME FLEXI 4
1046	20260713064737195	039290	08/07/2026	637999	PHIL HD258390 TOSTAPANE 600W 8PROG. 2SCOMP. NERO 2
1047	20260713064737195	039290	08/07/2026	729733	ROWE DX1550 FERRO VAPORE 2200W PIAST.INOX EFFECTIVE 2 BLUE 4
1048	20260713064737195	039290	08/07/2026	949985	ROWE TN8934 REG.BARBA/CAPELLI-RIC/RETE LINOX TRIM&STYLE 8IN1 3
1049	20260713064737195	039290	08/07/2026	944883	HOTP HPK25403XP5E1 COMBI SS5LT CE.D NOFROST INVERTER SILVER 1
1050	20260713064737195	039290	08/07/2026	785837	MOUL DJI5201 TRITATUTTO 300W 400ML. 4LAME ACCIAIO MOUL.ESSENTIAL 1
1051	20260714064041986	039869	09/07/2026	975849	SMAW WHLT1INSM1WET FRIGO TAVOLO 9OLT CE.E INVERTER 4
1052	20260714064041986	039869	09/07/2026	948518	SABA SASSM91GTV TV QD-MINILED 55"UHD T2/S2 SMART GOOG.TV ST 6
1053	20260716100207369	040797	14/07/2026	962415	SMTE 24HHO1V TV LED 24"HD DVBT2/S2 SMART WHALE TV 2
1054	20260716100207369	040797	14/07/2026	966873	SEKO SWMHMN106S LAV.C/FRONT SLIM 45.5CM 6KG 1000GIRI CE.A VA 12
1055	20260716100207369	040797	14/07/2026	930745	SANG ST6512CL LAV.C/ALTO 6.5KG 1200GIRI CE.C DISP.LED 16PROG. 3
1056	20260716100207369	040797	14/07/2026	940523	CAND CNCQ27518EW COMBI 280LT CE.E NOFROST ILL.LED BIANCO 1
1057	20260717105307141	041202	16/07/2026	942463	MOTO MOTOFISMISTYBLUE SMARTP. 6.67"HD+ 2GB 64GB 32+8MP MIST 8
1058	20260717105307141	041202	16/07/2026	942464	MOTO MOTOE1T5FRESHLAVENDER SMARTP. 6.67"HD+ 2GB 64GB 32+8M 8
1059	20260717105307141	041202	16/07/2026	946016	SAMS SMASS6BZAGEUE SMARTP. 6.64"8GB 256GB GALAXY A36 5G AWE 3
1060	20260717105307141	041202	16/07/2026	946018	SAMS SMA366BLVGEUE SMARTP. 6.64"8GB 256GB GALAXY A36 5G AWE 3
1061	20260717105307141	041202	16/07/2026	946020	SAMS SMA366BLGGEUE SMARTP. 6.64"8GB 256GB GALAXY A36 5G AW 3
1062	20260717105307141	041202	16/07/2026	956830	XIAO REDMI158256SANDYPURPLE SMARTP.6.9"FHD+ 8GB 256GB 50MP 2
1063	20260717105307141	041202	16/07/2026	961880	APPL MFYM4QLA IPHONE 17 PRO MAX 256GB SILVER 1
1064	20260720092215988	041671	17/07/2026	948334	MOTO MOTOG865G82556GBCOSMICSKY SMARTP. 6.67"OLED 8GB 256GB 2
1065	20260722080700682	041427	16/07/2026	952888	INDE IMA762MYTIMEIT LAV.C/FRONT SLIM 47.4CM 7KG 1200GIRI CE.A 4|
1066	20260722080700682	041427	16/07/2026	948028	TCL 55P69K TV LED 55“UHD 4K DVBT2/S2 SMART GOOGLE TV 2|
1067	20260722080700682	041427	16/07/2026	952851	DAYA DSW81225M15A2LAV.C/F.SLIM 48CM 8KG 1200G CE.A-20% INVV 4|
