doc_id	motivo	testo
20260126082729876	altro	G.A.E.R Societa' CooperatiGAER C/O LOGISTICA UNO - VIA COLOMBARONE SN - 29010
20260126082729876	altro	Tel. 0522949620/30/40 - FaMGBIZIOBIAAD'ONGIRA RCA. 0020439
20260126082729876	altro	MITTENTI G.A.E.R Societa' Cooperativa DOCUMENTO DI TRASPORTO
20260126082729876	altro	GAER C/O LOGISTICA UNO - VIA COLOMBARONE SN - DESTINATARIO NUME DATA CAUSALE DEL TRASPORI
20260126082729876	intestazione_documento	DESTINATARI. DS UNGINZO 003382 Pg 1/1 21/01/2026 Vendita
20260126082729876	luogo_destinazione	001519 - 078 LUOGO DI DESTINAZIONE
20260126082729876	altro	CONSUMER IN SRL
20260126082729876	indirizzo	COOP CONO LI -SAVONA
20260126082729876	altro	PIAZZA G. FERRE', 10 Partita IVA: 04117520967
20260126082729876	indirizzo	20025 LEGNANO CORSO RICCI, 211R
20260126082729876	indirizzo	MI IT 17100 SAVONA
20260126082729876	altro	SV IT
20260126082729876	altro	ARTICOLO DESCRIZIONE DEI BENI UANTITA
20260126082729876	altro	Merce fatturata da Consumer.In srl a Coop Consorzio Nord Ovest P.I. 04117520967 e da quest'ultima ceduta al destinatario finkle.
20260126082729876	riferimento_fattura_ordine	Rif. citato in fatt. VEND 000906 del 21/01/2026
20260126082729876	riferimento_fattura_ordine	N.ro ordine 026036937 del 21/01/2026
20260126082729876	riferimento_fattura_ordine	N.ro ordine 026037145 del 21/01/2026
20260126082729876	altro	REFERENTI SCARICHI: | da lunedì a venerdì 08,00 - 12,00
20260126082729876	altro	REFERENTI SCARICHI: Tel. 019 84061
20260126082729876	altro	REFERENTI SCARICHI: | SI RICHIEDE PRENOTAZIONE SCARICO
20260126082729876	indirizzo	ipercoop savona
20260126082729876	indirizzo	BANCALI RES! ALLA PARI COOP LIGURIA 5.6.6, SAVONA
20260126082729876	altro	Sede Ipermercato
20260126082729876	indirizzo	Corso Ricci, 211 r. - 17100 SAVONA
20260126082729876	altro	i 26 GEN 2026
20260126082729876	altro	Gi riserviamo di veriticare le quantità e la
20260126082729876	altro	conformità degli articoli successivamente al ritiro.
20260126082729876	altro	DATA INIZIO TRASPOI TRASPORTO V [LOGISTICA UNO EUROPE SRL
20260126082729876	altro	21/01/26 12.54 A CURA DEI E
20260126082729876	altro	[) VETTORE |T f
20260126082729876	altro	CD DESTINATA!: |T U
20260126082729876	altro	TOTALE COL PESO KG VOLUME MC DATA E ORA RICEZIONE N|TIMBRO E FIRM $GIBILE DEL
20260126082729876	altro	45 478,50 3,857 ù x
20260126082729876	altro	NOTE ORARI SCARICO 08:00 - 12:00/Lun - Mar - Mer - Gio - Ven/ NECESSARIA PRENOTAZIONE/TEL. 01984061
20260126082729876	altro	BORDERO N, 000106526 BANCALI (IN SPEDIZIONE) 3
20260126082729876	altro	N.ro Imballi PALLET EPAL DA RENDERE: 1 - PALLET EPAL DA RENDERE: 1 - PALLET EPAL DA RENDERE: 1 - PALLET EPAL DA
20260127090549338	altro	‘ G.A.E.R Societa' Cooperativa GAER CENTRALE - e//7 - 42025 CORTE TEGGE DI
20260127090549338	altro	‘ n Tel. 0522949620/30/40 - Fax 0SDAUBIAGO.Ertita I. V. A. 00204390355
20260127090549338	altro	GAER CENTRALE - VIA F. SANTI, 5 - 42025 CORTE TEGGE DI DESTINATARIO NUMERC | DATA CAUSALE DEL TRASPORTO
20260127090549338	intestazione_documento	DESTINATARIO 003212 Pg 1/ 2 | 20/01/2026 Vendita
20260127090549338	luogo_destinazione	001519 - 078 LUOGO DI DESTINAZIONE
20260127090549338	altro	CONSUMER IN SRL
20260127090549338	indirizzo	COOP CONO LI -SAVONA
20260127090549338	altro	PIAZZA G. FERRE", 10 Partita IVA: 04117520967
20260127090549338	indirizzo	20025 LEGNANO CORSO RICCI, 211R
20260127090549338	indirizzo	MI m 17100 SAVONA
20260127090549338	altro	SV IT
20260127090549338	altro	Merce fatturata da Lonsumer.in srl a Coop Consorzio Nord Ovest P.I. 04117520967 e da quest'ultima ceduta al destinatario finale.
20260127090549338	riferimento_fattura_ordine	Rif. citato in fatt. VEND 003498 del 20/01/2026
20260127090549338	riferimento_fattura_ordine	N.ro ordine 026036939 del 20/01/2026
20260127090549338	riferimento_fattura_ordine	N.ro ordine 026036944 del 20/01/2026
20260127090549338	riferimento_fattura_ordine	N.ro ordine 026037144 del 20/01/2026
20260127090549338	riferimento_fattura_ordine	N.ro ordine 026037489 del 20/01/2026
20260127090549338	riferimento_fattura_ordine	Rif. citato in fatt. VEND 003499 del 20/01/2026
20260127090549338	riferimento_fattura_ordine	N.ro ordine 025975460 del 20/01/2026
20260127090549338	riferimento_fattura_ordine	N.ro ordine 026017546 del 20/01/2026
20260127090549338	altro	ORDINE DA TOTEM: ajmar eugenia
20260127090549338	riferimento_fattura_ordine	N.ro ordine 026034031 del 20/01/2026
20260127090549338	riferimento_fattura_ordine	N.ro ordine 026037830 del 20/01/2026
20260127090549338	altro	ORDINE DA TOTEM: claudio corrado
20260127090549338	riferimento_fattura_ordine	N.ro ordine 026041419 dei 20/01/2026
20260127090549338	altro	REFERENTI SCARICHI: da lunedì a venerdì 08,00 - 12,00
20260127090549338	altro	REFERENTI SCARICHI: SI RICHIEDE PRENOTAZIONE SCARICO
20260127090549338	altro	REFERENTI SCARICHI: Tel. 019 84061
20260127090549338	altro	DATA INIZIO TRASPORTI TRASPORTO V [LOGISTICA UNO EUROPE SRL
20260127090549338	altro	20/01/26 16.28 A CURA DEL E
20260127090549338	altro	[) VETTORE T
20260127090549338	altro	[]] DESTINATARI 5
20260127090549338	altro	TOTALE COLL PESO KG VOLUME MC DATA E ORA RICEZIONE MEF [TIMBRO E FIRMA LEGGIBILE DEL
20260127090549338	altro	5 500,39 3,940
20260127090549338	altro	NOTE ORARI SCARICO 08:00 - 12:00/Lun - Mar - Mer - Gio - Ven/ NECESSARIA PRENOTAZIONE/TEL. 019-84081
20260127090549338	altro	BORDERO N. 000106492 BANCALI (IN SPEDIZIONE) 4
20260127090549338	altro	x \ G.AE.R Societa’ Cooperativa GAER CENTRALE - VIA F. SANTI, 5 - 42025 CORTE TEGGE DI
20260127090549338	altro	. j Tel. 0522949620/30/40 - Fax 05BAMBMAGO. BEirtita 1. V. A. 00204390355
20260127090549338	altro	MITTENTE: G.A.E.R Societa' Cooperativa DOCUMENTO DI TRASPORTO
20260127090549338	altro	GAER CENTRALE - VIA F. SANTI, 5 - 42025 CORTE TEGGE DI DESTINATARIO NUMERC CAUSALE DEL TRASPORTO
20260127090549338	intestazione_documento	DESTINATARIO 003212 Pg 2/ 2 | 20/01/2026 Vendita
20260127090549338	luogo_destinazione	001519 - 078 LUOGO DI DESTINAZIONE
20260127090549338	indirizzo	CONSUMER IN SRL COOP CCNO LI -SAVONA
20260127090549338	indirizzo	COOP CCNO LI -SAVONA
20260127090549338	altro	PIAZZA G. FERRE', 10 Partita IVA: 04117520967
20260127090549338	indirizzo	20025 LEGNANO CORSO RICCI, 211R
20260127090549338	indirizzo	Mi IT 17100 SAVONA
20260127090549338	altro	Sv IT
20260127090549338	altro	ARTICOLO DESCRIZIONE DEI BENI QUANTITA"
20260127090549338	altro	Lista di prelievo Totale n. colli
20260127090549338	altro	000025029 1
20260127090549338	altro	000026759 4
20260127090549338	altro	DATA INIZIO TRASPORT( TRASPORTO Y [LOGISTICA UNO EUROPE SRL
20260127090549338	altro	20/01/26 16,28 ACURA DEL |E
20260127090549338	altro	[] VETTORE T
20260127090549338	altro	[[] DESTINATARI 5
20260127090549338	altro	TOTALE COLL PESO KG VOLUME MC DATA E ORA RICEZIONE MEF [TIMBRO E FIRMA LEGGIBILE DEL
20260127090549338	altro	5 500,39 3,940
20260127090549338	altro	NOTE = ORARI SCARICO 08:00 - 12:00/Lun - Mar - Mer - Gio - Ven/ /NECESSARIA PRENOTAZIONE/TEL. 019-84061
20260127090549338	altro	BORDERO N. 000106492 BANCALI (IN SPEDIZIONE) 4
20260127090549338	altro	N.ro Imballi PALLET EPAL DA RENDERE: 4
20260128102757782	altro	G.A.E.R Societa' Cooperati GAER CENTRALE - VIA F. SANTI, 5 - 42025 CORTE TEGGE DI
20260128102757782	altro	Tel. 0522949620/30/40 - FACOMRIAGRRE Partita I. V. A. 0020439
20260128102757782	altro	MITTENTI G.A.E.R Societa' Cooperativa DOCUMENTO DI TRASPORTO
20260128102757782	altro	GAER CENTRALE - VIA F. SANTI, 5 - 42025 CORTE DESTINATARIO NUME | DATA CAUSALE DEL TRASPORI
20260128102757782	intestazione_documento	DESTIN AT. ‘ARI AGO 004518 Pg 1/1 27/01/2026 Vendita
20260128102757782	luogo_destinazione	001519 - 078 LUOGO DI DESTINAZIONE
20260128102757782	altro	CONSUMER IN SRL
20260128102757782	indirizzo	COOP CCNO LI -SAVONA
20260128102757782	altro	PIAZZA G. FERRE, 10 Partita IVA: 04117520967
20260128102757782	indirizzo	20025 LEGNANO CORSO RICCI, 211R
20260128102757782	indirizzo	MI IT 17100 SAVONA
20260128102757782	altro	SV IT
20260128102757782	altro	ARTICOLO DESCRIZIONE DEI BENI QUANTITA'
20260128102757782	altro	Merce fatiurata da Consumer.in srl a Coop Consorzio Nord Ovest P.I. 04117520967 e da quest'ultima ceduta al destinatario fingle.
20260128102757782	riferimento_fattura_ordine	Rif. citato in fatt. VEND 004894 del 27/01/2026
20260128102757782	riferimento_fattura_ordine	N.ro ordine 026082022 del 27/01/2026
20260128102757782	riferimento_fattura_ordine	Rif. citato in fatt. VEND 004895 del 27/01/2026
20260128102757782	riferimento_fattura_ordine	N.ro ordine 026018753 del 27/01/2026
20260128102757782	riferimento_fattura_ordine	N.ro ordine 026060134 del 27/01/2026
20260128102757782	riferimento_fattura_ordine	N.ro ordine 026080026 del 27/01/2026
20260128102757782	riferimento_fattura_ordine	N.ro ordine 026100610 del 27/01/2026
20260128102757782	altro	REFERENTI SCARICHI: | da lunedì a venerdì 08,00 - 12,00
20260128102757782	altro	REFERENTI SCARICHI: | SI RICHIEDE PRENOTAZIONE SCARICO
20260128102757782	altro	REFERENTI SCARICHI: Tel. 019 84061
20260128102757782	altro	Lista di prelievo Totale n. colli
20260128102757782	altro	000034856 1
20260128102757782	indirizzo	COOP LIGURIA s.c.c. SAVONA
20260128102757782	altro	Sede Ipermercato
20260128102757782	indirizzo	Corso Ricci, 211 r.- 17100 SAVONA
20260128102757782	altro	28 GEN 2026
20260128102757782	altro	Gi riserviamo di verificare le quantità e la
20260128102757782	altro	conformità degli articoli successivamente al ritiro.
20260128102757782	altro	DATA INIZIO TRASPO! TRASPORTO |V|GLS ENTERPRISE SRL
20260128102757782	altro	27/01/26 8.26 A CURA DEL |E
20260128102757782	altro	O) vETTORE |T
20260128102757782	altro	[D DESTINATA! |T fi
20260128102757782	altro	TOTALE COL PESO KG VOLUME MC DATA E ORA RICEZIONE I [TIMBRO E FIRM Ki EGGIBILE DEL
20260128102757782	altro	1 11,44 0,022 ee: ee _
20260128102757782	altro	NOTE. ORARI SCARICO 08:00 - 12:00/Lun - Mar - Mer - Gio - Ven/ NECESSARIA PRENOTAZIONE/TEL. 019=84084"
20260129062149632	altro	- i f
20260129062149632	altro	N 6- ge j G.A.E.R Societa' CooperatiGAER C/O LOGISTICA UNO - VIA COLOMBARONE SN - 29010
20260129062149632	altro	: Tel. 0522949620/30/40 - FAMOBITIAFZA:D'ONGINA RCA. 0020439
20260129062149632	altro	MITTENTI G.A.E.R Societa' Cooperativa DOCUMENTO DI TRASPORTO
20260129062149632	altro	GAER C/0 LOGISTICA UNO - VIA COLOMBARONE SN - DESTINATARIO NUME | DATA CAUSALE DEL TRASPORTI
20260129062149632	intestazione_documento	DESTINATARI 9 ONGINA 003701: Pg 1/1 | 22/01/2026 Vendita
20260129062149632	luogo_destinazione	001519 - 078 LUOGO DI DESTINAZIONE
20260129062149632	altro	CONSUMER IN SRL ve s
20260129062149632	indirizzo	‘| COOP CGNO LI -SAVONA
20260129062149632	altro	PIAZZA G. FERRE", 10 Partita IVA: 04117520967
20260129062149632	indirizzo	20025 LEGNANO si CORSO RICCI, 211R
20260129062149632	indirizzo	MI IT .. [17100 sAVONA
20260129062149632	altro	SV IT
20260129062149632	altro	ARTICOLO DESCRIZIONE DEI BEN! QUANTITA
20260129062149632	altro	Merce fatturata da Consumer.In srl a Coop Consorzio Nord Ovest P.I. 04117520967 e da quest'ultima ceduta al destinatario finkle.
20260129062149632	riferimento_fattura_ordine	Rif. citato in fatt VEND 001038 del 22/01/2026
20260129062149632	riferimento_fattura_ordine	N.ro ordine 026054641 del 22/01/2026 »
20260129062149632	riferimento_fattura_ordine	Rif. citato in fatt. VEND 001039 del 22/01/2026
20260129062149632	riferimento_fattura_ordine	N.ro ordine 026045332 dei 22/01/2026
20260129062149632	altro	REFERENTI SCARICHI: SI RICHIEDE PRENOTAZIONE SCARICO
20260129062149632	altro	REFERENTI SCARICHI: da lunedì a venerdì 08,00 - 12,00
20260129062149632	altro	REFERENTI SCARICHI; - Tel. 019 84061
20260129062149632	altro	DATA INIZIO TRASPOI TRASPORTO |V{LOGISTICA UNO EUROPE SRL
20260129062149632	altro	22/01/26 12.33 A CURA DFI E
20260129062149632	altro	CI VETTORE |T
20260129062149632	altro	CO] DESTINATA! | T
20260129062149632	altro	TOTALE COL PESO KG VOLUME MC DATA E ORA RICEZIONE \{TIMBRO E FIRMA LEGGIBILE DEL
20260129062149632	altro	7 94,00 0,992
20260129062149632	altro	NOTE ORARI SCARICO 08:00 - 12:00/Lun - Mar - Mer - Gio - Ven/ NECESSARIA PRENOTAZIONE/TEL. 019-84061
20260129062149632	altro	BORDERO N. 000106564 BANCALI (IN SPEDIZIONE) 1
20260129062149632	altro	N.ro Imballi PALLET EPAL DA RENDERE: 1 - PALLET EPAL DA RENDERE: 1 - PALLET EPAL DA RENDERE: 1 - PALLET EPAL DA
20260129103105363	altro	2 GA.E.R Societa' Cooperati GAER CENTRALE - VIA F. SANTI, 5 - 42025 CORTE TEGGE DI
20260129103105363	altro	CAVRIAGO RE
20260129103105363	altro	creino Tel. 0522949620/30/40 - Fax 0522 494245 - Partita 1. V. A. 0020439
20260129103105363	altro	MITTEN GA.E.R Societa' Cooperativa DOCUMENTO DI TRASPORTO
20260129103105363	altro	GAER CENTRALE - VIA F. SANTI, 5 - 42025 CORTE TEGGE DESTINATARIO NUM CAUSALE DEL TRASPOR
20260129103105363	intestazione_documento	DESTINATAR 004887 Pg 1/1 28/01/2026 Vendita
20260129103105363	luogo_destinazione	001519 - 078 LUOGO DI DESTINAZION
20260129103105363	altro	CONSUMER IN SRL
20260129103105363	indirizzo	COOP CONO LI -SAVONA
20260129103105363	altro	PIAZZA G. FERRE', 10 Partita IVA: 04117520967
20260129103105363	indirizzo	20025 LEGNANO CORSO RICCI, 211R
20260129103105363	indirizzo	MI IT 17100 SAVONA
20260129103105363	altro	SV IT
20260129103105363	altro	ARTICOLO DESCRIZIONE DEI BENI QUANTIT
20260129103105363	altro	Nierce fatturata da Consumer.In srl a Coop Consorzio Nord Ovest P.I. 04117520967 e da quest'ultima ceduta al destinatario find
20260129103105363	riferimento_fattura_ordine	Rif. citato in fatt. VEND 005326 del 28/01/2026
20260129103105363	riferimento_fattura_ordine	N.ro ordine 026060134 del 28/01/2026
20260129103105363	riferimento_fattura_ordine	N.ro ordine 026080026 del 28/01/2026
20260129103105363	riferimento_fattura_ordine	N.ro ordine 026106915 del 28/01/2026
20260129103105363	altro	Lista di prelievo Totale n. colli
20260129103105363	altro	CARTONE 1
20260129103105363	indirizzo	RIA 5.00 SAVONA
20260129103105363	altro	COOP UGU cercato:
20260129103105363	indirizzo	Sede Tpermezi 00 SAVONA
20260129103105363	altro	Gorso Ricci 211"
20260129103105363	altro	2 GEN 2026
20260129103105363	altro	: RMITA
20260129103105363	altro	queNtTA ELA CONE
20260129103105363	altro	cas css art
20260129103105363	altro	GENERI VA
20260129103105363	altro	DATA INIZIO TRASPO TRASPORTO AC |V|GLS ENTERPRISE SRL
20260129103105363	altro	28/01/2026 09.01 E
20260129103105363	altro	[] VETTOR T
20260129103105363	altro	D pesminat |"
20260129103105363	altro	TOTALE CO PESO KG VOLUME M DATA E ORA RICEZIONE | TIMBRO E FIRMA LEGGIBILE DEL DESTI
20260129103105363	altro	i 2,55 0,003
20260129103105363	altro	NOTE ORARI SCARICO 08:00 - 12:00/Lun - Mar - Mer - Gio - Veni NECESSARIA PRENOTAZIONE/TEL. 019-84061
20260129103105363	altro	SPONDA IDRAULICA: Si
20260129103105363	altro	MEZZI ACCETTA  FRG-MCS - BSS fo
20260129103105363	altro	Nyo imballi Z|
20260129103105363	altro	TILL
20260130100805689	altro	) G.A.E.R Societa' Cooperati GAER CENTRALE - VIA F. SANTI, 5 - 42025 CORTE TEGGE DI
20260130100805689	altro	| CAVRIAGO RE
20260130100805689	altro	i recite Tel. 0522949620/30/40 - Fax 0522 494245 - Partita I. V. A. 0020439
20260130100805689	altro	MITTEN G.A.E.R Societa' Cooperativa DOCUMENTO DI TRASPORTO
20260130100805689	altro	GAER CENTRALE - VIA F. SANTI. 5 - 42025 CORTE TEGGE | DESTINATARIO NUM CAUSALE DEL TRASPOR
20260130100805689	intestazione_documento	DESTINATAR 005175 Pg 1/1 29/01/2026 Vendita
20260130100805689	luogo_destinazione	001519 - 078 LUOGO DI DESTINAZION
20260130100805689	altro	CONSUMER IN SRL.
20260130100805689	indirizzo	COOP CCNO LI -SAVONA
20260130100805689	altro	PIAZZA G. FERRE", 10 Partita IVA: 04117520967
20260130100805689	indirizzo	20025 LEGNANO CORSO RICCI, 211R
20260130100805689	indirizzo	MI IT 17100 SAVONA
20260130100805689	altro	SV m
20260130100805689	altro	ARTICOLO DESCRIZIONE DEI BENI QUANTIT
20260130100805689	altro	Merce fatturata da Consumer.in sr a Coop Consorzio Nord Ovest P.I. 04717520967 e da quest'ultima ceduta al destinatario find
20260130100805689	altro	Rif, citato in fatt. VEND 005617 del 29/01/2026
20260130100805689	riferimento_fattura_ordine	N.ro ordine 026018753 del 29/01/2026
20260130100805689	riferimento_fattura_ordine	N.ro ordine 026101791 del 29/01/2028
20260130100805689	altro	Lista di prelievo Totale n. colli
20260130100805689	altro	CARTONE 1
20260130100805689	indirizzo	COOP LIGURIA s.c.c. SAVONA
20260130100805689	altro	Sede Ipermercato:
20260130100805689	indirizzo	Corso Ricci, 211 ». - 17100 SAVONA
20260130100805689	altro	30 GEN 2026
20260130100805689	altro	CIRISERVIAMO DI VERIF ‘ Ù
20260130100805689	altro	DEGLI ARTICOLI SUCGRESVAMENTE RI RIOT
20260130100805689	altro	GENERI VARI
20260130100805689	altro	DATA INIZIO TRASPO TRASPORTO A C [VÎIGLS ENTERPRISE SRL
20260130100805689	altro	29/01/2026 08.37 E
20260130100805689	altro	D vertor T
20260130100805689	altro	CD] pestinat |T
20260130100805689	altro	TOTALE CO PESO KG VOLUME M DATA E ORA RICEZIONE | TIMBRO E FIRMA LEGGIBILE DEL DESTI
20260130100805689	altro	1 6,20 0,010
20260130100805689	altro	NOTE. ORARI SCARICO 08:00 - 12:00/Lun - Mar - Mer - Gio - Ven/ NECESSARIA PRENOTAZIONE/TEL, 016-84061
20260130100805689	altro	ALI
20260130100805689	altro	ST)
20260130100805689	altro	SPONDA Lod Si
20260130100805689	altro	MEZZI ACCETTA  FRG- MCS - BSS f
20260203065329443	altro	| G.A.E.R Societa' Cooperati. GAER C/O LOGISTICA UNO - VIA COLOMBARONE SN - 29010
20260203065329443	altro	È ” MONTICELLI D'ONGINA PC
20260203065329443	altro	lslezzone Tel. 0522949620/30/40 - Fax 0522 494245 - Partita 1. V. A. 0020439
20260203065329443	altro	MITTEN G.A.E.R Societa' Cooperativa DOCUMENTO DI TRASPORTO
20260203065329443	altro	GAER C/O LOGISTICA UNO - VIA COLOMBARONE SN - 290 f DESTINATARIO NUM | DATA CAUSALE DEL TRASPOR
20260203065329443	intestazione_documento	DESTINATAR ; 004696. Pg.1/ 1 27/01/2026 Vendita
20260203065329443	luogo_destinazione	001519 - 078 LUOGO DI DESTINAZION
20260203065329443	altro	CONSUMER IN SRL N f É “n i
20260203065329443	indirizzo	À COOP CGNO LI SAVONA | °
20260203065329443	altro	PIAZZA G. FERRE’, 10 Partita IVA: 04117520967
20260203065329443	indirizzo	20025 LEGNANO 4 CORSO RICCI, 211R ' .
20260203065329443	indirizzo	MI rr - |t7100. savoNA
20260203065329443	altro	uN SV IT
20260203065329443	altro	ARTICOLO DESCRIZIONE DEI BENI QUANTIT
20260203065329443	altro	Merce fatturata da Consumer.in srl a Coop Consorzio Nord Ovest P.I. 04117520967 e da quest'ultima ceduta al destinatario fingle.
20260203065329443	riferimento_fattura_ordine	Rif. citato in fatt. VEND 001275 del 27/01/2026
20260203065329443	altro	ORDINE DA TOTEM: pierluigi ferri
20260203065329443	riferimento_fattura_ordine	N.ro ordine 026100812 del 27/01/2026 —
20260203065329443	indirizzo	IPErCORO savona
20260203065329443	altro	BANCALI RESI ALLA PARI
20260203065329443	indirizzo	COOP LIGURIA s.c.c. SAVONA
20260203065329443	altro	Sede [Ipermercato
20260203065329443	indirizzo	Corso Rieci, 211 r. - 17100 SAVONA
20260203065329443	altro	3 FEB 2026
20260203065329443	altro	Ci riserviamo di verificare le quantità e la
20260203065329443	altro	conformità degli articoli successivamente al ritiro.
20260203065329443	altro	DATA INIZIO TRASPO TRASPORTO AC |VTLOGISTICA UNO EUROPE SRL
20260203065329443	altro	27/01/2026 14.29 E
20260203065329443	altro	D] veTTOR T
20260203065329443	altro	D pestinat | : _
20260203065329443	altro	TOTALE CO PESO KG VOLUME M DATA E ORA RICEZIONE | TIMBRO È FIRMABEGGIBILE DEL DESTI
20260203065329443	altro	3 19,74 Rm o
20260203065329443	altro	NOTE ORARI SCARICO 08:00 - 12:00/Lun - Mar - Mer - Gio - Ven/ (NECESSARIA PRENOTAZIONE/TEL. 019-84061
20260203065329443	altro	BORDERO N. 000106717 BANCALI {IN SPEDIZIONE) 1 SPONDA IDRAULICA: Si
20260203065329443	altro	MEZZI ACCETTA  FRG-MCS - BSS
20260203065329443	altro	N.ro imballi PALLET LEGNO 75X75 A RENDERE: f
20260203065602539	altro	: GOALS G.A.E.R Societa' Cooperativa - GAER CENTRALE - VIA F. SANTI, 5 - 42025 CORTE TEGGE DI
20260203065602539	altro	: I CAVRIAGO RE
20260203065602539	altro	: mina Tei. 0522949620/30/40 - Fax 0522 494245 - Partita |. V. A. 00204390355
20260203065602539	altro	‘| GAER CENTRALE - VIA F. SANTI, 5 - 42025 CORTE TEGGE DI CA_| DESTINATARIO NUMER | DATA CAUSALE DEL TRASPORTO
20260203065602539	luogo_destinazione	i 001519 - 078 LUOGO DI DESTINAZIONE ©
20260203065602539	altro	| | CONSUMER IN SRL ' i
20260203065602539	indirizzo	. COOP CONO LI «SAVONA :
20260203065602539	altro	|: | PIAZZA G. FERRE', 10 | Partita IVA::+ >» 04117520967
20260203065602539	indirizzo	120025 LEGNANO CORSO RICCI; 211R i
20260203065602539	indirizzo	|M m . |17199. . SAVONA :
20260203065602539	altro	\ .SV IT 2
20260203065602539	altro	: Merce fatturata da Consumer.In sri a Coop Consotzio Nord Ovest P.I. 04117520967 e da quest'ultima ceduta al destinatario finale.
20260203065602539	riferimento_fattura_ordine	Rif. citato in fatt. VEND 005215 del 28/01/2026
20260203065602539	riferimento_fattura_ordine	| N.ro ordine 026060124 del 28/01/2026
20260203065602539	altro	I. | 394676 MELI 480987  SUPP.TV26-40" 30KG SLIMSTYLE 200ST PLUS FAST BLOCK 2
20260203065602539	riferimento_fattura_ordine	: N.ro ordine 026082022 del 28/01/2026
20260203065602539	altro	i: |823079 TPLI  M7010 POCKET HOTSPOT 4GLTE 300MBPS 1SIM CARD SLOT NERO 3
20260203065602539	altro	i ]|367401 TRUS = 24549 MOUSE WIRELESS SILENZIOSO ECO YVI+ NERO 4
20260203065602539	altro	: DATA INIZIO TRASPOR TRASPORTO A VT LOGISTICA UNO EUROPE SRL
20260203065602539	altro	28/01/2026 07.52 CURA DEL E
20260203065602539	altro	. [T] DESTINATA |o
20260203065602539	altro	| |totALEcOL PESO KG VOLUME MC DATA E ORA RICEZIONE ME | TIMBRO E FIRMA LEGGIBILE DEL DESTINATA
20260203065602539	altro	E] e | TI
20260203065602539	altro	"= {NOTE ORARI SCARICO 08:00 - 12:00/Lun - Mar - Mer - Gio - Ven/ NECESSARIA PRENOTAZIONE/TEL. 019-84061
20260203065602539	altro	. BORDERO N. 000106733 BANCALI (IN SPEDIZIONE) 3 SPONDA IDRAULICA: Si
20260203065602539	altro	! MEZZI ACCETTAB  FRG- MCS-BSS
20260203065602539	altro	1 | G.A.E.R Societa' Cooperativa - GAER CENTRALE - VIA F. SANTI, 5 - 42025 CORTE TEGGE DI
20260203065602539	altro	| CAVRIAGO RE
20260203065602539	altro	Di sveticamoicina Tel. 0522949620/30/40 - Fax 0522 494245 - Partita |. V, A. 00204390355
20260203065602539	altro	MITTENT.G.A.E.R Societa' Cooperativa DOCUMENTO DI TRASPORTO
20260203065602539	altro	GAER CENTRALE - VIA F. SANTI, 5 - 42025 CORTE TEGGE DI CA | DESTINATARIO NUMER | DATA CAUSALE DEL TRASPORTO
20260203065602539	intestazione_documento	DESTINATARI 004818 Pg 2/ 2 28/01/2026 Vendita
20260203065602539	luogo_destinazione	001519 - 078 LUOGO DI DESTINAZIONE
20260203065602539	altro	CONSUMER IN SRL È ;
20260203065602539	indirizzo	_ COOP CCNO LI -SAVONA © È
20260203065602539	altro	PIAZZA G. FERRE, 10 i Partita IVÀ: 04117520967
20260203065602539	indirizzo	20025 = LEGNANO ‘ CORSO RICCI; 211R ù
20260203065602539	indirizzo	MI Ir | 17100. - SAVONA ;
20260203065602539	altro	Sv T
20260203065602539	altro	ARTICOLO DESCRIZIONE DEI BENI
20260203065602539	riferimento_fattura_ordine	Rif. citato in fatt. VEND 005216 del 28/01/2026
20260203065602539	riferimento_fattura_ordine	N.ro ordine 026037144 del 28/01/2026
20260203065602539	riferimento_fattura_ordine	N.ro ordine 026048154 del 28/01/2026
20260203065602539	riferimento_fattura_ordine	N.ro ordine 026079337 del 28/01/2026 -
20260203065602539	altro	Lista di prelievo Totale n. colli
20260203065602539	altro	CARTONE 2
20260203065602539	altro	CARTONE 3
20260203065602539	altro	(I
20260203065602539	indirizzo	IRENCOOP SAVONA
20260203065602539	altro	BANCALI RESI ALLA PARI
20260203065602539	altro	Di
20260203065602539	indirizzo	COOP LIGURIA s.c.c. SAVONA
20260203065602539	altro	, Sede [permercato
20260203065602539	indirizzo	Corso Ricei, 211 r. - 17100 SAVONA
20260203065602539	altro	Gi riserviamo di verificare le ità
20260203065602539	altro	Mi St veri quantità e la
20260203065602539	altro	conformità degli articoli successivamente al ritiro.
20260203065602539	altro	DATA INIZIO TRASPOR TRASPORTO A VI LOGISTICA UNO EUROPE SRL
20260203065602539	altro	28/01/2028 07.52 CURA DEL E
20260203065602539	altro	[ VETTORE T
20260203065602539	altro	[O DESTINATA Jo
20260203065602539	altro	TOTALE COL PESO KG VOLUME MC DATA E ORA RICEZIONE ME | TIMBRO E F IRMA LEGGIBILE DEL DESTINATA
20260203065602539	altro	en e
20260203065602539	altro	5 591,08 2,907 ) ti Ea
20260203065602539	altro	NOTE ORARI SCARICO 08:00 - 12:00/Lun - Mar - Mer - Gio - Ven/ NECESSARIA PRENOTAZIONE/TEL. 019-84061
20260203065602539	altro	BORDERO N. 000106733 BANCALI (IN SPEDIZIONE) 3 SPONDA IDRAULICA: Si
20260203065602539	altro	MEZZI ACCETTAB — FRG- MCS- BSS
20260203065602539	altro	N.ro Imballi PALLET EPAL DA RENDERE: 3
20260204110521926	altro	GA2RN G.A.E.R Societa' Cooperati GAER CENTRALE - VIA F. SANTI, 5 - 42025 CORTE TEGGE DI
20260204110521926	altro	i CAVRIAGO RE i se
20260204110521926	altro	costone Tel. 0522949620/30/40 - Fax 0522 494245 - Partita 1. V. A. 0020439
20260204110521926	altro	WTEN _ GAER Soc Coperaa
20260204110521926	altro	GAER CENTRALE - VIA F. SANTI. 5 - 42025 CORTE TEGGE | DESTINATARIO NUM | DATA CAUSALE DEL TRASPOR
20260204110521926	luogo_destinazione	001519-078 i ‘ | LUOGO DI DESTINAZION
20260204110521926	altro	Ss =
20260204110521926	indirizzo	0 COOP CCNO LI -SAVONA
20260204110521926	altro	PIAZZA G. FERRE’, 10 Partita IVA: 04117520967 .
20260204110521926	indirizzo	20025 LEGNANO CORSO RICCI, 211R
20260204110521926	indirizzo	MI IT 17100 SAVONA
20260204110521926	altro	i SV IT
20260204110521926	altro	ARTICOLO
20260204110521926	altro	: Merce fatturata da Consumer.in srl a Coop Consorzio Nord Ovest P.I. 04117520967 e da quest'ultima ceduta al destinatario findie.
20260204110521926	riferimento_fattura_ordine	| Rif. citato in fatt. VEND 006893. del 03/02/2026
20260204110521926	riferimento_fattura_ordine	| N.ro ordine 026060134 del 03/02/2026
20260204110521926	riferimento_fattura_ordine	I . N.ro ordine 026138112 del.03/02/2026 i
20260204110521926	riferimento_fattura_ordine	| Rif. citatoin fatt. VEND ° 006894 © ‘del 03/02/2026.
20260204110521926	riferimento_fattura_ordine	N.ro ordine 026139519 del 03/02/2026
20260204110521926	altro	Lista di prelievo Totale n. colli
20260204110521926	altro	000041361 3
20260204110521926	altro	DATA INIZIO TRASPO TRASPORTO A C |VTGLS ENTERPRISE SRL ; .
20260204110521926	altro	03/02/2026 09.53 E /,
20260204110521926	altro	[] VETTOR T
20260204110521926	altro	Eee iv
20260204110521926	altro	TOTALE CO. PESO KG VOLUME M DATA E ORA RICEZIONE ROHFIRMA LEGGIBILE DEL DESTI |
20260204110521926	altro	di
20260204110521926	altro	NOTE ORARI SCARICO 08:00 - 12:00/Lun - Mar - Mer - Gio - Ven/ NECESSARIA PRENOTAZIONE/TEL. 019-84061
20260204110521926	altro	: . SPONDA IDRAULICA: Si
20260204110521926	altro	MEZZI ACCETTA FRG- MCS - BSS
20260205144216613	altro	UU (3 4 Ì G.A.E.R Societa' Cooperati GAER C/O LOGISTICA UNO - VIA COLOMBARONE SN - 29010
20260205144216613	altro	” É È . MONTICELLI D'ONGINA PC
20260205144216613	altro	iconzon Tel. 0522949620/30/40 - Fax 0522 494245 - Partita I. V. A. 0020439
20260205144216613	altro	MITTEN G.A.E.R Societa' Cooperativa DOCUMENTO DI TRASPORTO
20260205144216613	altro	GAER C/O LOGISTICA UNO - VIA COLOMBARONE SN - 290 { DESTINATARIO NUM | DATA CAUSALE DEL TRASPOR
20260205144216613	intestazione_documento	DESTINATAR 006593 Pg 1/1 04/02/2026 Vendita
20260205144216613	luogo_destinazione	‘| 001519-078 LUOGO DI DESTINAZION .
20260205144216613	altro	CONSUMER IN SRL : . us .
20260205144216613	indirizzo	COOP CCNO LI -SAVONA . 0
20260205144216613	altro	PIAZZA G. FERRE", 10 Partita IVA: 04117520967 #
20260205144216613	indirizzo	MI IT 17100 SAVONA
20260205144216613	altro	SV IT
20260205144216613	altro	ARTICOLO : DESCRIZIONE DEI BENI QUANTIT
20260205144216613	altro	Merce fatturata da Consumer.in srl a Coop Consorzio Nord Ovest P.I. 04117520967 e da quest'ultima ceduta al destinatario findie.
20260205144216613	riferimento_fattura_ordine	Rif. citato in fatt. VEND 001717: del 04/02/2026 .
20260205144216613	riferimento_fattura_ordine	N.ro ordine 026132186 del 04/02/2026 °
20260205144216613	riferimento_fattura_ordine	N.ro ordine 026133898 del 04/02/2026
20260205144216613	riferimento_fattura_ordine	. N.ro ordine 026136781 del 04/02/2026 . o»
20260205144216613	riferimento_fattura_ordine	N.ro ordine 026138610 del 04/02/2026. °
20260205144216613	riferimento_fattura_ordine	Rif. citato in fatt VEND 001718 del 04/02/2026
20260205144216613	altro	ORDINE DA TOTEM: ONORI MARINO.
20260205144216613	altro	N_ro ordine 026134888 del 04/02/2026 | 0
20260205144216613	indirizzo	COOP LIGURIA s.c.C. SAVONA .
20260205144216613	altro	Sede Ipermercato: VONA
20260205144216613	indirizzo	Corso Ricci, 211 r. - 17100 SA l
20260205144216613	altro	| i . ‘5 FEB 2055
20260205144216613	altro	LA QUANTITÀ ELA CONFORMITA” .
20260205144216613	altro	CARTA cas Etico IOECESSIVAMENTE “a
20260205144216613	altro	| SAYONAGENERI VAR
20260205144216613	altro	BANCALI RESI ALLA PARI
20260205144216613	altro	DATA INIZIO TRASPO . TRASPORTO A C |VI LOGISTICA UNO EUROPE SRL. -
20260205144216613	altro	04/02/2026 11.44 l E .
20260205144216613	altro	{ [] VETTOR i . i
20260205144216613	altro	. - [ ] DESTINAT . i
20260205144216613	altro	TOTALE CO PESO KG VOLUME M DATA E ORA RICEZIONE |TIMBRO E FIRMA LEGGIBILE DEL DESTI i
20260205144216613	altro	52 1.247,37 5,884
20260205144216613	altro	NOTE ORARI SCARICO 08:00 - 12:00/Lun - Mar - Mer - Gio - Ven/ (NECESSARIA PRENOTAZIONE/TEL. 019-84061
20260205144216613	altro	BORDERO N. 000106977 BANCALI (IN SPEDIZIONE) 7 SPOND IBRAULICA: Si
20260205144216613	altro	| MEZZI ACCETTA FRG-MCS-BSS ; TS
20260205144216613	altro	N.ro Imballi PALLET EPAL DA RENDERE: 7 . UT
20260206100252557	altro	GLS.
20260206100252557	altro	COPIA PER DESTINATARIO
20260206100252557	altro	spedizione: M6661409381 Autista: 502
20260206100252557	altro	Destinatario:
20260206100252557	altro	COOP CONO NC/IPERCOOP SV-IL
20260206100252557	altro	Contri Logistic:
20260206100252557	altro	Vo ema I impo 5 Cavenago i isa (E)
20260206100252557	altro	GAS RETTE macina MO ni Tim
20260206100252557	altro	Regine
20260206100252557	altro	FATTURATO Ae1 SRL TO:
20260206100252557	altro	CONSUMER IN SRL
20260206100252557	altro	PIAZZA G. FERRE' 10
20260206100252557	altro	PO DOCUMENTO, DOCUMENT TRE
20260206100252557	indirizzo	Dr DOCUMENTO DI TRASPORTO 20025 LEGNANO MI
20260206100252557	altro	TOS EINE CODE ERICE RSS ASCAL GODE [FRATTA NA] VAT NUMBER
20260206100252557	altro	i
20260206100252557	altro	TEOR. PAG! PAYMENT TERMS DESTINAZIONE (SE DIVERSA DA QUELLA CHE PRECEDE) / SHIP TO
20260206100252557	altro	ee COOP CCNO NC/IPERCOOP SY-IL GABBIAN
20260206100252557	indirizzo	17100 SAVONA SV
20260206100252557	altro	Cai pre
20260206100252557	altro	RIF. 01,/059900-BCA/2647875295 4/02/26 ESPO00047
20260206100252557	altro	se _— 2 __ PT ene se Li
20260206100252557	altro	TERE? ESCI cu rate SFR snantEtane | Osta] Fersace  |wr
20260206100252557	altro	Prebolle: 260098066
20260206100252557	altro	NS.ORD, V710267531 29/01/26 NORD-OVEST 29/01/2026
20260206100252557	altro	29708001 PG-S10 BK SERBATOIO NERO 1
20260206100252557	altro	VS.C0D. 857185
20260206100252557	altro	52258001 PG-540 NERO hl
20260206100252557	altro	VS, 00D, 857190
20260206100252557	altro	52278001 CL-SI 3
20260206100252557	altro	vs.C0D, 857191
20260206100252557	altro	82878001 PG-545 BK SERBATOIO NERO u
20260206100252557	altro	VS.COD. 299793
20260206100252557	altro	37130001 CRG PG-560 2
20260206100252557	altro	VS.COn. 773826
20260206100252557	altro	37310001 CRG CL-561 3
20260206100252557	altro	v.C0D, 773825
20260206100252557	altro	52258013 PE-SUO CL-S41 MULTIPACK 5
20260206100252557	altro	VS.COp. 909685
20260206100252557	altro	5224B001 PG-S40L EUR BLACK INK CARTRIDGE 3
20260206100252557	altro	vs.C0n. 875523
20260206100252557	altro	82878008 PG-545/CL-546 PVP NO BLISTER 4
20260206100252557	altro	vs.00D, 909511
20260206100252557	altro	82868001 PG-545 XL SERBATOIO NERO 5
20260206100252557	altro	** SEGUE **
20260206100252557	altro	ee en RERGETRETAMOUT SFERE AI TRRERORIO] FREIGAT COSTS TARARE SIE SPESE EGLI AmeS SPESE AMMINISTRATIVE! AOMN DIP FFESE VARIE) DTREA DI.
20260206100252557	altro	î
20260206100252557	altro	TRIO FARSAORTO) SHPRENT DATE FRiIa CONDUGENTE DRIVER SIRATLAE FR DESTIIATARIO CORSIGNEE SUINATURE FIGTAAGE
20260206100252557	altro	1
20260206100252557	altro	|
20260206100252557	altro	NOTE
20260206100252557	altro	Marce lottato da Consumerin sa Coop Consorzio Nord ovest. 04117620187 » da quesl'atima cade cl asintoto fneie
20260206100252557	altro	Consegna eseguita a Coop Conzortio Nord averi par conta di Consumer in ar
20260206100252557	altro	GLS.
20260206100252557	altro	COPIA PER DESTINATARIO
20260206100252557	altro	Spedizione: M6661409381 Autista: 502
20260206100252557	altro	Destinatario:
20260206100252557	altro	COOP CONO NC/IPERCOOP SV-IL
20260206100252557	altro	cost gii .
20260206100252557	altro	n e I
20260206100252557	altro	GAS Ra
20260206100252557	altro	Fax. SSN GIssuni
20260206100252557	altro	ar mò rin nato ca ea Partita? IA, QOIZATIIICS
20260206100252557	altro	masi
20260206100252557	altro	CONSUMER IN SRL
20260206100252557	altro	PIAZZA G, FERRE' 10
20260206100252557	indirizzo	DDT DOCUMENTO DI TRASPORTO 20025 LEGNANO MI
20260206100252557	altro	e PT OT
20260206100252557	altro	[SOND. PAG. I PAYMENT TERMS DESTINAZIONE (SE DIVERSA DA QUELLA CHE PRECEDE) / SHIP TO
20260206100252557	indirizzo	17100 SAVONA SV
20260206100252557	altro	CT Nine
20260206100252557	altro	AGENTE SALES REP RIF.01/059900-BCA/2647875295 4/02/26 ESPO00047
20260206100252557	altro	cent SET ATER‘ _ RL
20260206100252557	altro	VS.COD, 299794
20260206100252557	altro	8288B001 CL-546 XL COLOR 3
20260206100252557	altro	VS.C0D. 299792
20260206100252557	altro	54380001 PG-575 3
20260206100252557	altro	VS.COn. 878820
20260206100252557	altro	54420001 CL-576 3
20260206100252557	altro	Vs.Con. 878818
20260206100252557	altro	CI3T08914021 CARTUCCIA INCH.NERO STYLUS S20 1
20260206100252557	altro	VS.C0D. 191337
20260206100252557	altro	(13729814022 | CART,INCH NERO FRAGOLA SERIE 29 5
20260206100252557	altro	VS.COD. 495596
20260206100252557	altro	(13729824022 | CART.INCH CIANO FRAGOLA SERIE 29 2
20260206100252557	altro	VS.COD. 495595
20260206100252557	altro	(13729834022 | CART.MAGENTA FRAGOLA SERIE 29 1
20260206100252557	altro	VS.COD. 495594
20260206100252557	altro	(13729864022 | MULTIPACK 29 FRAGOLA CONF. 4CARTUCCE 4
20260206100252557	altro	VS.00D. 495592
20260206100252557	altro	(13707114022 | CART,INCH NERO BLISTER MFDX4000 3
20260206100252557	altro	VS.C0D, 191293
20260206100252557	altro	(013707154022 | MULTIPACK (TO7I) 4 COLORI STYD78 2
20260206100252557	altro	VS.C0D. 96343
20260206100252557	altro	#* SEGUE **
20260206100252557	altro	È
20260206100252557	altro	;
20260206100252557	altro	2
20260206100252557	altro	NOTE
20260206100252557	altro	sce hci o Comma Cep Cel Nd IA TTT da quia cdi co
20260206100252557	altro	cosgne regna e Chop Cna aper conto muri
20260206100252557	altro	GLS.
20260206100252557	altro	COPIA PER DESTINATARIO
20260206100252557	altro	Spedizione: M6661409381 Autista: 502
20260206100252557	altro	Destinatario:
20260206100252557	altro	COOP CONO NC/IPERCOOP SV-IL
20260206100252557	altro	' Centri Logistiol:
20260206100252557	altro	i FIORE o sig
20260206100252557	altro	GAS gremttenizionee | Rara
20260206100252557	altro	Far OS22 assalto
20260206100252557	altro	Lavorint svsrm meri ani mine Partita 1 VA. DODGIIIMISS
20260206100252557	altro	CONSUMER IN SRL
20260206100252557	altro	PIAZZA G. FERRE 10
20260206100252557	altro	E
20260206100252557	indirizzo	DOT DOCUMENTO DI TRASPORTO 20025 LEGNANO MI
20260206100252557	altro	U — ———-=-
20260206100252557	altro	952036,
20260206100252557	altro	COND. PAG. | PAYMENT TERMS DESTIRAZIONE {SE DIVERSA DA QUELLA CHE PRECEDE)! SHIP TD
20260206100252557	altro	COOP CCNO NC/IPERCOOP SV-IL GABBIAN
20260206100252557	altro	SP A
20260206100252557	indirizzo	17100 SAVONA SV
20260206100252557	altro	e
20260206100252557	altro	e Trovo scan ne O
20260206100252557	altro	C13T18064022 MULTIPACK MARGHERITA N,U CARTUCCE
20260206100252557	altro	. VS, 00D, 229535
20260206100252557	altro	C13T16224022 CARTUCCIA CIANO 16 PENNA/I CRUCIVERBA
20260206100252557	altro	VS.C0D. 2450643
20260206100252557	altro	013716234022 CARTUCCIA MAGENTA PENNA/CRUCIVERBA
20260206100252557	altro	VS. C0D, 245044
20260206100252557	altro	C13T16264022 MULTIPACK N,4 CART, PENNA/( CRUCIVERBA
20260206100252557	altro	VS.C0n. 245046
20260206100252557	altro	C13T03A94O20 MULTIPACK 4 COLORI NERO + COLORI
20260206100252557	altro	Vs.00D. 751282
20260206100252557	altro	CISTOZULLOZO CART.INCH GIALLO STELLA MARINA
20260206100252557	altro	. VS. Con, 751278
20260206100252557	altro	CI3TOZUGUOZO MULTIPACK 4 COLORI C/7/G STELLA MAR
20260206100252557	altro	VS.C0D. 751276
20260206100252557	altro	C13710614020 CARTUCCE INK ANANAS BLACK 604
20260206100252557	altro	vs.C0D. 851688
20260206100252557	altro	(13710624020 CARTUCCE INK ANANAS CYAN 604
20260206100252557	altro	VS, COD, 861637
20260206100252557	altro	C13T10634020 CARTUCCE INK ANANAS MAGENTA 604
20260206100252557	altro	VS,C0D. 861686
20260206100252557	altro	CI3T10644020 CARTUCCE INK ANANAS YELLOW 604
20260206100252557	altro	** SEGUE **
20260206100252557	altro	E E E
20260206100252557	altro	3
20260206100252557	altro	3
20260206100252557	altro	#* SEGUE **
20260206100252557	altro	ME I ridire i
20260206100252557	altro	Pene Mc ace
20260206100252557	altro	GLS.
20260206100252557	altro	COPIA PER DESTINATARIO
20260206100252557	altro	Spedizione: M6661409381 Autista: 502
20260206100252557	altro	Destinatario:
20260206100252557	altro	COOP CONO NC/IPERCOOP SV-IL
20260206100252557	altro	Centi Logi:
20260206100252557	altro	Mm Vil Senta ara Campo $ covenago di anca (18)
20260206100252557	altro	GAS BENE oconseo — MITE Le
20260206100252557	altro	Lime mec irene OSSIA NASTRI
20260206100252557	altro	FATTURATO AL BILL TO
20260206100252557	altro	CONSUMER IN SRL
20260206100252557	altro	PIAZZA G. FERRE' 10
20260206100252557	altro	TIPO DOCUMENTO DOCUMENT IVBE
20260206100252557	indirizzo	DDT DOCUMENTO DI TRASPORTO 20025 LEGNANO MI
20260206100252557	altro	TER Cene 1008 TESDIGE FISCALE FISCAL CODE TPARTITÀ WAI VATAIASEA
20260206100252557	altro	e OOO.
20260206100252557	altro	(SONO. PAG, + PAYMENT TERMS ‘DESTINAZIONE (SE DIVERSA DA QUELLA CHE PRECEDE) / SHIP TO.
20260206100252557	indirizzo	17100 SAVONA SV
20260206100252557	altro	Bom Cal
20260206100252557	altro	narime:quesnee RIF. 01/059900-BCA/26417875295 4/02/26 ESPO00047
20260206100252557	altro	ceemTT =eT_ _ [Tee Fr El
20260206100252557	altro	ERE SEGA cu Trrzase | SFR siodincenie | Aso dre |Wr
20260206100252557	altro	VS.00D. 861685
20260206100252557	altro	C13T10664020 | CARTUCCE ANANAS MULTIPACK 604 5
20260206100252557	altro	VS.00D. 861684
20260206100252557	altro	CIST10H94020 | CARTUCCE INK ANANASU-COL 604 XL 5|
20260206100252557	altro	VS.C0D. 862071
20260206100252557	altro	CI3TO5GG40O20 | MULTIPACK 4 COLORI 405 DURABRITE 1
20260206100252557	altro	VS.C0D. 793022
20260206100252557	altro	C2POHAEBL HP 62 BLACK INK CARTRIDGE 2
20260206100252557	altro	Part Number C2POHAE#301
20260206100252557	altro	VS.C0D. 41891
20260206100252557	altro	C2POGAEBL HP 62 TRI-COLOR INK CARTRIDGE 1
20260206100252557	altro	Part Number C2POGAE#301
20260206100252557	altro	VS.00D. HI8940
20260206100252557	altro	FEUBGAEBL INK BLISTER HP 302 BLACK CARTRIDGE 15
20260206100252557	altro	Part Number FEUGGAE#SO1
20260206100252557	altro	VS.C0D. 498868
20260206100252557	altro	NOKOSAEBL HP 304 TRI-COLOR INK CARTRIDGE 5
20260206100252557	altro	Part Number NOKOSAE#301
20260206100252557	altro	VS.C0D, 614605
20260206100252557	altro	NOKOGAEBL HP. 304 BLACK INK CARTRIDGE 10
20260206100252557	altro	Part Number NOKOGAE#301
20260206100252557	altro	++ SEGUE **
20260206100252557	altro	RIFFATRESGRNZA DOSSI SARE REFERENTE FRA SIATE BREGANO
20260206100252557	altro	È
20260206100252557	altro	;
20260206100252557	altro	RZ TAREFORTO SAPIENTE FRA CONCORDE SUTRE FATA DESTNATARI I CONSIGNEE SNATURE FIGIRAGEI
20260206100252557	altro	4
20260206100252557	altro	** SEGUE **
20260206100252557	altro	noft
20260206100252557	altro	Merce laturata di Contumerin a Coop Consorzio Nord ovest .1 04117520747 ® da quest'ultima cedute I destinaterio Inale
20260206100252557	altro	Consegna aseguita a Coop Consorzio Nord avest per conto di Consumer i
20260206100252557	altro	GLS.
20260206100252557	altro	COPIA PER DESTINATARIO
20260206100252557	altro	Spedizione: M6661409381 Autista: 502
20260206100252557	altro	Destinatario:
20260206100252557	altro	COOP CONO NC/IPERCOOP SV-IL
20260206100252557	altro	Cenni Logistic
20260206100252557	altro	| Sea Ce I rca
20260206100252557	altro	GAST ponete gone Re
20260206100252557	altro	Leona een sv REA 008
20260206100252557	altro	FATTURATO ALI ARL TO:
20260206100252557	altro	CONSUMER IN SRL
20260206100252557	altro	PIAZZA 6. FERRE' 10
20260206100252557	altro	TIPO DOCUMENTO! DOCUENTIVPE
20260206100252557	indirizzo	DDT DOCUMENTO DI TRASPORTA 20025 LEGNANO MI
20260206100252557	altro	TOR GER TCODE ESCE ARCHIE TARGA OODE [PARITA AI VAT RNSER
20260206100252557	altro	e TT
20260206100252557	altro	(CONO. PAG, PAVHENT TERVS DESTINAZIONE (SE ONERSA DA QUELLA CHE PRECEDE) / SHIP TO.
20260206100252557	altro	| COOP CCNO NC/IPERCOOP SV-TL GABBIAN
20260206100252557	indirizzo	17100 SAVONA SV
20260206100252557	altro	Bacio dame Pr
20260206100252557	altro	EL ESOICE PRODOTTO TESA PADDOO RTRT FAEZZO NARO” TEVISR CAMEO RIE, GRIGIO PIV] SESCONTO 1 FORIO TE
20260206100252557	altro	cr E CC _ eta Pre |
20260206100252557	altro	VS.COD. 614606
20260206100252557	altro	NOKOBAEBL HP 304XL BLACK INK CARTRIDGE 4
20260206100252557	altro	Part. Number NOKOSAE#301
20260206100252557	altro	VS.C0D, 614604
20260206100252557	altro	3YMS0AEBL HP 305 CARTUCCIA TRICOLOR BLISTER 5
20260206100252557	altro	Part Number 3YMGGAE#301
20260206100252557	altro	VS.COD. 778998
20260206100252557	altro	3YMB1AEBL HP 305 CARTUCCIA NERA BLISTER 1
20260206100252557	altro	Part Number 3YM61AE#301
20260206100252557	altro	VS, COD. 778999
20260206100252557	altro	3YMBZAEBL HP 305XL CARTUCCIA NERA BLISTER ll
20260206100252557	altro	Part Nuniber 3YMS2AE#301
20260206100252557	altro	VS, COD. 778997
20260206100252557	altro	3JBOSAEBL HP 304 INK CARTRIDGE COMBO 2-PACK 5
20260206100252557	altro	Part Number 3JBOSAE#S01
20260206100252557	altro	VS.COD. 713866
20260206100252557	altro	SZDI7AEBL HP 305 2-PACK TRI-COLOR/BLACK li
20260206100252557	altro	Part Number 62D17AE#301
20260206100252557	altro	VS.COD. 833321
20260206100252557	altro	3YM63AEBL HP 305XL CARTUCCIA TRICOLOR BLISTER 16
20260206100252557	altro	Part Number 3YM63AE#301
20260206100252557	altro	** SEGUE **
20260206100252557	altro	x DAnE ide OF COLLECTION
20260206100252557	altro	DI
20260206100252557	altro	TIZISTRASORTO SIENTE WIR CONDUCENTE DAVE SGIATUAE FRA GESFATARO CONSIGNEE SIGNATURE FAGIFAGE
20260206100252557	altro	5
20260206100252557	altro	Note
20260206100252557	altro	Merce fltureta de Concumer In sa Coop Conzonio Nord ovest 04117520987 è da quest'ultimi ceduta ci destinatario finale
20260206100252557	altro	Censagne eseguito a Cosp Cononio Nerd ovest per conto di Consumers
20260206100252557	altro	GLS.
20260206100252557	altro	COPIA PER DESTINATARIO
20260206100252557	altro	Spedizione: M6661409381 Autista: 502
20260206100252557	altro	Destinatario:
20260206100252557	altro	COOP CONO NC/IPERCOOP SV-IL
20260206100252557	altro	Centri Lagistici:
20260206100252557	altro	, PISTE FERRONI sco
20260206100252557	altro	GAS i ee
20260206100252557	altro	Fax cora satssto
20260206100252557	altro	n PRI, a AA e ti Parnta !VA DOPSSIPIRSS
20260206100252557	altro	FATTURATO A / ILL 71
20260206100252557	altro	CONSUMER IN SRL
20260206100252557	altro	PIAZZA G. FERRE' 10
20260206100252557	altro	PO DOCUMENTO DOCUMENT PE
20260206100252557	indirizzo	DDT DOCUMENTO DI TRASPORTA 20025 LEGNANO MI
20260206100252557	altro	RAR TESE FEET ASIA 00" [ARRIVA VAT ARRE
20260206100252557	altro	952036
20260206100252557	altro	[GND FAS. I PAYMENT TERMS DESTINAZIONE (SE DIVERSA DA QUELLA CHE PREGEDE) | SHIP TO
20260206100252557	altro	COOP CONO NC/IPERCOOP SV-IL GABBIAN
20260206100252557	altro	"20 SO
20260206100252557	indirizzo	217100 SAVONA SV
20260206100252557	altro	SEO EI
20260206100252557	altro	RIF.01/059900-BCA/2647875295 4/02/26 ESPO00047
20260206100252557	altro	ETEGMBE PROSA TESSERE FROTSTO e e IT SID) NI LA
20260206100252557	altro	Vs.COD. 778996
20260206100252557	altro	NOJ7IAEBL HP 62 COMBO BLISTER NERO/TRICROMIA
20260206100252557	altro	Part Number NOJ7IAE#S0L
20260206100252557	altro	Vs.C0D, 598445
20260206100252557	altro	SUSIOA MLT-DI11S/ELS TONER BLACK
20260206100252557	altro	100949509018
20260206100252557	altro	vs.C0D. 677434
20260206100252557	altro	Note di consegna :
20260206100252557	altro	CRIlultimedia, savoncaliguria. coop. it
20260206100252557	altro	---___—- Dettaglio colli = E Deanna) repo) GINA
20260206100252557	altro	26035XSBH4: 1,5.
20260206100252557	altro	phissozoni NODO 16op LtorudS
20260206100252557	altro	coli |p Siatoh Met odia D
20260206100252557	altro	DI DI E poor j DIANA IP °
20260206100252557	altro	9707 339
20260206100252557	altro	Ro "pdrY 08
20260206100252557	altro	vnonvs doLsi[ catia
20260206100252557	altro	[NETTO MERGE | MET AMOUNT "SPESE DI TRASPORTO ! FREYOHT COSTS SPESE IMBALLO / PACKING COSTS SPESE BOLLI / DUTIES EPESE AMMINISTRATI FETIGUIN EXP. TI q'01 T
20260206100252557	altro	YNOAYS +95 VIANDII do 0)
20260206100252557	altro	FESAESITTENE TRASPORTO A GRADE FAISRSATAY FFSTALE FAFTURAZ TATALINVONCE
20260206100252557	altro	FR FRANCO VETTORE
20260206100252557	altro	ERA TISIGIO] PARERE FARI SETTA TTI)
20260206100252557	altro	PIVA E De oe coLiscrON
20260206100252557	altro	i G.L.S. SRL Partito Iva 04102770965 45/02/25 16:04:00
20260206100252557	altro	I VIA BASENTO 19 Albo Autotrasportatori MI1725402
20260206100252557	altro	"MILANO 20098 MI f ,
20260206100252557	altro	PERUSAIE DEL TRASPORTO. REASON OF SHIPMENT. ASPETTO ESTERIORE DEI BENI / PACKAGING ca PESO COMPLESSIVO | TOTAL WEIGHT
20260206100252557	altro	01 VENDITA SCATOLE TE 17,79 KG 0,136 MC
20260206100252557	altro	e TT_ ad DO).
20260206100252557	altro	di 6
20260206100252557	altro	|
20260206100252557	altro	UL U/
20260206100252557	altro	note À pe
20260206100252557	altro	Ì prati
20260206100252557	altro	‘aree ioiuoto de Coneumar ins! Coop Consolo Nord ovest. DTTTS20TA7 è ci queMioemore destra ie
20260206100252557	altro	Consegna aragui a Coop Cometa Nord vest per conio di Consumer ina
20260206100252557	altro	\ G.A.E.R Societa' Cooperati GAER CENTRALE - VIA F. SANTI, 5 - 42025 CORTE TEGGE DI
20260206100252557	altro	) CAVRIAGO RE
20260206100252557	altro	sese Tel. 0522949620/30/40 - Fax 0522 494245 - Partita 1. V. A. 0020439
20260206100252557	altro	MITTEN GA.E.R Societa' Cooperativa DOCUMENTO DI TRASPORTO
20260206100252557	altro	GAER CENTRALE - VIA F. SANTI. 5 - 42025 CORTE TEGGE DESTINATARIO NUM CAUSALE DEL TRASPOR
20260206100252557	intestazione_documento	DESTINATAR 006578 Pg 1/1 04/02/2026 Vendita
20260206100252557	luogo_destinazione	001519 - 078 LUOGO DI DESTINAZION
20260206100252557	altro	CONSUMER IN SRL
20260206100252557	indirizzo	COOP CCNO LI -SAVONA
20260206100252557	altro	PIAZZA G. FERRE', 10 Partita IVA: 04117520967
20260206100252557	indirizzo	20025 LEGNANO CORSO RICCI, 211R
20260206100252557	indirizzo	MI IT 17100 SAVONA
20260206100252557	altro	SV IT
20260206100252557	altro	ARTICOLO DESCRIZIONE DEI BENI QUANTIT
20260206100252557	altro	Merce fatturata da Consumer.In sri a Coop Consorzio Nerd Ovest P.I. 04117520967 e da quest'ultima ceduta al destinatario findle.
20260206100252557	riferimento_fattura_ordine	Rif. citato in fatt. VEND 007322 del 04/02/2026
20260206100252557	riferimento_fattura_ordine	N.ro ordine 026060134 del 04/02/2026
20260206100252557	altro	Lista di prelievo Totale n. colli
20260206100252557	altro	000044601 1
20260206100252557	altro	FA
20260206100252557	altro	Pep fiuuopuo9
20260206100252557	altro	jo quouoAIss230n5 peas ETA n ©
20260206100252557	altro	515 Ruano 2] a1ponuoa IP tti vi i peezza
20260206100252557	altro	-{f} e
20260206100252557	altro	gol 8349 // LA
20260206100252557	altro	e ife: °C» DI DA :
20260206100252557	altro	REA SIEPI: SI
20260206100252557	altro	zz A 009
20260206100252557	altro	an a *<
20260206100252557	altro	YNOAYS g9:s 9
20260206100252557	altro	i
20260206100252557	altro	DATA INIZIO TRASPO TRASPORTO AC |VJGLS ENTERPRISE SRL
20260206100252557	altro	04/02/2026 11.09 E
20260206100252557	altro	[] VETTOR T
20260206100252557	altro	FJ pestimat |"
20260206100252557	altro	TOTALE CO PESO KG VOLUME M DATA E ORA RICEZIONE |TIMBRO E FIRMA LEGGIBILE DEL DESTI
20260206100252557	altro	1 1,33 0,002
20260206100252557	altro	NOTE. ORARI SCARICO 08:00 - 12:00/Lun - Mar - Mer - Gio - Ven/ (NECESSARIA PRENOTAZIONE/TEL. 019-84061
20260206100252557	altro	SPONDA IDRAULICA: Si
20260206100252557	altro	MEZZI ACCETTA FRG- MCS - BSS
20260209062815108	altro	eee TTT
20260209062815108	altro	GAL G.A.E.R Societa" Cooperativa - GAER CENTRALE - VIA F. SANTI, 5 - 42025 CORTE TEGGE DI
20260209062815108	altro	Ì CAVRIAGO RE
20260209062815108	altro	amento spes Tel, 0522949620/30/40 - Fax 0522 494245 - Partita I. V. A. 00204390355
20260209062815108	altro	GAER CENTRALE - VIA F. SANTI, 5 - 42025 CORTE TEGGE DI CA DESTINATARIO NUMER | DATA CAUSALE DEL TRASPORTO
20260209062815108	luogo_destinazione	001519 - 078 LUOGO DI DESTINAZIONE “x
20260209062815108	altro	CONSUMER IN SRL N
20260209062815108	indirizzo	COOP CONO LI -SAVONA ì
20260209062815108	altro	PIAZZA G. FERRE", 10 Partita IVA: 04117520967
20260209062815108	indirizzo	20025 LEGNANO CORSO RICCI, 211R N
20260209062815108	indirizzo	MI IT 17100 SAVONA x
20260209062815108	altro	SV IT
20260209062815108	altro	CUsIOZI
20260209062815108	altro	Merce fatturata da Consumer.In ‘sti a Coop Consorzio Nord Ovest P.I. 04117520967 e da quest'ultima ceduta ‘al destinatario finale.
20260209062815108	riferimento_fattura_ordine	Rif. citato in fatt. VEND 007115 del 03/02/2026
20260209062815108	riferimento_fattura_ordine	N.ro ordine 026044473 del 03/02/2026
20260209062815108	altro	Naro ordine 026138127 del 03/02/2026
20260209062815108	riferimento_fattura_ordine	N.ro ordine 026138137 del 03/02/2026
20260209062815108	altro	Niro ordine 026138609 del 03/02/2026
20260209062815108	riferimento_fattura_ordine	N.ro ordine 026138659 del 03/02/2026
20260209062815108	riferimento_fattura_ordine	N.ro ordine 026138716 del 03/02/2026
20260209062815108	altro	DATA INIZIO TRASPOR TRASPORTO A LOGISTICA UNO EUROPE SRL
20260209062815108	altro	e e TOT
20260209062815108	altro	Dl VETTORE
20260209062815108	altro	[L] DESTINATA
20260209062815108	altro	TOTALE COL VOLUME MC DATA E ORA RICEZIONE ME | TIMBRO E FIRMA LEGGIBILE DEL DESTINATA
20260209062815108	altro	6 6,636
20260209062815108	altro	NOTE. ORARI SCARICO 08:00 - 12:00/Lun - Mar - Mer - Gio - Ven/ NECESSARIA PRENOTAZIONE/TEL. 01 9-84061
20260209062815108	altro	BORDERO N. 000106960 BANCALI (IN SPEDIZIONE) 6 SPONDA IDRAULICA: Si
20260209062815108	altro	MEZZI ACCETTAB FRG - MCS - BSS
20260209062815108	altro	uesrcioni enim = ENTI
20260209062815108	altro	C) GA.E.R Societa' Cooperativa - GAER CENTRALE - VIA F. SANTI, 5 - 42025 CORTE TEGGE DI
20260209062815108	altro	i CAVRIAGO RE
20260209062815108	altro	HERO Tel. 0522949620/30/40 - Fax 0522 494245 - Partita I. V. A. 00204390355
20260209062815108	altro	MITTENT  GA.E.R Societa' Cooperativa DOCUMENTO DI TRASPORTO
20260209062815108	altro	GAER CENTRALE - VIA F. SANTI, 5 - 42025 CORTE TEGGE DI CA DESTINATARIO NUMER | DATA CAUSALE DEL TRASPORTO
20260209062815108	intestazione_documento	DESTINATARI 006427 Pg 2/ 2 03/02/2026 Vendita
20260209062815108	luogo_destinazione	001519 - 078 LUOGO DI DESTINAZIONE
20260209062815108	altro	CONSUMER IN SRL
20260209062815108	indirizzo	COOP CONO LI -SAVONA
20260209062815108	altro	PIAZZA G. FERRE", 10 Partita IVA: 04117520967
20260209062815108	indirizzo	20025 =—LEGNANO CORSO RICCI, 211R
20260209062815108	indirizzo	MI Tm 17100. SAVONA
20260209062815108	altro	SV IT
20260209062815108	altro	ARTICOLO DESCRIZIONE DEI BENI
20260209062815108	altro	952888 TRIBE IMATSAMYTIMEIT LAV.C/FRONT SLIM 47.4CM 7KG 1200GIRI CELA INVERT
20260209062815108	altro	Lista di prelievo Totale n. colli
20260209062815108	altro	000041364 2
20260209062815108	altro	000043680 4
20260209062815108	indirizzo	COOP LIGURIA s.c.c. SAVONA
20260209062815108	altro	Sede Ipermercato:
20260209062815108	indirizzo	Corso Ricci, 211 r.- 17100 SAVONA
20260209062815108	altro	iperdop SVONA |
20260209062815108	altro	jo DI VERIFICARE LA QUANTITA ELA CONFORMITA”
20260209062815108	altro	NCAU RESI ALLA PARI CORISERNRTICOLI SUCCESSIVAMENTE AL RITIRO.
20260209062815108	altro	BA GENERI VARI
20260209062815108	altro	DATA INIZIO TRASPOR TRASPORTO A LOGISTICA UNO EUROPE SRL
20260209062815108	altro	03/02/2026 16.59 CURA DEL
20260209062815108	altro	[DU vETTORE
20260209062815108	altro	[{] DESTINATA
20260209062815108	altro	TOTALE COL PESO KG VOLUME MC DATA E ORA RICEZIONE ME | TIMBRO E FIRMA LEGGIBILE DEL DESTINATA
20260209062815108	altro	6 1.132,11 6,636
20260209062815108	altro	NOTE. ORARI SCARICO 08:00 - 12:00/Lun - Mar - Mer - Gio _Ven/ INECESSARIA PRENOTAZIONESTEL. 019-84061
20260209062815108	altro	f
20260209062815108	altro	BORDERO N. 000106960 BANCALI (IN SPEDIZIONE) 6 SPONDA {PRAULICA: Si
20260209062815108	altro	MEZZI ACCETTAB  FRG- MCS -BSS La Il .
20260209062815108	altro	Muro imballi PALLET EPAL DA RENDERE: 6 TAN
20260209062815108	altro	n iiii____o TTT
20260210102653590	altro	CO) G.A.E.R Societa' Cooperati GAER CENTRALE - VIA F. SANTI, 5 - 42025 CORTE TEGGE DI
20260210102653590	altro	CAVRIAGO RE
20260210102653590	altro	| agiaznai Tel. 0522949620/30/40 - Fax 0522 494245 - Partita |. V. A. 0020439
20260210102653590	altro	MITTEN G.A.E.R Societa' Cooperativa DOCUMENTO DI TRASPORTO
20260210102653590	altro	GAER CENTRALE - VIA F. SANTI. 5 - 42025 CORTE TEGGE | DESTINATARIO NUM CAUSALE DEL TRASPOR
20260210102653590	altro	Vendit:
20260210102653590	intestazione_documento	DESTINATAR 007464 Pg 1/1 09/02/2026 endita
20260210102653590	luogo_destinazione	001519 - 078 LUOGO DI DESTINAZION
20260210102653590	altro	CONSUMER IN SRL
20260210102653590	indirizzo	COOP CONO LI -SAVONA
20260210102653590	altro	PIAZZA G. FERRE, 10 Partita IVA: - 04117520967
20260210102653590	indirizzo	20025 LEGNANO CORSO RICCI, 211R
20260210102653590	indirizzo	MI IT 17100. SAVONA
20260210102653590	altro	SV IT
20260210102653590	altro	ARTICOLO DESCRIZIONE DEI BENI QUANTIT
20260210102653590	altro	Merce fatturata da Consumer.In srl a Coop Consorzio Nord Ovest P.I. 04117520967 e da quest'ultima ceduta al destinatario findle.
20260210102653590	riferimento_fattura_ordine	Rif. citato in fatt. VEND 008255 del 09/02/2026
20260210102653590	riferimento_fattura_ordine	N.ro ordine 026101791 del 09/02/2026
20260210102653590	riferimento_fattura_ordine	N.ro ordine 026158274 del 09/02/2026
20260210102653590	riferimento_fattura_ordine	Rif. citato in fatt. VEND 008256 del 09/02/2026
20260210102653590	riferimento_fattura_ordine	N.ro ordine 026163110 del 09/02/2026
20260210102653590	altro	Lista di prelievo Totale n. colli
20260210102653590	altro	000049574 1
20260210102653590	indirizzo	COOP LIGURIA s.c.c. SAVONA
20260210102653590	altro	Sede ipermercato:
20260210102653590	indirizzo	Corso Ricci, 211 r.- 17100 SAVONA
20260210102653590	altro	10 FEB 2026
20260210102653590	altro	(RISERVIAMO DI VERIFICARE LA QUANTITA” E LA CONFORMITA”
20260210102653590	altro	DEGLI ARTICOLI SUCCESSIVAMENTE AL RITIRO,
20260210102653590	altro	GENERI VARI
20260210102653590	altro	DATA INIZIO TRASPO TRASPORTO A C jVÉGLS ENTERPRISE SRL
20260210102653590	altro	09/02/2026 09.12 E
20260210102653590	altro	O VvETTOR T
20260210102653590	altro	D pestinat |'
20260210102653590	altro	TOTALE CO PESO KG VOLUME M DATA E ORA RICEZIONE | TIMBRO E FIRMA LEGGIBILE DEL DESTI
20260210102653590	altro	1 10,26 0,034 4
20260210102653590	altro	NOTE ORARI SCARICO 08:00 - 12:00/Lun - Mar - Mer - Gio - Ven/ NECESSARIA PRENOTAZIONE/TEL. o/f-84061
20260210102653590	altro	Hini
20260210102653590	altro	(A
20260210102653590	altro	SPONDMDAAULICA: SÌ
20260210102653590	altro	MEZZI ACCETTA FRG - MCS - BSS psi fi N
20260210102653590	altro	27. AMI 7
20260213090453756	altro	() G.A.E.R Societa' Cooperati GAER C/O LOGISTICA UNO - VIA COLOMBARONE SN - 29010
20260213090453756	altro	MONTICELLI D'ONGINA PC
20260213090453756	altro	Descinzzani Tel. 0522949620/30/40 - Fax 0522 494245 - Partita 1. V. A. 0020439
20260213090453756	altro	MITTEN G.A.E.R Societa' Cooperativa DOCUMENTO DI TRASPORTO
20260213090453756	altro	GAER C/O LOGISTICA UNO - VIA COLOMBARONE SN - 290 | DESTINATARIO NUM | DATA CAUSALE DEL TRASPOR
20260213090453756	intestazione_documento	DESTINATAR 008030 Pg 1/1 10/02/2026 Vendita
20260213090453756	luogo_destinazione	001519 - 078 LUOGO DI DESTINAZION
20260213090453756	altro	CONSUMER IN SRL
20260213090453756	indirizzo	COOP CONO LI -SAVONA
20260213090453756	altro	PIAZZA G. FERRE", 10 Partita IVA: 04117520967
20260213090453756	indirizzo	20025 LEGNANO CORSO RICCI, 211R
20260213090453756	indirizzo	MI IT 17100. SAVONA
20260213090453756	altro	SV IT
20260213090453756	altro	DESCRIZIONE DEI BENI
20260213090453756	altro	Merce fatturata da Consumer.In srl a Coop Consorzio Nord Ovest P.I. 04117520967 e da quest'ultima ceduta al destinatario finale.
20260213090453756	riferimento_fattura_ordine	Rif. citato in fatt. VEND 002107 del 10/02/2026
20260213090453756	altro	ORDINE DA TOTEM: pasquale mancini
20260213090453756	riferimento_fattura_ordine	N.ro ordine 026162642 del 10/02/2026
20260213090453756	riferimento_fattura_ordine	N.ro ordine 026162894 del 10/02/2026
20260213090453756	altro	ORDINE DA TOTEM: ardrizzi barbara
20260213090453756	riferimento_fattura_ordine	N.ro ordine 026163365 del 10/02/2026
20260213090453756	indirizzo	i COOP LIGURIA s.c.c. SAVONA
20260213090453756	indirizzo	dba VII | Sede IPPT17100 SAVONA
20260213090453756	indirizzo	ENO AVO LIRE voy, Corso Ricci, 211
20260213090453756	altro	AVS fl
20260213090453756	altro	5 org, 13 FEB 2026
20260213090453756	altro	mi ® i
20260213090453756	altro	n ELA CONFORMITA”
20260213090453756	altro	° CASI SEITE ALATO.
20260213090453756	altro	DI
20260213090453756	altro	GENERI VARI
20260213090453756	altro	DATA INIZIO TRASPO TRASPORTO A C [V|JLOGISTICA UNO EUROPE SRL
20260213090453756	altro	10/02/2026 16.12 E
20260213090453756	altro	D] vETTOR T
20260213090453756	altro	DI pcesrinar |
20260213090453756	altro	TOTALE CO PESO KG VOLUME M DATA E ORA RICEZIONE | TIMBRO E FIRMA LEGGIBILE DEL DESTI
20260213090453756	altro	4 36,08 0,203
20260213090453756	altro	NOTE — ORARI SCARICO 08:00 - 12:00/Lun - Mar - Mer - Gio - Ven/ NECESSARIA PRENOTAZIONE/TEL. 019-84061
20260213090453756	altro	BORDERO N. 000107167 BANCALI (IN SPEDIZIONE) 1 sPONnDÀ IDRAULICA: Si
20260213090453756	altro	MEZZI ACCETTA FRG- MCS - BSS È, a
20260213090453756	altro	Pn È ASS
20260213090453756	altro	N.ro Imballi PALLET LEGNO 75X75 A RENDERE: 1 7 f e
20260213090453756	altro	Ù
20260213090453756	altro	Di \ G.A.E.R Societa' Cooperati GAER C/O LOGISTICA UNO - VIA COLOMBARONE SN - 29010
20260213090453756	altro	° ‘MONTICELLI D'ONGINA PC
20260213090453756	altro	ccetaimmnzne Tel. 0522949620/30/40 - Fax 0522 494245 - Partita I. V. A. 0020439
20260213090453756	altro	MITTEN G.A.E.R Societa' Cooperativa DOCUMENTO DI TRASPORTO
20260213090453756	altro	GAER C/O LOGISTICA UNO - VIA COLOMBARONE SN - 290 DESTINATARIO NUM | DATA CAUSALE DEL TRASPOR
20260213090453756	intestazione_documento	DESTINATAR 007485 Pg 1/1 09/02/2026 Vendita
20260213090453756	luogo_destinazione	001519-078 LUOGO DI DESTINAZION
20260213090453756	altro	CONSUMER IN SRL
20260213090453756	indirizzo	COOP CONO LI -SAVONA
20260213090453756	altro	PIAZZA G. FERRE, 10 Partita IVA: 04117520967
20260213090453756	indirizzo	20025 LEGNANO CORSO RICCI, 211R
20260213090453756	indirizzo	MI IT 17100 SAVONA
20260213090453756	altro	SV IT
20260213090453756	altro	ARTICOLO DESCRIZIONE DEI BENI QUANTIT
20260213090453756	altro	Merce fatturata da Consumer.In srl a Coop Consorzio Nord Ovest P.I. 04117520967 e da quest'ultima ceduta al destinatario findle.
20260213090453756	riferimento_fattura_ordine	Rif. citato in fatt. VEND 001976 del 09/02/2026
20260213090453756	riferimento_fattura_ordine	N.ro ordine 026136781 del 09/02/2026
20260213090453756	indirizzo	COOP LIGURIA 5.c.€- SAVONA
20260213090453756	altro	Sede Ipermercato: AVONA
20260213090453756	indirizzo	Corso Ricci, 211 r-- 171005
20260213090453756	altro	13 FEB 2026
20260213090453756	altro	UANTITA' E LA CONFORMITA”
20260213090453756	altro	SENI sima AL RITIRO.
20260213090453756	altro	GENERI VARI
20260213090453756	altro	yoN®
20260213090453756	altro	cla pri
20260213090453756	altro	e us?
20260213090453756	altro	ì SÌ
20260213090453756	altro	ona te
20260213090453756	altro	gh
20260213090453756	altro	DATA INIZIO TRASPO TRASPORTO AC {V|LOGISTICA UNO EUROPE SRL
20260213090453756	altro	09/02/2026 09.55 E
20260213090453756	altro	[] VETTOR T f,
20260213090453756	altro	(] vestinat |" J/
20260213090453756	altro	TOTALE CO PESO KG VOLUME M DATA E ORA RICEZIONE TIMBRO E FIRMA GGIBILE DEL DESTI
20260213090453756	altro	5 28,75 0,325 i DA
20260213090453756	altro	NOTE ORARI SCARICO 08:00 - 12:00/Lun - Mar - Mer - Gio - Ven/ NECESSARIA PRENOTAZIONE/TEL. 019-84061
20260213090453756	altro	BORDERON. 000107088 | BANCALI (IN SPEDIZIONE) 1 SPONDA IDRAULICA: Si
20260213090453756	altro	MEZZI ACCETTA FRG- MCS - BSS
20260213090453756	altro	N.ro Imballi PALLET LEGNO 75X75 A RENDERE: 1
20260217075142735	altro	% CO) G.A.E.R Societa' Cooperativa - GAER CENTRALE - VIA F. SANTI, 5 - 42025 CORTE TEGGE DI
20260217075142735	altro	ì CAVRIAGO RE
20260217075142735	altro	i in Tel. 0522949620/30/40 - Fax 0522 494245 - Partita |. V. A. 00204390355
20260217075142735	altro	MITTENT  GA.E.R Societa' Cooperativa DOCUMENTO DI TRASPORTO
20260217075142735	altro	GAER CENTRALE - VIA F. SANTI, 5 - 42025 CORTE TEGGE DI CA_| DESTINATARIO NUMER CAUSALE DEL TRASPORTO
20260217075142735	altro	Pg 1/3 Vendita
20260217075142735	altro	DESTINATARI 007853 g 10/02/2026
20260217075142735	luogo_destinazione	001519 -078 LUOGO DI DESTINAZIONE
20260217075142735	altro	CONSUMER IN SRL
20260217075142735	indirizzo	COOP CCNO LI -SAVONA
20260217075142735	altro	PIAZZA G. FERRE", 10 Partita IVA: 04117520967
20260217075142735	indirizzo	20025 =—LEGNANO CORSO RICCI, 211R
20260217075142735	indirizzo	Mi T 17100 SAVONA
20260217075142735	altro	SV IT
20260217075142735	altro	ARTICOLO DESCRIZIONE DEI BENI
20260217075142735	altro	Merce fatiurata da Consumer.in srl a Coop Consorzio Nord Ovest P.I. 04117520967 e da quest'ultima ceduta al destinatario finale.
20260217075142735	riferimento_fattura_ordine	Rif. citato in fatt. VEND 008716 del 10/02/2026
20260217075142735	riferimento_fattura_ordine	N.ro ordine 026101791 del 10/02/2026
20260217075142735	riferimento_fattura_ordine	N.ro ordine 026151186 del 10/02/2026
20260217075142735	altro	971761 HP 714L9B MF.INKJET COL.FAX 10PPM F/R 4CAR.WIFI TS ENVY6122E 4
20260217075142735	riferimento_fattura_ordine	Rif. citato in fatt. VEND 008717 del 10/02/2026
20260217075142735	altro	ORDINE DA TOTEM: letizia torretta
20260217075142735	riferimento_fattura_ordine	N.ro ordine 026147200 del 10/02/2026
20260217075142735	altro	ORDINE DA TOTEM: sig.ra altamura
20260217075142735	riferimento_fattura_ordine	N.ro ordine 026157630 del 10/02/2026
20260217075142735	riferimento_fattura_ordine	N.ro ordine 026157703 del 10/02/2026
20260217075142735	altro	ORDINE DA TOTEM: ventura donatella
20260217075142735	riferimento_fattura_ordine	N.ro ordine 026182562 del 10/02/2026
20260217075142735	riferimento_fattura_ordine	N.ro ordine 026162871 del 10/02/2026
20260217075142735	altro	314715 ELET: AS42  DECALCIFICANTE LIQUIDO X MACCHINE CAFFE' 10
20260217075142735	altro	DATA INIZIO TRASPOR TRASPORTO A V LOGISTICA UNO EUROPE SRL
20260217075142735	altro	10/02/2026 11.15 CURA DEL È
20260217075142735	altro	[] verTORE T
20260217075142735	altro	[CD] pesTINATA |o
20260217075142735	altro	TOTALE COL PESO KG VOLUME MC DATA E ORA RICEZIONE ME | TIMBRO E FIRMA LEGGIBILE DEL DESTINATA
20260217075142735	altro	3 277,60 1,529
20260217075142735	altro	NOTE ORARI SCARICO 08:00 - 12:00/Lun - Mar - Mer - Gio - Ven/ NECESSARIA PRENOTAZIONE/TEL. 019-84061
20260217075142735	altro	BORDERO N. 000107139 BANCALI (INSPEDIZIONE) 2 SPONDA IDRAULICA: Si
20260217075142735	altro	MEZZI ACCETTAB  FRG- MCS-BSS
20260217075142735	altro	: GARN G.A.E.R Societa' Cooperativa - GAER CENTRALE - VIA F. SANTI, 5 - 42025 CORTE TEGGE DI
20260217075142735	altro	CAVRIAGO RE
20260217075142735	altro	rn rrume Tel. 0522949620/30/40 - Fax 0522 494245 - Partita |. V. A. 00204390355
20260217075142735	altro	DESTINATARIO NUMER {| DATA CAUSALE DEL TRASPORTO
20260217075142735	luogo_destinazione	001519 - 078 LUOGO DI DESTINAZIONE
20260217075142735	altro	2 EP
20260217075142735	indirizzo	COOP CCNO LI -SAVONA
20260217075142735	altro	PIAZZA G. FERRE", 10 Partita IVA: 04117520967
20260217075142735	indirizzo	20025 LEGNANO CORSO RICCI, 211R
20260217075142735	indirizzo	MI T 17100 SAVONA
20260217075142735	altro	SV IT
20260217075142735	altro	DATA INIZIO TRASPOR TRASPORTO A VI LOGISTICA UNO EUROPE SRL
20260217075142735	altro	10/02/2026 11.15 CURA DEL E
20260217075142735	altro	e |
20260217075142735	altro	CI pestinatA Îo
20260217075142735	altro	TOTALE COL PESO KG VOLUME MC DATA E ORA RICEZIONE ME {TIMBRO E FIRMA LEGGIBILE DEL DESTINATA
20260217075142735	altro	e | e e]
20260217075142735	altro	NOTE ORARI SCARICO 08:00 - 12:00/Lun - Mar - Mer - Gio - Ven/ NECESSARIA PRENOTAZIONE/TEL. 019-84061
20260217075142735	altro	BORDERO N. 000107139 BANCALI (IN SPEDIZIONE) 2 SPONDA IDRAULICA: Si
20260217075142735	altro	MEZZI ACCETTAB  FRG- MCS-BSS
20260217075142735	altro	_00000nDZDZD/D |
20260217075142735	altro	. ° GIAE.R Societa' Cooperativa - GAER CENTRALE - VIA F. SANTI, 5 - 42025 CORTE TEGGE DI
20260217075142735	altro	i CAVRIAGO RE
20260217075142735	altro	ruta emana Tel. 0522949620/30/40 - Fax 0522 494245 - Partita I. V. A. 00204390355
20260217075142735	altro	MIFTENT  G.A.E.R Societa' Cooperativa DOCUMENTO DI TRASPORTO
20260217075142735	altro	GAER CENTRALE - VIA F. SANTI, 5 - 42025 CORTE TEGGE DI CA | DESTINATARIO NUMER | DATA CAUSALE DEL TRASPORTO
20260217075142735	altro	Vendit
20260217075142735	intestazione_documento	DESTINATARI 007853 Pg 3/ 3 10/02/2026 ‘endita
20260217075142735	luogo_destinazione	001519 - 078 LUOGO DI DESTINAZIONE
20260217075142735	altro	CONSUMER IN SRL
20260217075142735	indirizzo	COOP CONO LI -SAVONA
20260217075142735	altro	PIAZZA G. FERRE, 10 Partita IVA: 04117520967
20260217075142735	indirizzo	20025 LEGNANO CORSO RICCI, 211R
20260217075142735	indirizzo	Mi mm 17100 SAVONA
20260217075142735	altro	SV IT
20260217075142735	altro	ARTICOLO DESCRIZIONE DE! BENI QUANTITA'
20260217075142735	altro	ORDINE DA TOTEM: ezio bazzano
20260217075142735	riferimento_fattura_ordine	N.ro ordine 026164577 del 10/02/2026
20260217075142735	altro	Lista di prelievo Totale n. colli
20260217075142735	altro	000049578 1
20260217075142735	altro	000050138 1
20260217075142735	altro	000050436 1
20260217075142735	altro	Coop
20260217075142735	indirizzo	LIGURIA 5.6. SAVONA
20260217075142735	altro	c . lede Ipermercato:
20260217075142735	indirizzo	‘orso Ricci, 211 r.- 17100 SAVONA
20260217075142735	altro	CI RISERVIAMO DI VERIFICARE LA Y
20260217075142735	altro	; DEGLI ARTICOLI SUCCESSIVAMENEE ORTA
20260217075142735	indirizzo	J[PerOccA SAVONA GENERI VARI
20260217075142735	altro	BANCALI RESI ALLA PARI
20260217075142735	altro	DATA INIZIO TRASPOR TRASPORTO A V | LOGISTICA UNO EUROPE SRL
20260217075142735	altro	10/02/2026 11.15 CURA DEL E
20260217075142735	altro	D verore  |7
20260217075142735	altro	[] pestinata |o
20260217075142735	altro	TOTALE COL PESO KG VOLUME MC DATA E ORA RICEZIONE ME | TIMBRO E FIRMA LEGGIBILE DEL DESTINATA
20260217075142735	altro	3 277,60 1,529
20260217075142735	altro	NOTE ORARI SCARICO 08:00 - 12:00/Lun - Mar - Mer - Gio - Ven/ [NECESSARIA PRENOTAZIONE/TEL. 019-84061
20260217075142735	altro	BORDERO N. 000107139 BANCALI (IN SPEDIZIONE) 2 SPONDA IDRAULICA: Si
20260217075142735	altro	MEZZI ACCETTAB  FRG-MCS-BSS
20260217075142735	altro	N.ro imballi PALLET EPAL DA RENDERE: 1 - PALLET LEGNO 75X75 A RENDERE: 1
20260217110017143	altro	Ì G.A.E.R Societa' Cooperati GAER CENTRALE - VIA F. SANTI, 5 - 42025 CORTE TEGGE DI
20260217110017143	altro	CAVRIAGO RE
20260217110017143	altro	Ì entire Tel. 0522949620/30/40 - Fax 0522 494245 - Partita |. V. A. 0020439
20260217110017143	altro	MITTEN G.A.E.R Societa' Cooperativa DOCUMENTO DI TRASPORTO
20260217110017143	altro	GAER CENTRALE - VIA F. SANTI. 5 - 42025 CORTE TEGGE | DESTINATARIO NUM CAUSALE DEL TRASPOR
20260217110017143	intestazione_documento	DESTINATAR 009097 Pg 1/1 16/02/2026 Vendita
20260217110017143	luogo_destinazione	001519 - 078 LUOGO DI DESTINAZION
20260217110017143	altro	CONSUMER IN SRL
20260217110017143	indirizzo	COOP CONO LI -SAVONA
20260217110017143	altro	PIAZZA G. FERRE, 10 Partita IVA: 04117520967
20260217110017143	indirizzo	20025 LEGNANO CORSO RICCI, 211R
20260217110017143	indirizzo	MI IT 17100. SAVONA
20260217110017143	altro	SV IT
20260217110017143	altro	ARTICOLO DESCRIZIONE DEI BENI QUANTIT
20260217110017143	altro	Merce fatturata da Consumer.In srl a Coop Consorzio Nord Ovest P.I. 04117520967 e da quest'ultima ceduta al destinatario finale.
20260217110017143	riferimento_fattura_ordine	Rif. citato in fatt. VEND 010044 del 16/02/2026
20260217110017143	riferimento_fattura_ordine	N.ro ordine 026184991 del 16/02/2026
20260217110017143	riferimento_fattura_ordine	Rif. citato in fatt. VEND 010045 del 16/02/2026
20260217110017143	riferimento_fattura_ordine	N.ro ordine 026181927 del 16/02/2026
20260217110017143	altro	Lista di prelievo Totale n. colli
20260217110017143	altro	000057647 1
20260217110017143	indirizzo	COOP LIGURIA s.c.c, SAVONA
20260217110017143	altro	. Sede [permercato
20260217110017143	indirizzo	Corso Ricci, 211 r. - 17100 SAVONA
20260217110017143	altro	17 FEB 2026
20260217110017143	altro	Gi riserviamo di verificare te tà
20260217110017143	altro	dia quantità e la
20260217110017143	altro	coniormiià degli enicoll successivamente cll ritiro,
20260217110017143	altro	DATA INIZIO TRASPO TRASPORTO A C |V|GLS ENTERPRISE SRL
20260217110017143	altro	16/02/2026 11.32 E
20260217110017143	altro	D] vETTOR T
20260217110017143	altro	D pestinat |T
20260217110017143	altro	TOTALE CO PESO KG VOLUME M DATA E ORA RICEZIONE |TIMBRO E FIRMA LEGGIBILE DEL DESTI
20260217110017143	altro	1 6,89 0,016 /4
20260217110017143	altro	NOTE. ORARI SCARICO 08:00 - 12:00/Lun - Mar - Mer - Gio - Ven/ (NECESSARIA PRENOTAZIONE/TEL. 0] 84061
20260217110017143	altro	ATA
20260217110017143	altro	SP@NDA IDRAULICA: Si
20260217110017143	altro	MEZZI ACCETTA FRG - MCS - BSS Ù n]
20260217110017143	altro	G.A.E.R Societa' Cooperati GAER CENTRALE - VIA F. SANTI, 5 - 42025 CORTE TEGGE DI
20260217110017143	altro	CAVRIAGO RE
20260217110017143	altro	Cinriirnani Tel. 0522949620/30/40 - Fax 0522 494245 - Partita I. V. A. 0020439
20260217110017143	altro	MITTEN G.A.E.R Societa' Cooperativa DOCUMENTO DI TRASPORTO
20260217110017143	altro	GAER CENTRALE - VIA F. SANTI. 5 - 42025 CORTE TEGGE | DESTINATARIO NUM DATA CAUSALE DEL TRASPOR
20260217110017143	intestazione_documento	DESTINATAR 008088 Pg 1/1 11/02/2026 Vendita
20260217110017143	luogo_destinazione	001519-078 LUOGO DI DESTINAZION
20260217110017143	altro	CONSUMER IN SRL
20260217110017143	indirizzo	COOP CONO LI -SAVONA
20260217110017143	altro	PIAZZA G. FERRE’, 10 Partita IVA: 04117520967
20260217110017143	indirizzo	20025 LEGNANO CORSO RICCI, 211R
20260217110017143	indirizzo	MI IT 17100 SAVONA
20260217110017143	altro	SV IT
20260217110017143	altro	ARTICOLO DESCRIZIONE DEI BENI QUANTIT
20260217110017143	altro	Merce fatturata da Consumer.In srl a Coop Consorzio Nord Ovest P.I. 04117520967 e da quest'ultima ceduta al destinatario find
20260217110017143	riferimento_fattura_ordine	Rif. citato in fatt. VEND 008940 del 11/02/2026
20260217110017143	riferimento_fattura_ordine	N.ro ordine 026018753 del 11/02/2026
20260217110017143	altro	Lista di prelievo Totale n. colli
20260217110017143	altro	000052402 1
20260217110017143	indirizzo	COOP LIGURIA s.c.c. SAVONA
20260217110017143	altro	Sede Ipermercato
20260217110017143	indirizzo	Corso Ricci, 211 r..- 17100 SAVONA
20260217110017143	altro	17 FEB 2026
20260217110017143	altro	Gi riserviamo di verificare le quantità e la
20260217110017143	altro	conformità degli articoli successivamente al ritiro.
20260217110017143	altro	DATA INIZIO TRASPO TRASPORTO AC |VIGLS ENTERPRISE SRL
20260217110017143	altro	11/02/2026 07.43 E
20260217110017143	altro	[D vETTOR T
20260217110017143	altro	D pestinat |"
20260217110017143	altro	TOTALE CO PESO KG VOLUME M DATA E ORA RICEZIONE | TIMBRO E FIRMA LEGGIBILE DEL DESTI
20260217110017143	altro	1 0,42 0,001
20260217110017143	altro	NOTE ORARI SCARICO 08:00 - 12:00/Lun - Mar - Mer - Gio - Ven/ INECESSARIA PRENOTAZIONE/TEL. 019-84061
20260217110017143	altro	HI
20260217110017143	altro	i til
20260217110017143	altro	SPONDA] ORA LICA: . Si
20260217110017143	altro	MEZZI ACCETTA  FRG- MCS - BSS i [
20260217110017143	altro	HI
20260217110017143	altro	No Ieli ez
20260217110017143	altro	7
20260218104758681	altro	Ì ; () G.A.E.R Societa' Cooperati GAER CENTRALE - VIA F. SANTI, 5 - 42025 CORTE TEGGE DI
20260218104758681	altro	CAVRIAGO RE
20260218104758681	altro	rreimrne Tel. 0522949620/30/40 - Fax 0522 494245 - Partita 1. V. A. 0020439
20260218104758681	altro	MITTEN G.A.E.R ‘Societa' Cooperativa DOCUMENTO DI TRASPORTO
20260218104758681	altro	GAER CENTRALE - VIA F. SANTI. 5 - 42025 CORTE TEGGE DESTINATARIO NUM DATA CAUSALE DEL TRASPOR
20260218104758681	intestazione_documento	DESTINATAR 009256 Pg 1/1 17/02/2026 Vendita
20260218104758681	luogo_destinazione	001519 - 078 LUOGO DI DESTINAZION
20260218104758681	altro	CONSUMER IN SRL
20260218104758681	indirizzo	COOP CONO LI -SAVONA
20260218104758681	altro	PIAZZA G. FERRE", 10 Partita IVA: 04117520967
20260218104758681	indirizzo	20025 LEGNANO CORSO RICCI, 211R
20260218104758681	indirizzo	MI T 17100 SAVONA
20260218104758681	altro	SV IT
20260218104758681	altro	ARTICOLO DESCRIZIONE DEI BENI [QUANTIT |
20260218104758681	altro	Merce fatturata da Consumer.In sri a Coop Consorzio Nord Ovest P.I. 04117520967 e da quest'ultima ceduta al destinatario find
20260218104758681	riferimento_fattura_ordine	Rif. citato in fatt. VEND 010236 del 17/02/2026
20260218104758681	altro	ORDINE DA TOTEM: majla pigionanti
20260218104758681	riferimento_fattura_ordine	N.ro ordine 026182870 del 17/02/2026
20260218104758681	altro	Lista di prelievo Totale n. colli
20260218104758681	altro	000053821 1
20260218104758681	indirizzo	COOP LIGURIA s.c.c. SAVONA
20260218104758681	altro	Sede Ipermertato
20260218104758681	indirizzo	Corso Ricci, 211 r.- 17100 SAVONA
20260218104758681	altro	18 FEB 2026
20260218104758681	altro	Ci riserviomò di veriticare le quantità e la
20260218104758681	altro	DATA INIZIO TRASPO TRASPORTO AC [V| GLS ENTERPRISE Seaton asa nere
20260218104758681	altro	17/02/2028 06.58
20260218104758681	altro	[] VETTOR
20260218104758681	altro	[C] DESTINAT
20260218104758681	altro	TOTALE CO VOLUME M DATA E ORA RICEZIONE TIMBRO E FIRMA LEGGIBILE DEL DESTI
20260218104758681	altro	i 0,000
20260218104758681	altro	NOTE. ORARI SCARICO 08:00 - 12:00/Lun - Mar - Mer - Gio - Ven/ INECESSARIA PRENOTAZIONE/TEL. 019-84061
20260218104758681	altro	SPONDA IDRAULICA: Si
20260218104758681	altro	MEZZI ACCETTA  FRG- MCS - BSS
20260218114946506	documento_senza_righe_articolo	(55 righe, layout non gestito)
20260219104147515	documento_senza_righe_articolo	(43 righe, layout non gestito)
20260219104258330	documento_senza_righe_articolo	(99 righe, layout non gestito)
20260219104532025	documento_senza_righe_articolo	(209 righe, layout non gestito)
20260219104607225	documento_senza_righe_articolo	(187 righe, layout non gestito)
20260220061706810	altro	È G.A.E.R Societa' Cooperativa - GAER CENTRALE / F. SANTI, 5 - 42025 CORTE TEGGE DI
20260220061706810	altro	è | CAVRIAGO RE
20260220061706810	altro	iu Tel. 0522949620/30/40 - Fax 0522 494245 - Partita I. V. A. 00204390355
20260220061706810	altro	MITTENT  G.A.E.R Societa' Cooperativa DOCUMENTO DI TRASPORTO
20260220061706810	altro	GAER CENTRALE - VIA F. SANTI, 5 - 42025 CORTE TEGGE DI CA_| DESTINATARIO NUMER CAUSALE DEL TRASPORTO
20260220061706810	altro	Vendi
20260220061706810	intestazione_documento	DESTINATARI 008608 Pg 1/1 12/02/2026 ‘endita
20260220061706810	luogo_destinazione	001519-078 LUOGO DI DESTINAZIONE
20260220061706810	altro	CONSUMER IN SRL
20260220061706810	indirizzo	COOP CCNO LI -SAVONA
20260220061706810	altro	PIAZZA G. FERRE", 10 Partita IVA: 04117520967
20260220061706810	indirizzo	20025 LEGNANO CORSO RICCI, 211R
20260220061706810	indirizzo	MI IT 17100. SAVONA
20260220061706810	altro	SV IT
20260220061706810	altro	ARTICOLO DESCRIZIONE DEI BENI QUANTITA”
20260220061706810	altro	Merce fatturata da Consumer.In srl a Coop Consorzio Nord Ovest P.I. 04117520967 e da quest'ultima ceduta al destinatario finale.
20260220061706810	riferimento_fattura_ordine	Rif. citato în fatt. VEND 009501 del 12/02/2026
20260220061706810	riferimento_fattura_ordine	N.ro ordine 026162871 del 12/02/2026
20260220061706810	riferimento_fattura_ordine	Rif. citato in fatt. VEND 009502 del 12/02/2028
20260220061706810	riferimento_fattura_ordine	i N.ro ordine 026165822 del 12/02/2026
20260220061706810	altro	Lista di prelievo Totale n. colli
20260220061706810	altro	000054516 1
20260220061706810	altro	AVONA
20260220061706810	altro	cOOP LIGURIA sc.
20260220061706810	altro	e Ipei y
20260220061706810	indirizzo	CITE nei 341 r.- 17100 SAVONA
20260220061706810	indirizzo	INErTCOGO SAVONA Corso Ae” 038
20260220061706810	altro	BANCALI RESI ALLA PARI 20FE n
20260220061706810	altro	TA ELA CONFO!
20260220061706810	altro	a RISERIAO DI IE MENTE AL RITIRO.
20260220061706810	altro	DEGI
20260220061706810	altro	GENERI VARI
20260220061706810	altro	DATA INIZIO TRASPOR TRASPORTO A V| LOGISTICA UNO EUROPE SRL
20260220061706810	altro	12/02/2026 16.28 CURA DEL E
20260220061706810	altro	O verToRE T
20260220061706810	altro	D] pestINATA |o
20260220061706810	altro	TOTALE COL PESO KG VOLUME MC DATA E ORA RICEZIONE ME | TIMBRO E FIRMA LEGGIBILE DEL DESTINATA
20260220061706810	altro	1 80,08 0,553
20260220061706810	altro	NOTE. ORARI SCARICO 08:00 - 12:00/Lun - Mar - Mer - Gio - Ven/ (NECESSARIA PRENOTAZIONE/TEL. 019-34061
20260220061706810	altro	BORDERO N. 000107247 BANCALI (IN SPEDIZIONE) 1 SPONDA IBRAULICA: Si
20260220061706810	altro	MEZZI ACCETTAB  FRG-MCS-BSS iii
20260220061706810	altro	AÙN
20260220061706810	altro	N.ro Imballi PALLET EPAL DA RENDERE: 1 I
20260220061706810	altro	D G.A.E.R Societa' Cooperati GAER C/O LOGISTICA UNO - VIA COLOMBARONE SN - 29010
20260220061706810	altro	\ 7 MONTICELLI D'ONGINA PC
20260220061706810	altro	« eccone Tel. 0522949620/30/40 - Fax 0522 494245 - Partita I. V, A. 0020439
20260220061706810	altro	MITTEN G.A.E.R Societa' Cooperativa DOCUMENTO DI TRASPORTO
20260220061706810	altro	GAER C/O LOGISTICA UNO - VIA COLOMBARONE SN - 290 | DESTINATARIO NUM | DATA CAUSALE DEL TRASPOR
20260220061706810	intestazione_documento	DESTINATAR J 009633 Pg 1/1 17/02/2026 Vendita
20260220061706810	luogo_destinazione	001519 - 078 ” LUOGO DI DESTINAZION
20260220061706810	altro	CONSUMER IN SRL
20260220061706810	indirizzo	COOP CONO LI - SAVONA
20260220061706810	altro	PIAZZA G. FERRE", 10 Partita IVA: 04117520967
20260220061706810	indirizzo	20025 LEGNANO . i CORSO RICCI, 217R
20260220061706810	indirizzo	MI Ir 17100 SAVONA
20260220061706810	altro	SV IT
20260220061706810	altro	ARTICOLO DESCRIZIONE DEI BENI QUANTIT
20260220061706810	altro	Merce fatturata da Consumer.In srl a Coop Consorzio Nord Ovest P.I. 04117520967 e da quest'ultima ceduta al destinatario findle.
20260220061706810	riferimento_fattura_ordine	Rif. citato in fatt. VEND 002523 del 17/02/2026
20260220061706810	altro	ORDINE DA TOTEM: fariji hamid
20260220061706810	riferimento_fattura_ordine	N.ro ordine 026184490 del 17/02/2026
20260220061706810	altro	ORDINE DA TOTEM: marino onori
20260220061706810	riferimento_fattura_ordine	N.ro ordine 026187137 del 17/02/2026
20260220061706810	altro	ONA
20260220061706810	altro	COOP LIGURIA 5.0.C. SAVI
20260220061706810	altro	Sede Ipermercato: VONA
20260220061706810	indirizzo	Corso Ricci, 211 1. - 171
20260220061706810	altro	20 FEB 2026
20260220061706810	altro	ELA CONFORMITA”
20260220061706810	altro	corso RE im.
20260220061706810	altro	DI
20260220061706810	altro	GENERI VARI
20260220061706810	altro	DATA INIZIO TRASPO TRASPORTO A C {VILOGISTICA UNO EUROPE SRL
20260220061706810	altro	17/02/2026 16.46 E
20260220061706810	altro	[I VETTOR T
20260220061706810	altro	Q pestinat |F
20260220061706810	altro	TOTALE CO PESO KG VOLUME M DATA E ORA RICEZIONE |TIMBRO E FIRMA LEGGIBILE DEL DESTI
20260220061706810	altro	2 148,00 1,699
20260220061706810	altro	NOTE ORARI SCARICO 08:00 - 12:00/Lun - Mar - Mer - Gio - Ven/ [NECESSARIA PRENOTAZIONE/TEL. 019-84061
20260220061706810	altro	BORDERO N. 000107379 BANCALI (IN SPEDIZIONE) 1 SPONDA IDRAULICA: Si
20260220061706810	altro	MEZZI ACCETTA FRG - MCS - BSS fa
20260220061706810	altro	N.ro Imballi PALLET EPAL DA RENDERE: 1 HU  _ |]
20260220061706810	altro	Tio
20260220061706810	altro	7
20260224110634065	altro	G.A.E.R Societa Cooperati GAER CENTRALE - VIA F. SANTI, 5 - 42025 CORTE TEGGE DI
20260224110634065	altro	CAVRIAGO RE
20260224110634065	altro	ra Tel. 0522949620/30/40 - Fax 0522 494245 - Partita I. V. A. 0020439
20260224110634065	altro	MITTEN G.A.E.R Societa' Cooperativa DOCUMENTO DI TRASPORTO
20260224110634065	altro	GAER CENTRALE - VIA F. SANTI, 5 - 42025 CORTE TEGGE | DESTINATARIO NUM CAUSALE DEL TRASPOR
20260224110634065	intestazione_documento	DESTINATAR 010604 Pg 1/1 23/02/2026 Vendita
20260224110634065	luogo_destinazione	001519 - 078 LUOGO DI DESTINAZION
20260224110634065	altro	CONSUMER IN SRL
20260224110634065	indirizzo	COOP CCNO LI -SAVONA
20260224110634065	altro	PIAZZA G. FERRE, 10 Partita IVA: 04117520967
20260224110634065	indirizzo	20025 LEGNANO CORSO RICCI, 211R
20260224110634065	indirizzo	MI IT 17100. SAVONA
20260224110634065	altro	SV IT
20260224110634065	altro	ARTICOLO DESCRIZIONE DEI BENI QUANTIT
20260224110634065	altro	Merce fatturata da Consumer.In srl a Coop Consorzio Nord Ovest P.I. 04117520967 e da quest'ultima ceduta al destinatario findle.
20260224110634065	riferimento_fattura_ordine	Rif. citato in fatt. VEND 011678 del 23/02/2026
20260224110634065	riferimento_fattura_ordine	N.ro ordine 026080026 del 23/02/2026
20260224110634065	riferimento_fattura_ordine	N.ro ordine 026204765 del 23/02/2026
20260224110634065	riferimento_fattura_ordine	N.ro ordine 026210604 del 23/02/2026
20260224110634065	riferimento_fattura_ordine	Rif. citato in fatt. VEND 011679 del 23/02/2026
20260224110634065	altro	ORDINE DA TOTEM: CHIABORELLI MICHELA
20260224110634065	riferimento_fattura_ordine	N.ro ordine 026209973 del 23/02/2026
20260224110634065	altro	ORDINE DA TOTEM: giorgio giannone
20260224110634065	riferimento_fattura_ordine	N.ro ordine 026212054 del 23/02/2026
20260224110634065	altro	Lista di prelievo Totale n. colli
20260224110634065	altro	000065458 2
20260224110634065	altro	DATA INIZIO TRASPO TRASPORTO AC |VIGLS ENTERPRISE SRL
20260224110634065	altro	23/02/2026 09.17 E
20260224110634065	altro	[] vETTOR T
20260224110634065	altro	E] vestinat |
20260224110634065	altro	TOTALE CO PESO KG VOLUME M DATA E ORA RICEZIONE | TIMBRO E FIRMA LEGGIBILE DEL DESTI
20260224110634065	altro	2 30,59 0,067
20260224110634065	altro	NOTE ORARI SCARICO 08:00 - 12:00/Lun - Mar - Mer - Gio - Ven/ (NECESSARIA PERVATAUANISI. 019-84061
20260224110634065	altro	oatLav 19:
20260224110634065	altro	sl nn ‘onvianIst DI
20260224110634065	altro	IRONIA .
20260224110634065	altro	Lei Sparpa Dee ULICA: S
20260224110634065	altro	MEZZI ACCETTA  FRG- MOS - BSS go dd: )
20260224110634065	altro	19990
20260224110634065	altro	N.ro Imballi YNOAYS 0oì a rod} 2P38" io
20260224110634065	altro	"e "93 VANONI
20260224110634065	altro	gNOAYS °°
20260226063257122	altro	{ G.A.E.R Societa' Cooperati GAER C/O LOGISTICA UNO - VIA COLOMBARONE SN - 29010
20260226063257122	altro	j ° MONTICELLI D'ONGINA PC
20260226063257122	altro	rm Tel. 0522949620/30/40 - Fax 0522 494245 - Partita I. V. A. 0020439
20260226063257122	altro	MITTEN G.A.E.R Societa' Cooperativa DOCUMENTO DI TRASPORTO
20260226063257122	altro	GAER C/O LOGISTICA UNO - VIA COLOMBARONE SN - 290 { DESTINATARIO NUM | DATA CAUSALE DEL TRASPOR
20260226063257122	intestazione_documento	DESTINATAR 010306 Pg 1/1 19/02/2026 Vendita
20260226063257122	luogo_destinazione	001519 - 078 GL LUOGO DI DESTINAZION
20260226063257122	altro	CONSUMER IN SRL A
20260226063257122	indirizzo	COOP CONO LI -SAVONA
20260226063257122	altro	PIAZZA G. FERRE’, 10 Partita IVA: 04117520967
20260226063257122	indirizzo	20025 LEGNANO CORSO RICCI, 211R
20260226063257122	indirizzo	MI IT 17100 SAVONA
20260226063257122	altro	SV IT
20260226063257122	altro	ARTICOLO DESCRIZIONE DEI BENI QUANTIT
20260226063257122	altro	Merce fatturata da Consumer.In srl a Coop Consorzio Nord Ovest P.I. 04117520967 e da quest'ultima ceduta al destinatario findle.
20260226063257122	riferimento_fattura_ordine	Rif. citato in fatt. VEND 002714 del 19/02/2026
20260226063257122	altro	ORDINE DA TOTEN: giusto iose
20260226063257122	riferimento_fattura_ordine	N.ro ordine 026203436 del 19/02/2026
20260226063257122	indirizzo	LIGURIA s.00 savONA
20260226063257122	altro	Ù to:
20260226063257122	indirizzo	coo? i meri00 SAVONA
20260226063257122	altro	rec 2 e .
20260226063257122	altro	Corso Rice: À
20260226063257122	altro	6 F 2028
20260226063257122	altro	x prot gu onorari
20260226063257122	altro	RELA QMANT Te AL RITIRO»
20260226063257122	altro	cosa mR
20260226063257122	altro	GENERI!
20260226063257122	altro	DATA INIZIO TRASPO TRASPORTO AC |VLOGISTICA UNO EUROPE SRL
20260226063257122	altro	19/02/2026 18.21 E
20260226063257122	altro	[LU] VETTOR u
20260226063257122	altro	[CD] DESTINAT
20260226063257122	altro	TOTALE CO PESO KG VOLUME M DATA E ORA RICEZIONE | TIMBRO E FIRMA LEGGIBILE DEL DESTI
20260226063257122	altro	1 13,40 0,139
20260226063257122	altro	NOTE ORARI SCARICO 08:00 - 12:00/Lun - Mar - Mer - Gio - Ven/ NECESSARIA PRENOTAZIONE/TEL. 019-84061
20260226063257122	altro	BORDERO N. 000107470 BANCALI (IN SPEDIZIONE) 1 SPONDA IDRAULICA: Si
20260226063257122	altro	MEZZI ACCETTA  FRG- MCS- BSS
20260226063257122	altro	N.ro Imballi PALLET EPAL DA RENDERE: 1
20260226101002452	altro	C)) G.A.E.R Societa' Cooperati GAER CENTRALE - VIA F. SANTI, 5 - 42025 CORTE TEGGE DI
20260226101002452	altro	CAVRIAGO RE
20260226101002452	altro	camere Tel. 0522949620/30/40 - Fax 0522 494245 - Partita |. V. A. 0020439
20260226101002452	altro	MITTEN G.A.E.R Societa' Cooperativa DOCUMENTO DI TRASPORTO
20260226101002452	altro	GAER CENTRALE - VIA F., SANTI. 5 - 42025 CORTE TEGGE | DESTINATARIO NUM | DATA CAUSALE DEL TRASPOR
20260226101002452	intestazione_documento	DESTINATAR 011233 Pg 1/1 | 25/02/2026 Vendita
20260226101002452	luogo_destinazione	001519 - 078 LUOGO DI DESTINAZION
20260226101002452	altro	CONSUMER IN SRL
20260226101002452	indirizzo	COOP CCNO LI -SAVONA
20260226101002452	altro	PIAZZA G. FERRE', 10 Partita IVA: 04117520967
20260226101002452	indirizzo	20025 LEGNANO CORSO RICCI, 211R
20260226101002452	indirizzo	MI IT 17100 SAVONA
20260226101002452	altro	SV IT
20260226101002452	altro	ARTICOLO DESCRIZIONE DEI BENI QUANTIT
20260226101002452	altro	Merce fatturata da Consumer.In srl a Coop Consorzio Nord Ovest P.I. 04117520967 e da quest'ultima ceduta al destinatario findle.
20260226101002452	riferimento_fattura_ordine	Rif. citato in fatt. VEND 012350 del 25/02/2026
20260226101002452	riferimento_fattura_ordine	N.ro ordine 026220121 del 25/02/2026
20260226101002452	altro	Lista di prelievo Totale n. colli
20260226101002452	altro	000068096 ù
20260226101002452	indirizzo	COOP LIGURIA 3.c.c. SAVONA
20260226101002452	altro	Sede Iperrbercato:
20260226101002452	indirizzo	Corso Ricci, 214 “rio SAVONA
20260226101002452	altro	A
20260226101002452	altro	26 DO 026
20260226101002452	altro	CURISERVIAMO DI VERIFIARE LA QUANTITA” E LA CONFORMITA”
20260226101002452	altro	DEGLI ARTICOLI SUCCESSIVAMENTE AL RITIRO,
20260226101002452	altro	GENERI VARI
20260226101002452	altro	DATA INIZIO TRASPO TRASPORTO A C |VÎGLS ENTERPRISE SRL
20260226101002452	altro	25/02/2026 08.28 E
20260226101002452	altro	TC] VETTOR T
20260226101002452	altro	CI cestinat |F
20260226101002452	altro	TOTALE CO PESO KG VOLUME M DATA E ORA RICEZIONE |TIMBRO E FIRMA LEGGIBILE DEL DESTI
20260226101002452	altro	1 7,51 0,014
20260226101002452	altro	NOTE. ORARI SCARICO 08:00 - 12:00/Lun - Mar - Mer - Gio - Ven/ INECESSARIA PRENOTAZIONE/TEL. 019-84061
20260226101002452	altro	SPONDA IDRAULICA: Si
20260226101002452	altro	MEZZI ACCETTA  FRG-MCS-BSS
20260227092948134	altro	n 1 G.A.E.R Societa' Cooperati GAER C/O LOGISTICA UNO - VIA COLOMBARONE SN - 29010
20260227092948134	altro	i | MONTICELLI D'ONGINA PC
20260227092948134	altro	Rneziageni Tel. 0522949620/30/40 - Fax 0522 494245 - Partita 1. V. A. 0020439
20260227092948134	altro	MITTEN G.A.E.R Sccieta' Cooperativa DOCUMENTO DI TRASPORTO
20260227092948134	altro	GAER C/O LOGISTICA UNO - VIA COLOMBARONE SN - 290 | DESTINATARIO NUM | DATA CAUSALE DEL TRASPOR
20260227092948134	intestazione_documento	DESTINATAR 011157. Pg.1/ 1 24/02/2026 Vendita
20260227092948134	luogo_destinazione	001519 - 078 LUOGO DI DESTINAZION
20260227092948134	altro	CONSUMER IN SRL i ;
20260227092948134	indirizzo	COOP CCNOLI -SAVONA -
20260227092948134	altro	PIAZZA G. FERRE', 10 Partita IVA: 04117520967
20260227092948134	indirizzo	20025 LEGNANO | CORSO RICCI, 211R
20260227092948134	indirizzo	MI {T 1 | 17100. SAVONA
20260227092948134	altro	: Sv. IT
20260227092948134	altro	ARTICOLO DESCRIZIONE DEI BENI QUANTIT
20260227092948134	altro	Merce fatturata da Consumer.In srl a Coop Consorzio Nord Ovést P.I. 04117520967 e da quest'ultima ceduta al destinatario findle.
20260227092948134	riferimento_fattura_ordine	Rif. citato in fatt. VEND 00291 1 del 24/02/2026
20260227092948134	altro	ORDINE DA TOTEM: ottone mirko a
20260227092948134	riferimento_fattura_ordine	N.ro ordine 026210277 del 24/02/2026‘. i
20260227092948134	altro	ORDINE DA TOTEM: MALETTA DOMENICO
20260227092948134	riferimento_fattura_ordine	N.ro ordine 026211801 del 24/02/2026
20260227092948134	riferimento_fattura_ordine	Rif. citato in fatt. VEND 002912 del 24/02/2026
20260227092948134	riferimento_fattura_ordine	N.ro ordine 026210484 del 24/02/2026
20260227092948134	riferimento_fattura_ordine	N.ro ordine 026210523 del 24/02/2026 ;
20260227092948134	riferimento_fattura_ordine	N.ro ordine 026210747 del 24/02/2026
20260227092948134	riferimento_fattura_ordine	N.ro ordine 026212040 del 24/02/2026
20260227092948134	indirizzo	COOP LIGURIA s.c.c. SAVONA
20260227092948134	altro	Sede ipermercato:
20260227092948134	indirizzo	Corso Ricci,2}] r.- 17100 SAVONA
20260227092948134	altro	{i
20260227092948134	altro	17-FEB 2026
20260227092948134	altro	DATA INIZIO TRASPO TRASPORTO AC |VITLOGISTICA UNO EURGREGRbonÌ UFICARE LA QUANTITA” E LA CONFORMITA”
20260227092948134	altro	24/02/2026 15.50 E DEGLI NATICOLI SUCCESSIVAMENTE AL RITIRO,
20260227092948134	altro	D vertor  |T GENERI VARI
20260227092948134	altro	[CC] DESTINAT ù
20260227092948134	altro	TOTALE CO PESO KG VOLUME M DATA E ORA RICEZIONE | TIMBRO E FIRMA LEGGIBILE DEL DESTI
20260227092948134	altro	42 1.093,40 7,819
20260227092948134	altro	NOTE. ORARI SCARICO 08:00 - 12:00/Lun - Mar - Mer - Gio - Ven/ (NECESSARIA PRENOTAZIONE/TEL. 019-84061
20260227092948134	altro	BORDERO N. 000107599 BANCALI (IN SPEDIZIONE) 7 SPONDA IDRAULICA: Si
20260227092948134	altro	MEZZI ACCETTA  FRG- MCS - BSS
20260227092948134	altro	N.ro imballi PALLET EPAL DA RENDERE: 7
20260227093029714	altro	j G.A.E.R Societa' Cooperativa - GAER CENTRALE - VIA F. SANTI, 5 - 42025 CORTE TEGGE DI
20260227093029714	altro	i ] CAVRIAGO RE
20260227093029714	altro	inerti de Tel. 0522949620/30/40 - Fax 0522 494245 - Partita }. V. A. 00204390355
20260227093029714	altro	MITTENT  G.A.E.R Societa' Cooperativa DOCUMENTO DI TRASPORTO
20260227093029714	altro	GAER CENTRALE - VIA F. SANTI, 5 - 42025 CORTE TEGGE DI CA DESTINATARIO NUMER | DATA CAUSALE DEL TRASPORTO
20260227093029714	intestazione_documento	DESTINATARI " 010959 Pg 1/1 24/02/2026 Vendita
20260227093029714	luogo_destinazione	001519 - 078 LUOGO DI DESTINAZIONE
20260227093029714	altro	CONSUMER IN SRL . |
20260227093029714	indirizzo	COOP CONO LI -SAVONA
20260227093029714	altro	PIAZZA G. FERRE, 10 Partita IVA: 04117520967
20260227093029714	indirizzo	20025 LEGNANO ‘CORSO RICCI, 211R
20260227093029714	indirizzo	MI IT Lu. “| 17100 SAVONA
20260227093029714	altro	. : i} SV IT
20260227093029714	altro	ARTICOLO j ” DESCRIZIONE DEI BENI QUANTITA'
20260227093029714	altro	Merce fatturata da Consumer.In srl a Coop Consorzio Nord Ovest P.1.:04117520967 e da quest'ultima ceduta al destinatario finale.
20260227093029714	riferimento_fattura_ordine	Rif. citato in fatt. VEND 012048 del 24/02/2026
20260227093029714	riferimento_fattura_ordine	N.ro ordine 026210471 del 24/02/2026
20260227093029714	riferimento_fattura_ordine	N.ro ordine 026210524 del 24/02/2026 :
20260227093029714	riferimento_fattura_ordine	N.ro ordine 026210578 del 24/02/2026
20260227093029714	riferimento_fattura_ordine	N.ro ordine 026212522 del 24/02/2026
20260227093029714	riferimento_fattura_ordine	Rif. citato in fatt. VEND 012049 del 24/02/2026
20260227093029714	altro	ORDINE DA TOTEM: giacomo parodi
20260227093029714	riferimento_fattura_ordine	N.ro ordine 026212488 del 24/02/2026
20260227093029714	altro	Lista di prelievo Totale n. colli
20260227093029714	altro	000066093 1
20260227093029714	indirizzo	° COOP LIGURIA s.c.c. SAVONA
20260227093029714	altro	Sede Ipermercato:
20260227093029714	indirizzo	Corso ie /)4 -17100 SAVONA
20260227093029714	altro	26
20260227093029714	altro	USER suoni FICARE LA QUANTITA" E LA CONFORMITA
20260227093029714	altro	DATA INIZIO TRASPOR TRASPORTO A [VT LOGISTICA UNO EUROPE &$ ARTETITITESTE
20260227093029714	altro	24/02/2026 09.05 CURA DEL E GENERI VARI
20260227093029714	altro	DI vetTORE ti
20260227093029714	altro	Dl DESTINATA {O
20260227093029714	altro	TOTALE COL PESO KG VOLUME MC DATA E ORA RICEZIONE ME | TIMBRO E FIRMA LEGGIBILE DEL DESTINATA
20260227093029714	altro	1 215,41 1,231
20260227093029714	altro	NOTE ORARI SCARICO 08:00 - 12:00/Lun - Mar - Mer - Gio - Ven/ NECESSARIA PRENOTAZIONE/TEL. 019-84061
20260227093029714	altro	BORDERO N. 000107570 BANCALI (INSPEDIZIONE) 1 SPONDA IDRAULICA: Si
20260227093029714	altro	MEZZI ACCETTAB — FRG- MCS - BSS
20260227093029714	altro	N.ro Imballi PALLET EPAL DA RENDERE: 1
20260302114648624	altro	fiele!
20260302114648624	altro	G.A.E.R Societa' Cooperati GAER C/O LOGISTICA UNO - VIA COLOMBARONE SN - 29010
20260302114648624	altro	dl MONTICELLI D'ONGINA PC
20260302114648624	altro	imniiiammona Tel. 0522949620/30/40 - Fax 0522 494245 - Partita 1. V. A. 0020439
20260302114648624	altro	MITTEN G.A.E.R Societa' Cooperativa DOCUMENTO DI TRASPORTO
20260302114648624	altro	GAER C/O LOGISTICA UNO - VIA COLOMBARONE SN - 290 | DESTINATARIO NUM |DATA CAUSALE DEL TRASPOR
20260302114648624	intestazione_documento	DESTINATAR 011718. Pg 1/1 26/02/2026 Vendita
20260302114648624	luogo_destinazione	001519 - 078 LUOGO DI DESTINAZION
20260302114648624	altro	CONSUMER IN SRL È : . . =
20260302114648624	indirizzo	COOP CGNO LI -SAVONA , 451
20260302114648624	altro	PIAZZA G. FERRE", 10 Partita IVA: 04117520967 (AA
20260302114648624	indirizzo	20025 LEGNANO : CORSO RICCI, 211R n
20260302114648624	indirizzo	Mi IT . i. | 17100. SAVONA :
20260302114648624	altro	li SV IT
20260302114648624	altro	ARTICOLO DESCRIZIONE DEI BENI QUANTIT
20260302114648624	altro	Merce fatturata da Consumer.In srl a Coop Consorzio Nord Ovest P.I. 04117520967 e da quest'ultima ceduta al destinatario find
20260302114648624	riferimento_fattura_ordine	Rif. citato in fatt. VEND 003017 del 26/02/2026
20260302114648624	riferimento_fattura_ordine	N.ro ordine 026220120 del 26/02/2026 no
20260302114648624	riferimento_fattura_ordine	N.ro ordine 026221414 del 26/02/2026
20260302114648624	riferimento_fattura_ordine	Rif. citato in fatt. VEND 003018 = del 26/02/2026
20260302114648624	riferimento_fattura_ordine	N.ro ordine 026219672 del 26/02/2026
20260302114648624	indirizzo	ipercoop savona
20260302114648624	altro	BANCALI RESI ALLA PARÌ
20260302114648624	indirizzo	COOP LIGURIA s.c.c. SAVONA
20260302114648624	altro	Sede [permercato:
20260302114648624	indirizzo	Corso Ricci, 211 r. - 17100 SAVONA
20260302114648624	altro	2 MAR 2026
20260302114648624	altro	CU RISERVIAMO DI VERIFICARE LA QUANTITA” E LA CONFORMITA”
20260302114648624	altro	DEGLI ARTICOLI SUCCESSIVAMENTE AL RITIRO.
20260302114648624	altro	GENERI VARI
20260302114648624	altro	DATA INIZIO TRASPO TRASPORTO AC |V | LOGISTICA UNO EUROPE SRL
20260302114648624	altro	26/02/2026 17.32 E
20260302114648624	altro	[] vETTOR T
20260302114648624	altro	[] DESTINAT ù
20260302114648624	altro	TOTALE CO PESO KG VOLUME M DATA E ORA RICEZIONE |TIMBRO ERI MA LEGGIBILE DEL DESTI
20260302114648624	altro	De ee
20260302114648624	altro	18 574,30 4,649 dpr,
20260302114648624	altro	NOTE ORARI SCARICO 08:00 - 12:00/Lun - Mar - Mer - Gio - Ven/ INECESSARIA PRENOTAZIONE/TEL. 019-84061
20260302114648624	altro	BORDERO N. 000107682 BANCALI (IN SPEDIZIONE) 4 SPONDA IDRAULICA: Si
20260302114648624	altro	MEZZI ACCETTA FRG - MCS - BSS
20260302114648624	altro	N.ro Imballi PALLET EPAL DA RENDERE: 4
20260302114754993	altro	a G.A.E.R Societa' Cooperativa - GAER CENTRALE - VIA F, SANTI, 5 - 42025 CORTE TEGGE DI
20260302114754993	altro	N in CAVRIAGO RE
20260302114754993	altro	NIN Tel. 0522949620/30/40 - Fax 0522 494245 - Partita |. V. A. 00204390355
20260302114754993	altro	MITTENT G.A.E.R Societa' Cooperativa DOCUMENTO DI TRASPORTO
20260302114754993	altro	GAER CENTRALE - VIA F. SANTI, 5 - 42025 CORTE TEGGE DI CA_| DESTINATARIO NUMER CAUSALE DEL TRASPORTO
20260302114754993	intestazione_documento	DESTINAIARI 011596 Pg 1/1 26/02/2026 Vendita
20260302114754993	luogo_destinazione	001519 - 078 LUOGO DI DESTINAZIONE
20260302114754993	altro	CONSUMER IN SRL . |
20260302114754993	indirizzo	: COOP CONO LI -SAVONA i -
20260302114754993	altro	PIAZZA G. FERRE", 10 Partita IVA: | 04117520967 À Ò
20260302114754993	indirizzo	20025 LEGNANO CORSO RICCI, 211R (A
20260302114754993	indirizzo	Mi n : - [17100 savona
20260302114754993	altro	“| sv T i
20260302114754993	altro	ARTICOLO i ; DESCRIZIONE DEI BENI
20260302114754993	altro	Merce fatturata da Consumer.In srl a Coop Consorzio Nord Ovest P.1.04117520967 e da quest'ultima ceduta al destinatario finale.
20260302114754993	riferimento_fattura_ordine	Rif. citato in fatt. VEND 012771 del 26/02/2026
20260302114754993	riferimento_fattura_ordine	N.ro ordine 026210578 del 26/02/2026
20260302114754993	riferimento_fattura_ordine	N.ro ordine 026219698 del 26/02/2026 °
20260302114754993	riferimento_fattura_ordine	N.ro ordine 026220121 del 26/02/2026 |
20260302114754993	altro	971763 HP A24HWB MF.INKJET COL. 7.5PPM 4CART.WIFI DESKJET 2921 NERO 5
20260302114754993	riferimento_fattura_ordine	Rif. citato in fatt. VEND 012772 del 26/02/2026
20260302114754993	riferimento_fattura_ordine	N.ro ordine 026219671 del 26/02/2026
20260302114754993	altro	Lista di prelievo Totale n. colli
20260302114754993	altro	000068589 3
20260302114754993	altro	000069508 1
20260302114754993	altro	&
20260302114754993	indirizzo	IPercog coop UGURIA 5.6.6, SAVONA
20260302114754993	altro	SAV , Sede Ipermercato:
20260302114754993	indirizzo	BANCA URESIA ONA Corso Ricci, 211 e. - 17100 SAVONA
20260302114754993	altro	STALLA PARI 2 MAR 2026
20260302114754993	altro	CI RISERVIAMO DI VERIFICARE LA QUANTITA” n
20260302114754993	altro	DEGLI ARTICOLI SUCCESSIVAMENTE Ad rit
20260302114754993	altro	DATA INIZIO TRASPOR TRASPORTOA |VILOGISTICA UNO EURGENERI VAR
20260302114754993	altro	26/02/2026 12.58 CURA DEL E i
20260302114754993	altro	[CD] VETTORE T .
20260302114754993	altro	D pestinatA |o
20260302114754993	altro	TOTALE COL PESO KG VOLUME MC DATA E ORA RICEZIONE ME | TIMBRO E FIRMA LEGGIBINE DEL'DESTINATA
20260302114754993	altro	4 817,68 4,799 Ae a
20260302114754993	altro	NOTE ORARI SCARICO 08:00 - 12:00/Lun - Mar - Mer - Gio - Ven/ NECESSARIA PRENOTAZIONE/TEL. 019-84061
20260302114754993	altro	BORDERO N. 000107662 BANCALI (IN SPEDIZIONE) 4 SPONDA IDRAULICA: Si
20260302114754993	altro	MEZZI ACCETTAB  FRG- MCS-BSS
20260302114754993	altro	N.ro Imballi PALLET EPAL DA RENDERE: 4
20260304101447217	altro	; C) G.A.E.R Societa' Cooperati GAER CENTRALE - VIA F. SANTI, 5 - 42025 CORTE TEGGE DI
20260304101447217	altro	CAVRIAGO RE
20260304101447217	altro	Dsessimazand Tel. 0522949620/30/40 - Fax 0522 494245 - Partita I. V. A. 0020439
20260304101447217	altro	MITTEN G.A.E.R Societa' Cooperativa DOCUMENTO DI TRASPORTO
20260304101447217	altro	GAER CENTRALE - VIA F. SANTI, 5 - 42025 CORTE TEGGE | DESTINATARIO NUM | DATA CAUSALE DEL TRASPOR
20260304101447217	intestazione_documento	DESTINATAR 012335 Pg 1/1 03/03/2026 Vendita
20260304101447217	luogo_destinazione	001519 - 078 LUOGO DI DESTINAZION
20260304101447217	altro	CONSUMER IN SRL
20260304101447217	indirizzo	COOP CONO LI -SAVONA
20260304101447217	altro	PIAZZA G. FERRE', 10 Partita IVA: 04117520967
20260304101447217	indirizzo	20025 LEGNANO CORSO RICCI, 211R
20260304101447217	indirizzo	MI T 17100 SAVONA
20260304101447217	altro	SV IT
20260304101447217	altro	ARTICOLO DESCRIZIONE DEI BENI QUANTIT
20260304101447217	altro	Merce fatturata da Consumer.In srl a Coop Consorzio Nord Ovest P.I. 04117520967 e da quest'ultima ceduta al destinatario findie.
20260304101447217	riferimento_fattura_ordine	Rif. citato in fatt. VEND 013525 del 03/03/2026
20260304101447217	riferimento_fattura_ordine	N.ro ordine 026176659 del 03/03/2026
20260304101447217	riferimento_fattura_ordine	N.ro ordine 026235308 del 03/03/2026
20260304101447217	altro	Lista di prelievo Totale n. colli
20260304101447217	altro	000074276 1
20260304101447217	altro	{
20260304101447217	altro	39
20260304101447217	altro	(CALA ma 190. 4D
20260304101447217	altro	quos pISSANI NS A 1g QAVINNIS
20260304101447217	altro	«quite di Ret nuvi ENEL
20260304101447217	altro	gunnioaio) 113.55
20260304101447217	altro	gua IN! ,
20260304101447217	altro	sug pa 9
20260304101447217	altro	LI
20260304101447217	altro	VRONNS Srsed Sea 4009
20260304101447217	altro	; Cegielii
20260304101447217	altro	yNOAYS
20260304101447217	altro	DATA INIZIO TRASPO TRASPORTO AC |[VIGLS ENTERPRISE SRL
20260304101447217	altro	03/03/2026 07.59 E
20260304101447217	altro	D veETTOR T
20260304101447217	altro	T f
20260304101447217	altro	C] DESTINAT F /
20260304101447217	altro	se ins TT Da "|
20260304101447217	altro	1 11
20260304101447217	altro	1,67 0,007 31) ENO
20260304101447217	altro	NOTE. ORARI SCARICO 08:00 - 12:00/Lun - Mar - Mer - Gio - Ven/ (NECESSARIA PRENOTAZIONE/TEL. 019-84061
20260304101447217	altro	SPONDA IDRAULICA: Si
20260304101447217	altro	MEZZI ACCETTA  FRG - MCS - BSS
20260306110736646	altro	o G.A.E.R Societa' Cooperati GAER CENTRALE - VIA F, SANTI, 5 - 42025 CORTE TEGGE DI
20260306110736646	altro	CAYRIAGO RE
20260306110736646	altro	eeetacepane Tel. 0522949620/30/40 - Fax 0522 494245 - Partita |. V. A. 0020439
20260306110736646	altro	MITTEN  G.A.E.R Societa' Cooperativa DOCUMENTO DI TRASPORTO
20260306110736646	altro	GAER CENTRALE - VIA F. SANTI. 5 - 42025 CORTE TEGGE | DESTINATARIO NUM | DATA CAUSALE DEL TRASPOR
20260306110736646	intestazione_documento	DESTINATAR 012883 Pg 1/1 05/03/2026 Vendita
20260306110736646	luogo_destinazione	001519 - 078 LUOGO DI DESTINAZION
20260306110736646	altro	CONSUMER IN SRL
20260306110736646	indirizzo	COOP CONO LI - SAVONA
20260306110736646	altro	PIAZZA G. FERRE', 10 Partita IVA: 04117520967
20260306110736646	indirizzo	20025 LEGNANO CORSO RICCI, 211R
20260306110736646	indirizzo	MI IT 1. | 17100 SAVONA
20260306110736646	altro	; Sv IT
20260306110736646	altro	ARTICOLO DESCRIZIONE DEI BENI QUANTIT
20260306110736646	altro	Merce fatturata da Consumer.In srl a Coop Consorzio Nord Ovest P.I, 04117520967 e da quest'ultima ceduta al destinatario findle.
20260306110736646	riferimento_fattura_ordine	Rif. citato in fatt. VEND 014115 del 05/03/2026
20260306110736646	riferimento_fattura_ordine	N.ro ordine 026233084 dei 05/03/2026 _
20260306110736646	riferimento_fattura_ordine	Rif. citato in fatt. VEND 014116 del 05/03/2026
20260306110736646	riferimento_fattura_ordine	N.ro ordine 026176659 del 05/03/2026
20260306110736646	altro	Lista di prelievo Totale n. colli
20260306110736646	altro	000077223 Ù
20260306110736646	altro	iperd0P SOI
20260306110736646	altro	Ù AR
20260306110736646	altro	VALLAP
20260306110736646	indirizzo	coop LIGURIA s.0.0. SAVONA
20260306110736646	altro	Ì Sede ipermercato:
20260306110736646	indirizzo	Corso Ricci, 211 e. - 17100 SAVONA
20260306110736646	altro	G MAR 2026
20260306110736646	altro	CE GIVICAE LA QUUAISSITA' E LA CONFORMITA”
20260306110736646	altro	ca
20260306110736646	altro	GENERI VARI
20260306110736646	altro	DATA INIZIO TRASPO TRASPORTO A € |VTGLS ENTERPRISE SRL
20260306110736646	altro	05/03/2026 07.27 E
20260306110736646	altro	DI VETTOR T
20260306110736646	altro	D pestinat |
20260306110736646	altro	TOTALE CO PESO KG VOLUME M DATA E ORA RICEZIONE | TIMBRO E FIRMA-LEGGIBILE DEL DESTI
20260306110736646	altro	1 2,87 0,009 e 1
20260306110736646	altro	NOTE ORARI SCARICO 08:00 - 12:00/Lun - Mar - Mer - Gio - Ven/ NECESSARIA PRENOTAZIONE/TEL. 019-84061
20260306110736646	altro	SPONDA IDRAULICA: Si
20260306110736646	altro	MEZZI ACCETTA —FRG - MCS - BSS
20260306110736646	altro	N.ro Imballi
20260306110851167	documento_senza_righe_articolo	(87 righe, layout non gestito)
20260309094017165	altro	d \ { G.A.E.R Societa' Cooperati GAER C/O LOGISTICA UNO - VIA COLOMBARONE SN - 29010
20260309094017165	altro	; MONTICELLI D'ONGINA PC
20260309094017165	altro	Lecni Tel. 0522949620/30/40 - Fax 0522 494245 - Partita I. V. A. 0020439
20260309094017165	altro	MITTEN G.A.E.R Societa' Cooperativa DOCUMENTO DI TRASPORTO
20260309094017165	altro	GAER C/O LOGISTICA UNO - VIA COLOMBARONE SN - 290 | DESTINATARIO NUM | DATA CAUSALE DEL TRASPOR
20260309094017165	intestazione_documento	DESTINATAR 012674 Pg 1/1 04/03/2026 Vendita
20260309094017165	luogo_destinazione	001519 -078 LUOGO DI DESTINAZION
20260309094017165	altro	CONSUMER IN SRL $
20260309094017165	indirizzo	COOP CONO LI -SAVONA Pa
20260309094017165	altro	PIAZZA G. FERRE', 10 Partita IVA: 04117520967
20260309094017165	indirizzo	20025 LEGNANO CORSO RICCI, 211R
20260309094017165	indirizzo	MI IT 17100 SAVONA
20260309094017165	altro	SV IT
20260309094017165	altro	ARTICOLO DESCRIZIONE DEI BENI QUANTIT
20260309094017165	altro	Merce fatturata da Consumer.in srl a Coop Consorzio Nord Ovest P.I. 04117520967 e da quest'ultima ceduta al destinatario finale.
20260309094017165	riferimento_fattura_ordine	Rif. citato in fatt. VEND 003359 del 04/03/2026
20260309094017165	riferimento_fattura_ordine	N.ro ordine 026233085 del 04/03/2026
20260309094017165	altro	sa CANVONA
20260309094017165	altro	Zi b7 SOT” Sade Ipermeresioi LLONA
20260309094017165	altro	77 (#7 nici 211 re 710 SAYON
20260309094017165	indirizzo	No, 524 1} Corso Ricci. 4
20260309094017165	altro	UG Ea LA dA MAD F008
20260309094017165	altro	Co, bg 9 MAR ZUZO
20260309094017165	altro	AA cene LA QUGRITITAT ELA CONFORIEITA'
20260309094017165	altro	Ò ca puseguiano DIVERIFICAE CI ile ai RIIIRO,
20260309094017165	altro	DEGLI ARTICOLI SUCCISSINANZOT
20260309094017165	altro	DATA INIZIO TRASPO TRASPORTO A C {VI LOGISTICA UNO EUROPE SRL
20260309094017165	altro	04/03/2026 10.04 E
20260309094017165	altro	[] VETTOR T
20260309094017165	altro	G pestinat |"
20260309094017165	altro	TOTALE CO PESO KG VOLUME M DATA E ORA RICEZIONE |TIMBRO E FIRMA LEGGIBILE DEL DESTI
20260309094017165	altro	25 127,00 1,070
20260309094017165	altro	NOTE ORARI SCARICO 08:00 - 12:00/Lun - Mar - Mer - Gio - Ven/ NECESSARIA PRENOTAZIONE/TEL. 019-84061
20260309094017165	altro	BORDERO N. 000107824 BANCALI {IN SPEDIZIONE) 1 SPONDA IDRAULICA: Si
20260309094017165	altro	MEZZI ACCETTA  FRG- MCS - BSS )
20260309094017165	altro	N.ro Imballi PALLET EPAL DA RENDERE: 1
20260309094309492	altro	vw GOAARN G.A.E.R Societa' Cooperativa - GAER CENTRALE - VIA F. SANTI, 5 - 42025 CORTE TEGGE DI
20260309094309492	altro	z CAVRIAGO RE
20260309094309492	altro	iii Tel. 0522949620/30/40 - Fax 0522 494245 - Partita 1. V. A. 00204390355
20260309094309492	altro	GAER CENTRALE - VIA F. SANTI, 5 - 42025 CORTE TEGGE DI CA_| DESTINATARIO NUMER { DATA CAUSALE DEL TRASPORTO
20260309094309492	luogo_destinazione	001519 - 078 LUOGO DI DESTINAZIONE
20260309094309492	altro	2 ERO 2
20260309094309492	indirizzo	COOP CONO LI -SAVONA Pal
20260309094309492	altro	PIAZZA G. FERRE", 10 Partita IVA: 04117520967 VA
20260309094309492	indirizzo	20025 LEGNANO CORSO RICCI, 211R
20260309094309492	indirizzo	MI m 17100 SAVONA
20260309094309492	altro	Sv T
20260309094309492	altro	Merce fatturata da [Consumer.In srl a Coop Consorzio Nord Ovest P.I. 04117520967 e da quest'ultima ceduta al destinatario finale.
20260309094309492	riferimento_fattura_ordine	Rif. citato in fatt. VEND 013798 del 03/03/2026
20260309094309492	altro	ORDINE DA TOTEM: lorenza burnengo
20260309094309492	riferimento_fattura_ordine	N.ro ordine 026231314 del 03/03/2026
20260309094309492	riferimento_fattura_ordine	N.ro ordine 026232524 del 03/03/2026
20260309094309492	riferimento_fattura_ordine	N.ro ordine 026233087 del 03/03/2026
20260309094309492	altro	ORDINE DA TOTEM: nicolò gibbone
20260309094309492	riferimento_fattura_ordine	N.ro ordine 026234205 del 03/03/2026
20260309094309492	riferimento_fattura_ordine	N.ro ordine 026234588 del 03/03/2026
20260309094309492	altro	DATA INIZIO TRASPOR TRASPORTO A V [LOGISTICA UNO EUROPE SRL
20260309094309492	altro	i
20260309094309492	altro	[] VETTORE 7
20260309094309492	altro	[CU] pestINATA |o
20260309094309492	altro	TOTALE COL PESO KG VOLUME MC DATA E ORA RICEZIONE ME {| TIMBRO E FIRMA LEGGIBILE DEL DESTINATA
20260309094309492	altro	fe | e]
20260309094309492	altro	NOTE ORARI SCARICO 08:00 - 12:00/Lun - Mar - Mer - Gio - Ven/ NECESSARIA PRENOTAZIONE/TEL. 019-84061
20260309094309492	altro	BORDERO N. 000107811 BANCALI (IN SPEDIZIONE) 1 SPONDA IDRAULICA: Si
20260309094309492	altro	MEZZI ACCETTAB  FRG- MCS-BSS
20260309094309492	altro	(ta ]kn4141k0108m—=— unu
20260309094309492	altro	sei GARA G.A.E.R Societa' Cooperativa - GAER CENTRALE - VIA F. SANTI, 5 - 42025 CORTE TEGGE DI
20260309094309492	altro	. x CAVRIAGO RE
20260309094309492	altro	mesrà aa Tel. 0522949620/30/40 - Fax 0522 494245 - Partita |. V. A. 00204390355
20260309094309492	altro	DESTINATARIO NUMER | DATA CAUSALE DEL TRASPORTO
20260309094309492	luogo_destinazione	001519 -078 LUOGO DI DESTINAZIONE
20260309094309492	altro	E ERO
20260309094309492	indirizzo	COOP CCNO LI -SAVONA
20260309094309492	altro	PIAZZA G. FERRE, 10 Partita IVA: 04117520967
20260309094309492	indirizzo	20025 LEGNANO CORSO RICCI, 211R
20260309094309492	indirizzo	MI T 17100 SAVONA
20260309094309492	altro	Sv IT
20260309094309492	riferimento_fattura_ordine	N.ro ordine 026235308 del 03/03/2026
20260309094309492	riferimento_fattura_ordine	Rif. citato in fatt. VEND 013799 del 03/03/2026
20260309094309492	riferimento_fattura_ordine	N.ro ordine 026233083 del 03/03/2026
20260309094309492	altro	DATA INIZIO TRASPOR TRASPORTO A V| LOGISTICA UNO EUROPE SRL
20260309094309492	altro	03/03/2026 16.00 CURA DEL E
20260309094309492	altro	e o
20260309094309492	altro	DI DESTINATA |O
20260309094309492	altro	TOTALE COL PESO KG VOLUME MC DATA E ORA RICEZIONE ME | TIMBRO E FIRMA LEGGIBILE DEL DESTINATA
20260309094309492	altro	| e
20260309094309492	altro	NOTE ORARI SCARICO 08:00 - 12:00/Lun - Mar - Mer - Gio - Ven/ NECESSARIA PRENOTAZIONE/TEL. 019-84061
20260309094309492	altro	BORDERO N. 000107811 BANCALI (IN SPEDIZIONE) 1 SPONDA IDRAULICA: Si
20260309094309492	altro	MEZZI ACCETTAB — FRG- MCS - BSS
20260309094309492	altro	_  —
20260309094309492	altro	T {) G.A.E.R Societa' Cooperativa - GAER CENTRALE - VIA F. SANTI, 5 - 42025 CORTE TEGGE DI
20260309094309492	altro	| CAVRIAGO RE
20260309094309492	altro	ne Tel. 0522949620/30/40 - Fax 0522 494245 - Partita I. V. A. 00204390355
20260309094309492	altro	MITTENT G.A.E.R Societa' Cooperativa DOCUMENTO DI TRASPORTO
20260309094309492	altro	GAER CENTRALE - VIA F. SANTI, 5 - 42025 CORTE TEGGE DI CA_ | DESTINATARIO NUMER CAUSALE DEL TRASPORTO
20260309094309492	intestazione_documento	012574 Pg 3/ 3 03/03/2026 Vendita
20260309094309492	altro	DESTINATARI 9
20260309094309492	luogo_destinazione	001519 - 078 LUOGO DI DESTINAZIONE
20260309094309492	altro	CONSUMER IN SRL.
20260309094309492	indirizzo	COOP CONO LI -SAVONA
20260309094309492	altro	PIAZZA G. FERRE, 10 Partita IVA: 04117520967
20260309094309492	indirizzo	20025 LEGNANO CORSO RICCI, 211R
20260309094309492	indirizzo	MI IT 17100 = SAVONA
20260309094309492	altro	SV IT
20260309094309492	altro	ARTICOLO DESCRIZIONE DEI BENI QUANTITA"
20260309094309492	altro	Lista di prelievo Totale n. colli
20260309094309492	altro	000073672 3
20260309094309492	altro	000075029 1
20260309094309492	indirizzo	COOP LIGURIA s.c.c, SAVONA
20260309094309492	altro	Sede /penmercafo:
20260309094309492	indirizzo	Corso Ricci, 211 e. - 17100 SAVONA
20260309094309492	altro	9 MAR 2028
20260309094309492	altro	CTRISERVIANIO Di VERIFICARE LA QUANTATA'E LA CONFORMITA”
20260309094309492	altro	DEGLI ARTICOLI SUCCESSIVAMENTE di RITIRO,
20260309094309492	altro	GENERI VARI
20260309094309492	altro	DATA INIZIO TRASPOR TRASPORTOA |VÎLOGISTICA UNO EUROPE SRL
20260309094309492	altro	03/03/2026 16.00 CURA DEL E
20260309094309492	altro	[] VETTORE T
20260309094309492	altro	CD] pestInatA  |o
20260309094309492	altro	TOTALE COL PESO KG VOLUME MC DATA E ORA RICEZIONE ME | TIMBRO E FIRMA LEGGIBILE DEL DESTINATA
20260309094309492	altro	4 99,64 0,659
20260309094309492	altro	NOTE ORARI SCARICO 08:00 - 12:00/Lun - Mar - Mer - Gio - Ven! NECESSARIA PRENOTAZIONE/TEL. 019-84061
20260309094309492	altro	BORDERO N. 000107811 BANCALI (INSPEDIZIONE) 1 SPONDAJIDRAULICA: Si
20260309094309492	altro	MEZZI ACCETTAB  FRG- MCS-BSS ZII n
20260309094309492	altro	N.ro Imballi PALLET EPAL DA RENDERE: 1 |__|
20260310110618694	altro	A 1 i G.A.E.R Societa' Cooperati GAER C/O LOGISTICA UNO - VIA COLOMBARONE SN - 29010
20260310110618694	altro	4 i MONTICELLI D'ONGINA PC
20260310110618694	altro	4 Luiaimzneni Tel. 0522949620/30/40 - Fax 0522 494245 - Partita I. V. A. 0020439
20260310110618694	altro	MITTEN G.A.E.R Societa' Cooperativa DOCUMENTO DI TRASPORTO
20260310110618694	altro	GAER C/O LOGISTICA UNO - VIA COLOMBARONE SN - 290 | DESTINATARIO NUM | DATA CAUSALE DEL TRASPOR
20260310110618694	intestazione_documento	DESTINATAR 013115 Pg 1/1 05/03/2026 Vendita
20260310110618694	luogo_destinazione	001519 - 078 LUOGO DI DESTINAZION
20260310110618694	altro	CONSUMER IN SRL
20260310110618694	indirizzo	COOP CONO LI -SAVONA
20260310110618694	altro	PIAZZA G. FERRE", 10 Partita IVA: 04117520967
20260310110618694	indirizzo	20025 LEGNANO CORSO RICCI, 211R
20260310110618694	indirizzo	MI IT Li. 17100 SAVONA
20260310110618694	altro	SV IT
20260310110618694	altro	ARTICOLO DESCRIZIONE DEI BENI QUANTIT
20260310110618694	altro	Merce fatturata da Consumer.In srl a Coop Consorzio Nord Ovest P.I. 04117520967 e da quest'ultima ceduta al destinatario findle.
20260310110618694	riferimento_fattura_ordine	Rif. citato in fatt. VEND 003482 del 05/03/2026
20260310110618694	riferimento_fattura_ordine	N.ro ordine 026241596 del 05/03/2026
20260310110618694	altro	fade im asmarouifo;
20260310110618694	indirizzo	Corso Ricci, 211. 17100 SAYONA
20260310110618694	altro	tati
20260310110618694	altro	108 ms
20260310110618694	altro	Ì
20260310110618694	altro	CI RISENDIRMO DI VERAICANI LO CASIATITA. E 10 CONFORMATA”
20260310110618694	altro	° DEGLI VON di fini, ia
20260310110618694	altro	DATA INIZIO TRASPO TRASPORTO AC |V LOGISTICA UNO EUROPE SRL
20260310110618694	altro	05/03/2026 14.44 E
20260310110618694	altro	[] VvETTOR T .
20260310110618694	altro	D pestinart |"
20260310110618694	altro	TOTALE CO PESO KG VOLUME M DATA E ORA RICEZIONE | TIMBRO E FIRMA LEGGIBILE DEL DESTI
20260310110618694	altro	1 60,00 0,274
20260310110618694	altro	NOTE ORARI SCARICO 08:00 - 12:00/Lun - Mar - Mer - Gio - Ven/ (NECESSARIA PRENOTAZIONE/TEL. 019-84061
20260310110618694	altro	BORDERO N. 000107906 BANCALI (IN SPEDIZIONE) 1 SPONDA IDRAULICA: Si
20260310110618694	altro	MEZZI ACCETTA FRG- MCS - BSS
20260310110618694	altro	N.ro Imballi PALLET LEGNO 75X75 A RENDERE: 1
20260312091910129	altro	G.A.E.R. Società Cooperativa
20260312091910129	altro	Via Santi, 5 - Loc. Corte Tegge
20260312091910129	altro	() 42025 CAVRIAGO 1)
20260312091910129	altro	GAP Tel. 0522 949620/30/40
20260312091910129	altro	Fax 0522 494245
20260312091910129	altro	Partita LV.A. 00204390355
20260312091910129	altro	sore
20260312091910129	altro	G.A.E.R. Società Cooperativa DOCUMENTO NUMERO DATA CAUSALE DEL TRASPORTO
20260312091910129	altro	Via Santi, - Loc. Corte Tegge - 42025 CAVRIAGO (RE)
20260312091910129	luogo_destinazione	DESTIATARIO — O7G LUOGO DI DESTINAZIONE
20260312091910129	indirizzo	CONSUMER IN SRL COOP COMO LI «SAVONA
20260312091910129	altro	Pari pla [VO Gs 4 FA2G067 :
20260312091910129	altro	PIAZZA G. FERRE”, 10 (|. CORSI RICCI, STR
20260312091910129	indirizzo	20025 LEGMANO ; O Tri0o SAVONA
20260312091910129	altro	hi IT iu Si si
20260312091910129	altro	lierce fatturate da Conzuner.ina srl a Coop Consorzio Nord (vesti P.I, 061[/AZOSG7 eo dil
20260312091910129	altro	quest'ultima ceduta al destinatario Finale. .
20260312091910129	altro	: RIP. cilato in Path. VENDO DI&ISIO del 10/05/0055
20260312091910129	altro	bl.io ordine 026230405 dei 10/03/2025
20260312091910129	altro	BO6S7 PARA REHSIGSER GUFFIA GURIg,.{beftaR 1oslba 1 £
20260312091910129	altro	Hiro ordine 020235034 dal 1003 /102€
20260312091910129	altro	URDINE DA TITER: delfino geroclalo
20260312091910129	altro	Mi. ro ordine U2izs 70650 del 10/05/2020
20260312091910129	altro	. ° hico ordine Ol00552a20 del TOFUI 2026
20260312091910129	altro	B7GSZS PHIL S5087 RASDIÙ RIC, LANE STEELPRECIZION Ò
20260312091910129	altro	QE737E ARIE «175BLUE SCOPA A VAPORE 15004 3506, 57 si
20260312091910129	altro	957300 &RIE «1375. UE PULITORE A VAPORE 10Sog e80NL n
20260312091910129	altro	S15180 ARIE «630 FRIGGITRICE AD ARIA 15004 SLUT BIA i
20260312091910129	altro	FARIES ARIE #25 BAREEIUE 20004 C/VAEEGIO ESCCOGLIO [
20260312091910129	altro	BOOz7E ARIE 1S7CARKGREY MISTARAME VEol PPEOD, S5c0 . i
20260312091910129	altro	BOBIZIE ARIE S22 FORMETTO EL, Ch00 Set VENT, (ARI %
20260312091910129	altro	TE Fzh2 ARIE SOI FRULL.IBMERS. S00k0 ZVEL, LalasPIC0 È
20260312091910129	altro	DELI: ARIE 1325 CRITATUTTO Tool sb00L LARE INOX P È
20260312091910129	altro	DLIG4o BOSCO MEH15200 FRULL i MnER5, < 008 SLA iA0E i
20260312091910129	altro	GURA7E BRAUO SITUSUBL FERRO VaF0re 206048 PISST,. MON È
20260312091910129	altro	| Gabizi BRAU BIO35SO REG, BARDA AVAPELLI SI RIO. A î
20260312091910129	altro	i S56835 CECÙ ACGTEUOTI TS RI] iuUPA RIO, E/EACCO I.ILT ii
20260312091910129	altro	il Q0s646 DELO EDGIsali CAFFE CARE decgl i.ELT DOLCE Î
20260312091910129	altro	; SGBATDE DELO. ECZO TCOE MiCAFFE CALDE POL VERE 0504 2
20260312091910129	altro	îl &31534 DELO ECI3aci M.VAFFE CIALDE POLVERE TOO bi
20260312091910129	altro	5 &20701 GIFEO GIOOSI TUSTAPSME GODE © (PINZE CRANTUAZ a
20260312091910129	altro	i G2156: GIRA FEZONO FORNETTO ELL. C3Soy 200] NERCRO 2
20260312091910129	altro	| 533409 GIRNO MUD i0o MACIMACAFFE' 6500 40GR INOX È
20260312091910129	altro	il 687844 INETO TIS6G STYLER siGDELL, BOO ZII BELLISE ù
20260312091910129	altro	il 946815 IMETO DaFo PHON 23000 SVEL. STERS, LORI RP i è
20260312091910129	altro	i 436970 IRETO T1Ta0A PIAETRS CAPELLI 4540 CERAMICA HS se z
20260312091910129	altro	"| DATA INIZIO TRASPORTO TRASPORTO Tu] lieta tun cnste cem Q
20260312091910129	altro	10/03/38 10,63 ACURADEL | pi SUCiozIILA LIU meli RL E
20260312091910129	altro	T E
20260312091910129	altro	TOTALE COLLI PESO KG. VOLUME MC LIMitTENTE u - S
20260312091910129	altro	E
20260312091910129	altro	PARIFPETEVORREP OIRRITD) UE:00 — [PIMREAMINAZONNERE Mes gii] MPRRE MAMA LEORELEDE OegTRAmRO =
20260312091910129	altro	PRENOTAZIONE /TEL. 019-64061 Ù
20260312091910129	altro	MEZZI ACCETTAGILIFRG » MCS — BSS $
20260312091910129	altro	Q
20260312091910129	altro	Toe 6 ===
20260312091910129	altro	LT PSN evi D a Foo (SN ot TITO RS LAO TR ONTANI 3LON
20260312091910129	altro	3
20260312091910129	altro	2 SEU - SON > DITOTOWIL3O0W TEZ90
20260312091910129	altro	ke L607P-E,0 "TRL/AINOIZE LONANA
20260312091910129	altro	ee) HINUSE SOA /UDA LO LO JBL o  dEll — UDURAagGre) > (Orso SATNZISO TNSNO I
20260312091910129	altro	r OltivIvniuSEO Tad FGIOSA vidi a oriamu. [°° " Lozzo vali SU SETE T rinido danesi
20260312091910129	altro	D n
20260312091910129	altro	ace EE ea ei "0 . .
20260312091910129	altro	d (o)
20260312091910129	altro	$ 1 |BIN3LUN[] DM INMOA "DI OSId TT09 FIVIOL
20260312091910129	altro	[e 1 -
20260312091910129	altro	€» "DL a7/c
20260312091910129	altro	5 “iis ad08n3 cun «oiictaoi |3] mavinov £9°0L Sz/E0/0L
20260312091910129	altro	lo) OLHOdSVUL OLYOISYVAL CIZINI VIVO
20260312091910129	altro	3
20260312091910129	altro	, SS x ‘ H
20260312091910129	altro	} 0 FO AUT THA ACOSÌ KNOHd SZOZ0IoiTSZOIH o 2Gda IGGL9G [È
20260312091910129	altro	(ararseoso) T8b GiSOSFOoro suip.ò cd" È
20260312091910129	altro	: flo 3da CISSTOSI CONVOGOIIZAI FIWNTATNO. AUNA asrcLo JE
20260312091910129	altro	1 HYS AL DISOTODO CONSUGnITZI LUFHIDINO AVNO AGIO i
20260312091910129	altro	È MST &L DIFOTOIO GONSUOCIVZI CIWNISINO ARS ‘59009 [E
20260312091910129	altro	È AL NES DISOTISG SONVUEOSIIII STENTATHO ASSI LION H
20260312091910129	altro	È ALONIA GAWSTORO DONSUDONIÙÒI £TGNISTIDO AVNI SONO È
20260312091910129	altro	aeoz/coso]. 184 GGSSSTaFo SULp.io GU°H è
20260312091910129	altro	SE KO SETT” DATLLISOdETT AIPWESE SAMO SUdL srezae E
20260312091910129	altro	Qz0z/cofo]. TS E0OLETazo SULpJO GU°N 5
20260312091910129	altro	Srorseo/o) T8Po FEroko VINGA "EIES UL OLEI,D THIN s
20260312091910129	altro	I GIO MOST LIMIT COTN VEldEn/yA59] DCEGZO  aMON PERDO
20260312091910129	altro	Qzor/Cco/oL T8D /BS507070 SULPLO 0.°H
20260312091910129	altro	OULA TAR ESES SUGLOoL YO SNTONO
20260312091910129	altro	di CMDOS ONLBACO Mie QIIMISITSE SGnciiz SSN DIRLEG
20260312091910129	altro	: n SE CGSIESULICO MOIO SH [Gi SOL ECT SENI LORyca
20260312091910129	altro	i [HE MOGGL VSIseta DOANWwIEni OGRERZIO ESON SPOnEE
20260312091910129	altro	! L MIE BOOGE VALSWtd # PRW ISDI SSESRZIO S50N SPRRST
20260312091910129	altro	È Ri 8g CaSLE COAT A0GcS NO: GEBRATO ARON TOGSPE
20260312091910129	altro	È SIMOTEI LSSI oMO02E SNOd9A DST SSsLzoo AMO £BOGRZ
20260312091910129	altro	È PAZ CHOMIUTE G5tcATy Wo onn SMEG TEEN CERIZE
20260312091910129	altro	: GO SINCE WILGSLS IUUIIVO GNISYIA ORGLESO INSÒN ESPGEL
20260312091910129	altro	n 10 SaR £ DGNDaCHAZ ROSE NOI AGnsowo TUE 490067
20260312091910129	altro	£ &ZEO VISCO 000455 COIN Vit 3L LONA9do Od CASSIZ
20260312091910129	altro	di ADIWOONE COLI DTTISVO/VOEND' Ol NELEASI  TIHd OScieo
20260312091910129	altro	L +A7 VIGCO/Oto AOGr'ENIHLO TINI LESSNo DAD BLEGTA
20260312091910129	altro	È VIS (INMRGCHAS MOOS FNDLITILYOT LOL EHEH TION GOcora
20260312091910129	altro	Ni (STAMI SNISeia MO0Z WNETISOL FLODGESLE HE ALENCE
20260312091910129	altro	: S00 dexet DinRACI0S Nue TLLSHOO8n LOZ DON L29006
20260312091910129	altro	È ADRALI LODE HOOSL Hig TILISHOONE STIONCOAO DOSI LOZERE
20260312091910129	altro	È DOLSESt LUSCO IESdkio addio i QEPLOORL ZAVT SGELLO
20260312091910129	altro	Ì "LOTO “EOS fI0OG DILMISETSI TEOGSZIHI MANDI LISTE
20260312091910129	altro	È TTI "QUE MOG DTIZHNO VILENTA PEBLLO A3UHI PITERO
20260312091910129	altro	dI Asi JI Tu
20260312091910129	altro	UNOAWS OOLiL OMSMONTTO GEOOZ
20260312091910129	altro	SELE STOSTN GENDNI . OLCC.IMNIA O  ZZ4IA
20260312091910129	altro	LENTO LI LA AI RPIILSE]
20260312091910129	altro	VIARSE TT OHKI5 d002 IS RI SALINSHOO
20260312091910129	altro	INCIZINUSIO I0 090N1 GIO > dito
20260312091910129	altro	Erpuan | arorseofn, € FE EA LOCO ,
20260312091910129	altro	(Gu) OOVIYAYO 9701 - 88621 suoo ‘207 - S ‘Ques LIA
20260312091910129	altro	OIHOdSWUL'IHA FTYSNVO vING OUZINN CINZNNOOG EANE19d009) 2191008 "U'IVO
20260312091910129	altro	OLUOdSYuUL IA OINANNDOA SUNSLUM
20260312091910129	altro	SIE0GEPOZIO VAT IE
20260312091910129	altro	Steven TcSO Xed
20260312091910129	altro	0t/08/059646 2650 "18L
20260312091910129	altro	(Gu) OVIUAYO Szoz7 C)
20260312091910129	altro	abba] SUOI ‘907 - S ‘MUes ZIA
20260312091910129	altro	i eanesadoo9) E191908 ‘Y''y'D
20260312091910129	altro	G.A.E.R. Società Cooperativa
20260312091910129	altro	Via Santi, 5 - Loc, Corte Tegge
20260312091910129	altro	() 42025 CAVRIAGO O)
20260312091910129	altro	Tel. 0522 949620/30/40
20260312091910129	altro	Fax 0522 494245
20260312091910129	altro	Partita Î.V.A. 00204390355
20260312091910129	altro	MITTENTE DOCUMENTO DI TRASPORTO
20260312091910129	altro	G.A.E.R. Società Cooperativa DOCUMENTO NUMERO DATA CAUSALE DEL TRASPORTO
20260312091910129	altro	Via Santi, 5 - Loc. Corte Tegge - 42025 CAVRIAGO (RE) pasgii fa a VRREGONEA ia
20260312091910129	altro	AREE Pu MEA RO VandiLa
20260312091910129	luogo_destinazione	DESTINATARIO — Gra LUOGO DI DESTINAZIONE
20260312091910129	altro	CONSUMER IN SRL GUOP CCD LI + BAVINA
20260312091910129	altro	Partita IVO Ds ti 7hi09o7
20260312091910129	altro	PIAZZA G. FERRE, “0 CORE O RICCI, 241k
20260312091910129	indirizzo	20025 LEGHANO ; 17400 SAVONA
20260312091910129	altro	Mi IT to BY 10
20260312091910129	altro	qabazi BRALLO AITSASO REG,EARGA/CARELLI BINI RIC, 16 Si
20260312091910129	altro	QGEGTÀ MELO TIGZGIISo FRIGGITRICE AD ARIA GG00l GL 1a
20260312091910129	altro	CREZUSI PHIL DITZOIO5O FERRO VAPORE 200040 PIAST.ANT bi
20260312091910129	altro	d4766E ROWE  BHITES ECO0PA RIC, 3/0ACC0 ZIMI O.66,1 4
20260312091910129	altro	GE4QIA RUSSO d00B4070 BOLLITORE EL 1000. 0.G5LT7T BTAN È
20260312091910129	altro	. n î Lista di pre 6 n, colli
20260312091910129	altro	ii DODONOSZA Ì
20260312091910129	altro	QUODELSZA d
20260312091910129	altro	E SEIT Fresa
20260312091910129	altro	5 coon LIGURIA ses sa v%
20260312091910129	altro	£ Sede ipdrm + VAVONA
20260312091910129	altro	5 Corse Ricci, 21 ri 1710
20260312091910129	indirizzo	É 0 SAVONA
20260312091910129	altro	È 2\MAR 2026
20260312091910129	altro	5 CIRISERMIARO OI VERISICRA
20260312091910129	altro	DI VERIFICARE a GuRRTITA”
20260312091910129	altro	E . PEGLI AATICOL CEE FOR
20260312091910129	altro	z Pd e
20260312091910129	altro	; GENERI VARI
20260312091910129	altro	DATA INIZIO TRASPORTO TRASPORTO | y| lu. mi pet pueroage ces Q
20260312091910129	altro	Ne ea dae a a A CURA DEL UOLISTICA LO EUROPE SRL cc
20260312091910129	altro	10/03/26 10,63 E £
20260312091910129	altro	- <
20260312091910129	altro	TOTALE COLLI PESO KG. VOLUME MC UwirteNTE 5 z
20260312091910129	altro	E
20260312091910129	altro	è gas se So R n)
20260312091910129	altro	3 313,46 2,008 E pestinataRio | 1 E
20260312091910129	altro	TORE. A - RA RICEZIONE MERCE .. +7 | TIMBRO E FIRMA LEGGIBILE DEL. DESTINATARIO 2
20260312091910129	altro	FIRMA LF AEIRILE VEFaneo Storia ORIO = PARETO TAI Mer Gio di PREC ASARI ha
20260312091910129	altro	PRENOTAZIONE TEL, 019-4061 ° a
20260312091910129	altro	MEZZI ACCETTABILIFRG — MOS - B55 Z
20260312091910129	altro	(e)
20260312091910129	altro	NOTE COERt e TORI vesseriti TB alii ni vini IEIGRRTCINI NE ETC S TRI RI MANDI VIENNE
20260312091910129	altro	Mi.ro Imballi PALLET EPAL DA RENDERE: 2
20260312091910129	altro	G.A.E.R Societa' Cooperati GAER C/O LOGISTICA UNO - VIA COLOMBARONE SN - 29010
20260312091910129	altro	i I MONTICELLI D'ONGINA PC
20260312091910129	altro	a Tel. 0522949620/30/40 - Fax 0522 494245 - Partita I. V. A. 0020439
20260312091910129	altro	MITTEN G.A.E.R Societa' Cooperativa DOCUMENTO DI TRASPORTO
20260312091910129	altro	GAER C/O LOGISTICA UNO - VIA COLOMBARONE SN - 290 | DESTINATARIO NUM
20260312091910129	intestazione_documento	DESTINATAR 013967 Pg 1/1 10/03/2026 Vendita
20260312091910129	luogo_destinazione	001519- 078 LUOGO DI DESTINAZION
20260312091910129	altro	CONSUMER IN SRL
20260312091910129	indirizzo	COOP CONO LI -SAVONA
20260312091910129	altro	PIAZZA G. FERRE', 10 Partita IVA: 04117520967
20260312091910129	indirizzo	20025 LEGNANO CORSO RICCI, 211R
20260312091910129	indirizzo	MI IT bu. 17100. SAVONA
20260312091910129	altro	SV IT
20260312091910129	altro	ARTICOLO DESCRIZIONE DEI BENI QUANTIT
20260312091910129	altro	Merce fatturata da Consumer.In srl a Coop Consorzio Nord Ovest P.I. 04117520967 e da quest'ultima ceduta al destinatario findle.
20260312091910129	riferimento_fattura_ordine	Rif. citato in fatt. VEND 003678 del 10/03/2026
20260312091910129	riferimento_fattura_ordine	N.ro ordine 026250797 del 10/03/2026
20260312091910129	riferimento_fattura_ordine	N.ro ordine 026250836 del 10/03/2026
20260312091910129	indirizzo	COOP LIGURIA s.c.c, SAVONA
20260312091910129	altro	Sede lAsrmercato:
20260312091910129	indirizzo	Corso Ricci, 211 |. - 17100 SAVONA
20260312091910129	altro	1 A Dir 208
20260312091910129	altro	: CI RISERVIAMO DIVE E LA QUANTITA” a
20260312091910129	altro	DEGLI saran
20260312091910129	altro	> GENERI VARI
20260312091910129	altro	DATA INIZIO TRASPO TRASPORTO AC |V {LOGISTICA UNO EUROPE SRL
20260312091910129	altro	10/03/2026 16.57 E :
20260312091910129	altro	[] VETTOR T
20260312091910129	altro	CD pestinat |
20260312091910129	altro	TOTALE CO PESO KG VOLUME M DATA E ORA RICEZIONE |TIMBRO E FIRMA LEGGIBILE DEL DESTI
20260312091910129	altro	24 1.026,55 7,066
20260312091910129	altro	NOTE ORARI SCARICO 08:00 - 12:00/Lun - Mar - Mer - Gio - Ven/ (NECESSARIA PRENOTAZIONE/TEL. 019-84061
20260312091910129	altro	BORDERO N. 000108037 BANCALI (IN SPEDIZIONE) 7 SPONDA IDRAULICA: Si
20260312091910129	altro	MEZZI ACCETTA  FRG- MCS -BSS
20260312091910129	altro	N.ro imballi PALLET EPAL DA RENDERE: 7
20260312103603200	altro	© G.A.E.R Societa' Cooperati GAER CENTRALE - VIA F. SANTI, 5 - 42025 CORTE TEGGE Di
20260312103603200	altro	| CAVRIAGO RE .
20260312103603200	altro	ie Tel. 0522949620/30/40 - Fax 0522 494245 - Partita |. V. A. 0020439
20260312103603200	altro	MITTEN G.A.E.R Societa' Cooperativa DOCUMENTO DI TRASPORTO
20260312103603200	altro	GAER CENTRALE - VIA F. SANTI. 5 - 42025 CORTE TEGGE | DESTINATARIO NUM | DATA CAUSALE DEL TRASPOR
20260312103603200	altro	Vendit
20260312103603200	intestazione_documento	DESTINATAR 013767 Pg 1/1 10/03/2026 ‘endita
20260312103603200	luogo_destinazione	001519 - 078 LUOGO DI DESTINAZION
20260312103603200	altro	CONSUMER IN SRL
20260312103603200	indirizzo	COOP CCNO LI -SAVONA
20260312103603200	altro	PIAZZA G. FERRE", 10 * | Partita IVA: 04117520967
20260312103603200	indirizzo	20025 LEGNANO l CORSO RICCI, 2117R
20260312103603200	indirizzo	1. 17100 SAVONA
20260312103603200	altro	MI IT se
20260312103603200	altro	: . SV IT
20260312103603200	altro	ARTICOLO DESCRIZIONE DEI BENI QUANTIT
20260312103603200	altro	Merce fatturata da Consumer.In srl a Coop Consorzio Nerd Ovesi P.I, 04117520967 e da quest'ultima ceduta al destinatario findie.
20260312103603200	riferimento_fattura_ordine	Rif. citato in fatt. VEND: 015161 del 10/03/2026
20260312103603200	riferimento_fattura_ordine	N.ro ordine 026245450 del 10/03/2026.
20260312103603200	riferimento_fattura_ordine	N.ro ordine 026245680 del 10/03/2026 _
20260312103603200	altro	Lista di prelievo Totale n. colli
20260312103603200	altro	000081456 2
20260312103603200	altro	c
20260312103603200	indirizzo	OP LIGURIA s.c.c. SAVONA
20260312103603200	altro	Corso Ri Sede [bermercato
20260312103603200	indirizzo	{ ieci, 211 f. - 12100 SAVONA
20260312103603200	altro	12 MAR 2026
20260312103603200	altro	Ci riserviameldi varitie
20260312103603200	altro	confirm por eriticare le quantità e la :
20260312103603200	altro	ferita degli articoli successivamente al ritiro, .
20260312103603200	altro	DATA INIZIO TRASPO TRASPORTO A C |VJGLS ENTERPRISE SRL
20260312103603200	altro	10/03/2026 08.53 E : L
20260312103603200	altro	[O vETTOR T
20260312103603200	altro	D pestinat |”
20260312103603200	altro	TOTALE CO PESO KG VOLUME M DATA E ORA RICEZIONE | TIMBRO E FIRMA LEGGIBILE DEL DESTI
20260312103603200	altro	2 19,37 0,043 .
20260312103603200	altro	NOTE. ORARI SCARICO 08:00 - 12:00/Lun - Mar - Mer - Gio - Ven/ NECESSARIA PRENOTAZIONE/TEL. 019-84061
20260312103603200	altro	SPONDA IDRAULICA: Si
20260312103603200	altro	MEZZI ACCETTA FRG - MCS - BSS
20260317101320418	altro	} (o) G.A.E.R Societa' Cooperati GAER CENTRALE - VIA F. SANTI, 5 - 42025 CORTE TEGGE DI
20260317101320418	altro	CAVRIAGO RE
20260317101320418	altro	iuuninzoni Tel. 0522949620/30/40 - Fax 0522 494245 - Partita 1. V. A. 0020439
20260317101320418	altro	MITTEN G.A.E.R Societa' Cooperativa DOCUMENTO DI TRASPORTO
20260317101320418	altro	GAER CENTRALE - VIA F. SANTI. 5 - 42025 CORTE TEGGE | DESTINATARIO NUM | DATA CAUSALE DEL TRASPOR
20260317101320418	intestazione_documento	DESTINATAR 014988 Pg 1/1 16/03/2026 Vendita
20260317101320418	luogo_destinazione	001519- 078 LUOGO DI DESTINAZION
20260317101320418	altro	CONSUMER IN SRL
20260317101320418	indirizzo	COOP CONO LI -SAVONA
20260317101320418	altro	PIAZZA G. FERRE", 10 Partita IVA: 04117520967
20260317101320418	indirizzo	20025 LEGNANO CORSO RICCI, 211R
20260317101320418	indirizzo	MI IT Lo 17100... SAVONA
20260317101320418	altro	ne SV IT
20260317101320418	altro	ARTICOLO DESCRIZIONE DEI BENI
20260317101320418	altro	Merce fatturata da Consumer.In srì a Coop Consorzio Nord Ovest P.I. 04117520967 e da quest'ultima ceduta al destinatario finale.
20260317101320418	riferimento_fattura_ordine	Rif. citato in fatt. VEND 016613 del 16/03/2026
20260317101320418	riferimento_fattura_ordine	N.ro ordine 026274651 del 16/03/2026
20260317101320418	altro	Lista di prelievo Totale n. colli
20260317101320418	altro	000088115 Ù
20260317101320418	altro	Carso 5° ( MEI
20260317101320418	altro	DATA INIZIO TRASPO TRASPORTO A C {VTGLS ENTERPRISE SRL
20260317101320418	altro	16/03/2026 11.06 E
20260317101320418	altro	[] vETTOR T
20260317101320418	altro	O pestinat |T
20260317101320418	altro	TOTALE CO PESO KG VOLUME M DATA E ORA RICEZIONE |TIMBRO E FIRMA LEGGIBILE DEL DESTI
20260317101320418	altro	1 1,47 0,003
20260317101320418	altro	NOTE. ORARI SCARICO 08:00 - 12:00/Lun - Mar - Mer - Gio - Ven/ /NECESSARIA PRENOTAZIONE/TEL. 019-84061
20260317101320418	altro	SPONDA IDRAULICA: Si
20260317101320418	altro	MEZZI ACCETTA  FRG- MCS - BSS
20260319104411102	altro	() G.A.E.R Societa' Cooperati GAER CENTRALE - VIA F. SANTI, 5 - 42025 CORTE TEGGE DI
20260319104411102	altro	CAVRIAGO RE
20260319104411102	altro	ertnd Tel. 0522949620/30/40 - Fax 0522 494245 - Partita I. V. A. 0020439
20260319104411102	altro	MITTEN  G.A.E.R Societa' Cooperativa . DOCUMENTO DI TRASPORTO
20260319104411102	altro	GAER CENTRALE - VIA F. SANTI. 5 - 42025 CORTE TEGGE | DESTINATARIO NUM CAUSALE DEL TRASPOR
20260319104411102	intestazione_documento	DESTINATAR a 015609 Pg 1/1 18/03/2026 Vendita
20260319104411102	luogo_destinazione	001519 - 078 ” LUOGO DI DESTINAZION
20260319104411102	altro	CONSUMER IN SRL
20260319104411102	indirizzo	COOP CCNO LI -SAVONA
20260319104411102	altro	PÎAZZA G. FERRE', 10 Partita IVA: 04117520967
20260319104411102	indirizzo	20025 LEGNANO © CORSO RICCI, 211R
20260319104411102	indirizzo	MI IT 17100 SAVONA
20260319104411102	altro	SV IT
20260319104411102	altro	ARTICOLO DESCRIZIONE DEI BENI QUANTIT
20260319104411102	altro	Merce fatturata da Consumer.In sri a Coop Consorzio Nord Ovest P.I. 04117520967 e da quest'ultima ceduta al destinatario fingle.
20260319104411102	riferimento_fattura_ordine	Rif. citato in fatt. VEND 017347 del 18/03/2026
20260319104411102	riferimento_fattura_ordine	N.ro ordine 026245450 del 18/03/2026
20260319104411102	riferimento_fattura_ordine	N.ro ordine 026250495 del 18/03/2026
20260319104411102	altro	Niro ordine 026282192 del 18/03/2026
20260319104411102	altro	Lista di prelievo Totale n. colli
20260319104411102	altro	000090848 1
20260319104411102	indirizzo	COOP LIGURIA 5.6. SAVONA
20260319104411102	altro	Sede Ipermercato NA
20260319104411102	indirizzo	Corso Ricci, 2A. 17100 SAVO)
20260319104411102	altro	10 a
20260319104411102	altro	(Le ità e la
20260319104411102	altro	2 dear di Yérificare le quantità e
20260319104411102	altro	Ci omne degli articoli successivamente cl rifiro.
20260319104411102	altro	DATA INIZIO TRASPO TRASPORTO A C fVIGLS ENTERPRISE SRL
20260319104411102	altro	18/03/2026 11.32 E
20260319104411102	altro	DI vETTOR T
20260319104411102	altro	DI pestinat |
20260319104411102	altro	TOTALE CO PESO KG VOLUME M DATA E ORA RICEZIONE | TIMBRO E FIRMA LEGGIBILE DEL DESTI
20260319104411102	altro	1 8,32 0,013
20260319104411102	altro	NOTE. ORARI SCARICO 08:00 - 12:00/Lun - Mar - Mer - Gio - Ven/ NECESSARIA PRENOTAZIONE/TEL. 019-84061
20260319104411102	altro	SPONDA IDRAULICA: Si
20260319104411102	altro	MEZZI ACCETTA  FRG- MCS - BSS
20260319104411102	altro	N.ro Imballi
20260323060750102	altro	G.A.E.R Societa' Cooperativa - GAER CENTRALE - VIA F. SANTI, 5 - 42025 CORTE TEGGE DI
20260323060750102	altro	È i CAVRIAGO RE
20260323060750102	altro	rioni Tel. 0522949620/30/40 - Fax 0522 494245 - Partita 1. V. A. 00204390355
20260323060750102	altro	MITTENT G.A.E.R Societa’ Cooperativa DOCUMENTO DI TRASPORTO
20260323060750102	altro	GAER CENTRALE - VIA F. SANTI, 5 - 42025 CORTE TEGGE DI CA_{ DESTINATARIO NUMER CAUSALE DEL TRASPORTO
20260323060750102	altro	1/1 Vendita
20260323060750102	altro	DESTINATARI 015487 Pg 1/ 18/03/2026 ‘endi
20260323060750102	luogo_destinazione	001519-078 LUOGO DI DESTINAZIONE
20260323060750102	altro	CONSUMER IN SRL
20260323060750102	indirizzo	COOP CONO LI -SAVONA
20260323060750102	altro	PIAZZA G. FERRE", 10 Partita IVA: 04117520967
20260323060750102	indirizzo	20025 =—LEGNANO CORSO RICCI, 21îR
20260323060750102	indirizzo	Mi IT 17100 SAVONA
20260323060750102	altro	SV IT
20260323060750102	altro	ARTICOLO DESCRIZIONE DEI BENI QUANTITA
20260323060750102	altro	Merce fatturata da Consumer.In srl a Coop Consorzio Nord Ovest P.I. 04117520967 e da quest'ultima ceduta al destinatario finale.
20260323060750102	riferimento_fattura_ordine	Rif. citato in fatt. VEND 017175 del 18/03/2026
20260323060750102	altro	Niro ordine 026274651 del 18/03/2026
20260323060750102	altro	945660 G3FE  G1021500 FRIGGITRICE AD ARIA 2200W 9LT 2RESIS.FRIGGISA.STAR 2
20260323060750102	riferimento_fattura_ordine	N.ro ordine 026276421 del 18/03/2026
20260323060750102	riferimento_fattura_ordine	Rif. citato in fatt. VEND 017176 del 18/03/2026
20260323060750102	altro	ORDINE DA TOTEM: LARA VIGLIONE
20260323060750102	riferimento_fattura_ordine	N.ro ordine 026269187 del 18/03/2026
20260323060750102	altro	Lista di prelievo Totale n. collì
20260323060750102	altro	000090155 1
20260323060750102	indirizzo	so COOP LIGURIA s.c.c. SAVONA
20260323060750102	altro	[a Ceca Sede Ipermercato:
20260323060750102	indirizzo	5 ° Sio Corso Ricci, 211 r. - 17100 SAVONA
20260323060750102	altro	BANCALI ESy gu ONA l
20260323060750102	altro	ALLA Pag; 29 MAR 2026
20260323060750102	altro	CI RISERVIAMO DI VERIFICARE LA QUANTITA' E LA CONFORMITA”
20260323060750102	altro	DEGLI ARTICOLI SUCCESSIVAMENTE AL RITIRO.
20260323060750102	altro	GENERI VARI
20260323060750102	altro	DATA INIZIO TRASPOR TRASPORTO A VT LOGISTICA UNO EUROPE SRL
20260323060750102	altro	18/03/2026 07.56 CURA DEL E
20260323060750102	altro	[] verrore  |I
20260323060750102	altro	[] DESTINATA |o
20260323060750102	altro	TOTALE COL PESO KG VOLUME MC DATA E ORA RICEZIONE ME | TIMBRO E FIRMA LEGGIBILE DEL DESTINATA
20260323060750102	altro	1 186,60 1,072
20260323060750102	altro	NOTE ORARI SCARICO 08:00 - 12:00/Lun - Mar - Mer - Gio - Ven/ INECESSARIA PRENOTAZIONE/TEL. 019-84081
20260323060750102	altro	BORDERO N. 000108253 BANCALI (IN SPEDIZIONE) 1 SPONDA IDRAULICA: Si
20260323060750102	altro	MEZZI ACCETTAB  FRG-MCS-BSS PI
20260323060750102	altro	ij n î
20260323060750102	altro	N.r0 Imballi PALLET EPAL DA RENDERE: 1 DE n ]
20260323060750102	altro	eo,
20260323060750102	altro	(O) G.A.E.R Societa' Cooperati GAER C/O LOGISTICA UNO - VIA COLOMBARONE SN - 29010 |
20260323060750102	altro	MONTICELLI D'ONGINA PC È
20260323060750102	altro	itagiene Tel. 0522949620/30/40 - Fax 0522 494245 - Partita I. V. A. 0020439 È
20260323060750102	altro	MITTEN G.A.E.R Societa' Cooperativa DOCUMENTO DI TRASPORTO i
20260323060750102	altro	GAER C/O LOGISTICA UNO - VIA COLOMBARONE SN -290 | DESTINATARIO NUM | DATA CAUSALE DEL TRASPOR
20260323060750102	intestazione_documento	DESTINATAR 015435 Pg 1/1 17/03/2026 Vendita
20260323060750102	luogo_destinazione	001519-078 LUOGO DI DESTINAZION
20260323060750102	altro	CONSUMER IN SRL
20260323060750102	indirizzo	COOP CONO LI -SAVONA
20260323060750102	altro	PIAZZA G. FERRE", 10 Partita IVA: 04117520967
20260323060750102	indirizzo	20025 LEGNANO CORSO RICCI, 211R
20260323060750102	indirizzo	MI T 17100 SAVONA
20260323060750102	altro	Sv T :
20260323060750102	altro	ARTICOLO DESCRIZIONE DEI BENI QUANTIT
20260323060750102	altro	Merce fatturata da Consumer.In srl a Coop Consorzio Nord Ovest P.I. 04117520967 e da quest'ultima ceduta al destinatario findle.
20260323060750102	riferimento_fattura_ordine	Rif. citato în fatt. VEND 004024 del 17/03/2026
20260323060750102	altro	ORDINE DA TOTEM: CONCAS SILVIA
20260323060750102	riferimento_fattura_ordine	N.ro ordine 026275509 del 17/03/2026
20260323060750102	altro	ORDINE DA TOTEM: TATIANA JURKOVA
20260323060750102	riferimento_fattura_ordine	N.ro ordine 026277720 del 17/03/2026
20260323060750102	riferimento_fattura_ordine	Rif. citato in fatt. VEND 004025 del 17/03/2026
20260323060750102	riferimento_fattura_ordine	N.ro ordine 026274652 del 17/03/2026
20260323060750102	altro	%
20260323060750102	altro	a
20260323060750102	indirizzo	BANip4, dI s LIGURIA s.c.c. SAVONA
20260323060750102	indirizzo	SAL REG Alon, Corso Ricci le Ipermercato:
20260323060750102	indirizzo	SIALLA Pa A cci, 211 r.-17100 SAVONA
20260323060750102	altro	Hi 23 MAR 2026
20260323060750102	altro	CURUSERVIAMO DI VERI ,
20260323060750102	altro	DEGLI ARTICOLI SUCCESSIVA NOR
20260323060750102	altro	GENERI VARI
20260323060750102	altro	DATA INIZIO TRASPO TRASPORTO AC |VILOGISTICA UNO EUROPE SRL
20260323060750102	altro	17/03/2026 16.08 E
20260323060750102	altro	[] VETTOR T |
20260323060750102	altro	O pestinar |T
20260323060750102	altro	TOTALE CO PESO KG VOLUME M DATA E ORA RICEZIONE | TIMBRO E FIRMA LEGGIBILE DEL DESTI
20260323060750102	altro	8 449,00 3,325
20260323060750102	altro	NOTE ORARI SCARICO 08:00 - 12:00/Lun - Mat - Mer - Gio - Ven/ NECESSARIA PRENOTAZIONE/TEL. 01 9-84061
20260323060750102	altro	BORDERO N. 000108248 BANCGALI (IN SPEDIZIONE) 3 SPONDA IDRAULICA: Si
20260323060750102	altro	MEZZI ACCETTA FRG-MCS-BSS li di
20260323060750102	altro	N.s0 imballi PALLET EPAL DA RENDERE: 3 ;
20260324090244376	altro	, G.A.E.R Societa' Cooperati GAER C/O LOGISTICA UNO - VIA COLOMBARONE SN - 29010
20260324090244376	altro	i MONTICELLI D'ONGINA PC ii /
20260324090244376	altro	da n Tel. 0522949620/30/40 - Fax 0522 494245 - Partita I. V. A. 0020439 la Uk 4
20260324090244376	altro	MITTEN G.A.E.R Societa' Cooperativa DOCUMENTO DI TRASPORTO
20260324090244376	altro	GAER C/O LOGISTICA UNO - VIA COLOMBARONE SN - 290 | DESTINATARIO NUM | DATA CAUSALE DEL TRASPOR
20260324090244376	intestazione_documento	DESTINATAR 016117 Pg 1/1 19/03/2026 Vendita
20260324090244376	luogo_destinazione	001519 -078 LUOGO DI DESTINAZION
20260324090244376	altro	CONSUMER IN SRL
20260324090244376	indirizzo	COOP CONO LI -SAVONA
20260324090244376	altro	PIAZZA G. FERRE", 10 Partita IVA: 04117520967
20260324090244376	indirizzo	20025 LEGNANO CORSO RICCI, 211R x
20260324090244376	indirizzo	MI IT 17100 SAVONA
20260324090244376	altro	SV IT
20260324090244376	altro	ARTICOLO DESCRIZIONE DEI BENI QUANTIT
20260324090244376	altro	Merce fatturata da Consumer.In srl a Coop Consorzio Nord Ovest P.I. 04117520967 e da quest'ultima ceduta al destinatario findie.
20260324090244376	riferimento_fattura_ordine	Rif. citato in fatt. VEND 004243 dei 19/03/2026
20260324090244376	altro	ORDINE DA TOTEM: bonicelli carlo
20260324090244376	riferimento_fattura_ordine	N.ro ordine 026284272 del 19/03/2026
20260324090244376	indirizzo	COOP LIGURIA s.c.c. SAVONA
20260324090244376	altro	Sede Ipermercato:
20260324090244376	indirizzo	Corso Ricci, 211 r. - 17100 SAVONA
20260324090244376	indirizzo	ODO SAVONA 24 MAR 2026
20260324090244376	altro	BANCALI RESI ALLA PARI ansegnmnoDvendazIA quem LA ONORI
20260324090244376	altro	DEGLI ARTICOLI SUCCESSIVAMENTE AL RITIRO.
20260324090244376	altro	GENERI VARI
20260324090244376	altro	DATA INIZIO TRASPO TRASPORTO AC ÎVT LOGISTICA UNO EUROPE SRL
20260324090244376	altro	19/03/2026 16.14 E
20260324090244376	altro	[] vETTOR T
20260324090244376	altro	DI pestinat |
20260324090244376	altro	TOTALE CO PESO KG VOLUME M DATA E ORA RICEZIONE TIMBRO E FIRMA LEGGIBILE DEL DESTI
20260324090244376	altro	1 57,00 0,278
20260324090244376	altro	NOTE ORARI SCARICO 08:00 - 12:00/Lun - Mar - Mer - Gio - Ven/ INECESSARIA PRENOTAZIONE/TEL. 019-84061
20260324090244376	altro	BORDERO N. 000108340 BANCALI (IN SPEDIZIONE) 1 SPONDA IDRAULICA: Si
20260324090244376	altro	MEZZI ACCETTA  FRG- MCS - BSS if
20260324090244376	altro	o
20260324090244376	altro	N.ro Imballi PALLET EPAL DA RENDERE: 1 pa fe]
20260324090244376	altro	AL
20260324110001717	altro	ATO
20260324110001717	altro	n GAS G.A.E.R Societa' Cooperativa - GAER CENTRALE - VIA F. SANTI, 5 - 42025 CORTE TEGGE DI
20260324110001717	altro	i CAVRIAGO RE
20260324110001717	altro	ti rene Tel. 0522949620/30/40 - Fax 0522 494245 - Partita 1. V. A. 00204390355
20260324110001717	altro	GAER CENTRALE - VIA F. SANTI, 5 - 42025 CORTE TEGGE DI CA DESTINATARIO NUMER | DATA CAUSALE DEL TRASPORTO
20260324110001717	luogo_destinazione	001519 - 078 LUOGO DI DESTINAZIONE
20260324110001717	altro	== CH
20260324110001717	indirizzo	COOP CONO LI -SAVONA
20260324110001717	altro	PIAZZA G. FERRE", 10 Partita IVA: 04117520967
20260324110001717	indirizzo	20025 =—LEGNANO CORSO RICCI, 211R
20260324110001717	indirizzo	MI IT 17100 SAVONA
20260324110001717	altro	Sv IT
20260324110001717	altro	Merce fatturata da Consumer.in srl a Coop ‘Consorzio Nord Ovest P.I. 04117520967 e da quest'ultima ceduta al destinatario finale.
20260324110001717	riferimento_fattura_ordine	Rif. citato in fatt. VEND 017760 del 19/03/2026
20260324110001717	altro	Naro ordine 026282427 del 19/03/2026
20260324110001717	altro	364340 G3FE  G10306 CREPIERA 15000W 20CM CREPPE PREPARA-INTINGI-CUOCI 2
20260324110001717	riferimento_fattura_ordine	Rif. citato in fatt. VEND 017761 del 19/03/2026
20260324110001717	riferimento_fattura_ordine	N.ro ordine 026250678 del 19/03/2028
20260324110001717	riferimento_fattura_ordine	N.ro ordine 026282244 del 19/03/2026
20260324110001717	altro	DATA INIZIO TRASPOR TRASPORTO A VT LOGISTICA UNO EUROPE SRL
20260324110001717	altro	19/03/2026 14.48 CURA DEL E
20260324110001717	altro	ET _
20260324110001717	altro	CI DESTINATA {O
20260324110001717	altro	TOTALE COL PESO KG VOLUME MC DATA E ORA RICEZIONE ME | TIMBRO E FIRMA LEGGIBILE DEL DESTINATA
20260324110001717	altro	4 221,65 1,386
20260324110001717	altro	NOTE ORARI SCARICO 08:00 - 12:00/Lun - Mar - Mer - Gio - Ven/ [NECESSARIA PRENOTAZIONE/TEL. 019-84061
20260324110001717	altro	BORDERO N. 000108329 BANCALI (IN SPEDIZIONE) 2 SPONDA IDRAULICA: Si
20260324110001717	altro	MEZZI ACCETTAB  FRG-MCS-BSS
20260324110001717	altro	D GAE.R Societa' Cooperativa » GAER CENTRALE - VIA F. SANTI, 5 - 42025 CORTE TEGGE DI
20260324110001717	altro	-i CAVRIAGO RE
20260324110001717	altro	. O_O Tel. 0522949620/30/40 - Fax 0522 494245 - Partita 1. V. A. 00204390355
20260324110001717	altro	MITTENT  GA.E.R Societa' Cooperativa DOCUMENTO DI TRASPORTO
20260324110001717	altro	GAER CENTRALE - VIA F. SANTI, 5 - 42025 CORTE TEGGE DI CA DESTINATARIO NUMER | DATA CAUSALE DEL TRASPORTO
20260324110001717	altro	Vendi
20260324110001717	intestazione_documento	DESTINATARI 016036 Pg 2/ 2 19/03/2026 ‘endita
20260324110001717	luogo_destinazione	001519 - 078 LUOGO DI DESTINAZIONE
20260324110001717	altro	CONSUMER IN SRL
20260324110001717	indirizzo	COOP CCNO LI -SAVONA
20260324110001717	altro	PIAZZA G. FERRE", 10 Partita IVA: 04117520967
20260324110001717	indirizzo	20025 LEGNANO CORSO RICCI, 211R
20260324110001717	indirizzo	Mi Im 17100. SAVONA
20260324110001717	altro	SV T
20260324110001717	altro	ARTICOLO DESCRIZIONE DEI BENI QUANTITA
20260324110001717	altro	821476 Bri DST3010 FERRO VAPORE 2000W PIAST.CERAMICA
20260324110001717	riferimento_fattura_ordine	N.ro ordine 026282277 del 19/03/2026
20260324110001717	altro	Lista di prelievo Totale n. colli
20260324110001717	altro	000090851 © 1
20260324110001717	altro	000090852 1
20260324110001717	altro	000093128 2
20260324110001717	indirizzo	COOP LIGURIA s.c.c. SAVONA
20260324110001717	altro	Sede Ipermercato:
20260324110001717	indirizzo	Corso Ricci > r. + 17100 SAVONA
20260324110001717	altro	CORISERVIAMO DI VI RELA QUANTITA E LA CONFORMITA"
20260324110001717	altro	DEGLI ARTICOLI SÌ SIVAMENTE AL RITIRO,
20260324110001717	altro	GENERI VARI
20260324110001717	altro	DATA INIZIO TRASPOR TRASPORTOA  |V]LOGISTICA UNO EUROPE SRL
20260324110001717	altro	19/03/2026 14.48 CURA DEL E
20260324110001717	altro	[] VETTORE t
20260324110001717	altro	[] pESTINATA |O
20260324110001717	altro	TOTALE COL. PESO KG VOLUME MC DATA E ORA RICEZIONE ME | TIMBRO E FIRMA LEGGIBILE DEL DESTINATA
20260324110001717	altro	4 221,65 1,386
20260324110001717	altro	NOTE ORARI SCARICO 08:00 - 12:00/Lun - Mar - Mer - Gio - Ven! (NECESSARIA PRENOTAZIONE/TEL. 019-84061
20260324110001717	altro	BORDERO N. 000108329 BANCALI (IN SPEDIZIONE) 2 SPONDA IDRAULICA: Si
20260324110001717	altro	MEZZI ACCETTAB  FRG - MCS-BSS
20260324110001717	altro	Niro Imbaili PALLET EPAL DA RENDERE: 2
20260325093901252	altro	() G.A.E.R Societa' Cooperati GAER CENTRALE - VIA F. SANTI, 5 - 42025 CORTE TEGGE DI
20260325093901252	altro	CAVRIAGO RE
20260325093901252	altro	rimane Tel. 0522949620/30/40 - Fax 0522 494245 - Partita I. V. A. 0020439
20260325093901252	altro	MITTEN G.A.E.R Societa' Cooperativa DOCUMENTO DI TRASPORTO
20260325093901252	altro	GAER CENTRALE - VIA F. SANTI. 5 - 42025 CORTE TEGGE | DESTINATARIO NUM CAUSALE DEL TRASPOR
20260325093901252	intestazione_documento	DESTINATAR 016565 Pg 1/1 23/03/2026 Vendita
20260325093901252	luogo_destinazione	001519- 078 LUOGO DI DESTINAZION
20260325093901252	altro	CONSUMER IN SRL
20260325093901252	indirizzo	COOP CONO LI -SAVONA
20260325093901252	altro	PIAZZA G. FERRE", 10 Partita IVA: 04117520967
20260325093901252	indirizzo	20025 LEGNANO CORSO RICCI, 211R
20260325093901252	indirizzo	MI IT 17100. SAVONA
20260325093901252	altro	SV IT
20260325093901252	altro	ARTICOLO DESCRIZIONE DEI BENI QUANTIT
20260325093901252	altro	Merce fatturata da Consumer.In srl a Coop Consorzio Nord Ovest P.I. 04117520967 e da quest'ultima ceduta al destinatario findle.
20260325093901252	riferimento_fattura_ordine	Rif. citato in fatt. VEND 018373 del 23/03/2026
20260325093901252	altro	ORDINE DA TOTEM: ripa giovanni
20260325093901252	riferimento_fattura_ordine	N.ro ordine 026310946 del 23/03/2026
20260325093901252	riferimento_fattura_ordine	N.ro ordine 026311413 del 23/03/2026
20260325093901252	altro	Lista di prelievo Totale n. colli
20260325093901252	altro	000095977 1
20260325093901252	indirizzo	COOP LIGURIA s.c.c. SAVONA
20260325093901252	altro	Sede Ipermercato:
20260325093901252	indirizzo	Corso Ricci, 211 e. - 17100 SAVONA
20260325093901252	altro	25 MAR 2026
20260325093901252	altro	CI RISERVIAMO DI VERIFICARE ELA
20260325093901252	altro	DEGLI ARTIOLI SUCCESSIVAMENTE MADE
20260325093901252	altro	GENERI VARI
20260325093901252	altro	DATA INIZIO TRASPO TRASPORTO AC {V| GLS ENTERPRISE SRL
20260325093901252	altro	23/03/2026 11.37 E
20260325093901252	altro	[] vETTOR T
20260325093901252	altro	T Fal
20260325093901252	altro	[0] DESTINAT ZH
20260325093901252	altro	TOTALE CO PESO KG VOLUME M DATA E ORA RICEZIONE | TIMBRO E FIRMA LEGGIBIN&MEL DESTI
20260325093901252	altro	1 1,11 0,005
20260325093901252	altro	NOTE ORARI SCARICO 08:00 - 12:00/Lun - Mar - Mer - Gio - Ven/ NECESSARIA PRENOTAZIONE/TEL. 019-84061
20260325093901252	altro	SPONDA IDRAULICA; Si
20260325093901252	altro	MEZZI ACCETTA  FRG-MCS -BSS
20260327072350010	altro	() G.A.E.R Societa' Cooperati GAER C/O LO: TICA UNO - VIA COLOMBARONE SN - 29010
20260327072350010	altro	x I MONTICELLI D'ONGINA PC
20260327072350010	altro	rione Tel. 0522949620/30/40 - Fax 0522 494245 - Partita |. V.A. 0020439
20260327072350010	altro	MITTEN G.A.E.R Societa' Cooperativa DOCUMENTO DI TRASPORTO
20260327072350010	altro	GAER C/O LOGISTICA UNO - VIA COLOMBARONE SN - 290 DESTINATARIO NUM | DATA CAUSALE DEL TRASPOR
20260327072350010	intestazione_documento	DESTINATAR 017107 Pg 1/1 25/03/2026 Vendita
20260327072350010	luogo_destinazione	001519-078 LUOGO DI DESTINAZION
20260327072350010	altro	CONSUMER IN SRL
20260327072350010	indirizzo	COOP CCNO LI -SAVONA
20260327072350010	altro	PIAZZA G. FERRE, 10 Partita IVA: 04117520967
20260327072350010	indirizzo	20025 LEGNANO CORSO RICCI, 211R
20260327072350010	indirizzo	MI IT 17100 SAVONA
20260327072350010	altro	SV IT
20260327072350010	altro	ARTICOLO DESCRIZIONE DEI BENI QUANTIT
20260327072350010	altro	Merce fatturata da Consumer.In srl a Coop Consorzio Nord Ovest P.I. 04117520967 e da quest'ultima ceduta al destinatario findle.
20260327072350010	riferimento_fattura_ordine	Rif. citato in fatt. VEND 004450 del 25/03/2026
20260327072350010	riferimento_fattura_ordine	N.ro ordine 026281557 del 25/03/2026
20260327072350010	riferimento_fattura_ordine	N.ro ordine 026313628 del 25/03/2026
20260327072350010	riferimento_fattura_ordine	N.ro ordine 026314174 del 25/03/2026
20260327072350010	riferimento_fattura_ordine	N.ro ordine 026314203 del 25/03/2026
20260327072350010	riferimento_fattura_ordine	Rif. citato in fatt. VEND 004451 del 25/03/2026
20260327072350010	altro	ORDINE DA TOTEM: mario agostinelli
20260327072350010	riferimento_fattura_ordine	N.ro ordine 026302803 del 25/03/2026
20260327072350010	altro	INA
20260327072350010	altro	cooP UGURIA sce, SAVI
20260327072350010	indirizzo	se sa /oNA Sede [per ‘SAVONA
20260327072350010	indirizzo	COP sAvEnÒ Corso Ricci, 211 1 17100 S
20260327072350010	altro	i sepi AGLA PARI
20260327072350010	altro	” ELA CONFORMITA
20260327072350010	altro	semana
20260327072350010	altro	DI n
20260327072350010	altro	GENERI VARI
20260327072350010	altro	DATA INIZIO TRASPO TRASPORTO AC |V{LOGISTICA UNO EUROPE SRL.
20260327072350010	altro	25/03/2026 08.53 E
20260327072350010	altro	[I VETTOR T
20260327072350010	altro	[O] DESTINAT ù
20260327072350010	altro	TOTALE CO PESO KG VOLUME M DATA E ORA RICEZIONE | TIMBRO E FIRMA LEGGIBILE DEL DESTI
20260327072350010	altro	19 493,40 3,209
20260327072350010	altro	NOTE. ORARI SCARICO 08:00 - 12:00/Lun - Mar - Mer - Gio - Ven/ NECESSARIA PRENOTAZIONE/TEL. 019-84061
20260327072350010	altro	BORDERO N. 000108499 BANCALI (IN SPEDIZIONE) 3 SPONDA IDRAULICA: Si
20260327072350010	altro	MEZZI ACCETTA  FRG - MCS - BSS . dl w
20260327072350010	altro	e ana
20260327072350010	altro	N.ro Imballi PALLET EPAL DA RENDERE: 3 (n
20260327085131392	altro	f G.A.E.R Societa' Cooperati GAER CENTRALE - VIA F. SANTI, 5 - 42025 CORTE TEGGE DI
20260327085131392	altro	i CAVRIAGO RE
20260327085131392	altro	corri Tel. 0522949620/30/40 - Fax 0522 494245 - Partita |. V. A. 0020439
20260327085131392	altro	MITTEN —G.A.E.R Societa' Cooperativa DOCUMENTO DI TRASPORTO
20260327085131392	altro	GAER CENTRALE - VIA F. SANTI, 5 - 42025 CORTE TEGGE | DESTINATARIO NUM | DATA CAUSALE DEL TRASPOR
20260327085131392	intestazione_documento	DESTINATAR 016855 Pg 1/1 24/03/2026 Vendita
20260327085131392	luogo_destinazione	001519 - 078 LUOGO DI DESTINAZION
20260327085131392	altro	CONSUMER IN SRL
20260327085131392	indirizzo	COOP CONO LI -SAVONA
20260327085131392	altro	PIAZZA G, FERRE’, 10 Partita IVA: 04117520967
20260327085131392	indirizzo	20025 LEGNANO CORSO RICCI, 211R
20260327085131392	indirizzo	MI IT . NOE 17100. SAVONA .
20260327085131392	altro	SV e IT :
20260327085131392	altro	ARTICOLO DESCRIZIONE DEI BENI QUANTIT
20260327085131392	altro	Merce fatturata da Consumer.In srl a Coop Consorzio Nord Ovest P.I. 04117520967 e da quest'ultima cecuta al destinatario findle.
20260327085131392	riferimento_fattura_ordine	Rif. citato in fatt. VEND 018720 del 24/03/2026
20260327085131392	riferimento_fattura_ordine	N.ro ordine 026279704 del 24/03/2026
20260327085131392	riferimento_fattura_ordine	N.ro ordine 026281558 del 24/03/2026
20260327085131392	altro	972332 W3 REDMINOTE156128W3GLACIERB  SMARTP.XIAOMI 6.77"FHD+AMO 4
20260327085131392	altro	972333 W3 REDMINOTE156128W3BLACKOC  SMARTP.XIAOMI 6.77"FHD+AMO 4
20260327085131392	riferimento_fattura_ordine	N.ro ordine 026282192 del 24/03/2026
20260327085131392	altro	Lista di prelievo Totale n. colli
20260327085131392	altro	000097272 Ù
20260327085131392	indirizzo	COOP LIGURIA s.c.c, SAVONA
20260327085131392	altro	. Sede Ipermercato
20260327085131392	indirizzo	Corso Ricci, Na 17100 SAVONA
20260327085131392	altro	27 Mani
20260327085131392	altro	i Î
20260327085131392	altro	Gi riserviamo di lun T
20260327085131392	altro	A 6 le quantità è la
20260327085131392	altro	confermi degli arfcoli successivamente al ritiro,
20260327085131392	altro	DATA INIZIO TRASPO TRASPORTO A € |VIGLS ENTERPRISE SRL
20260327085131392	altro	24/03/2026 09.41 7 E
20260327085131392	altro	[E] VvETTOR T
20260327085131392	altro	[] DESTINAT T
20260327085131392	altro	TOTALE CO PESO KG VOLUME M DATA È ORA RICEZIONE | TIMBRO E FIRMA LEGGIBILE DEL DESTI
20260327085131392	altro	1 12,37 0,014
20260327085131392	altro	NOTE. ORARI SCARICO 08:00 - 12:00/Lun - Mar - Mer - Gio - Ven/ NECESSARIA PRENOTAZIONE/TEL. 019-84061
20260327085131392	altro	SPONDA IDRAULICA: Si
20260327085131392	altro	MEZZI ACCETTA  FRG-MCS-BSS
20260327085131392	altro	N.ro Imballi
20260331095939786	documento_senza_righe_articolo	(72 righe, layout non gestito)
20260401061235266	altro	\ G.A.E.R Societa' Cooperativa - GAER CENTRALE - VIA F. SANTI, 5 - 42025 CORTE TEGGE DI
20260401061235266	altro	“ i : CAVRIAGO RE
20260401061235266	altro	metin Tel. 0522949620/30/40 - Fax 0522 494245 - Partita |. V. A. 00204390355
20260401061235266	altro	MITTENT  G.A.E.R Societa" Cooperativa DOCUMENTO DI TRASPORTO
20260401061235266	altro	GAER CENTRALE - VIA F. SANTI, 5 - 42025 CORTE TEGGE DI CA DESTINATARIO NUMER | DATA CAUSALE DEL TRASPORTO
20260401061235266	altro	Vendi
20260401061235266	intestazione_documento	DESTINATARI 017632 Pg 1/1 26/03/2026 'endita
20260401061235266	luogo_destinazione	001519 - 078 ( LUOGO DI DESTINAZIONE
20260401061235266	altro	CONSUMER IN SRL
20260401061235266	indirizzo	COOP CCNO LI -SAVONA
20260401061235266	altro	PIAZZA G. FERRE, 10 Partita IVA: 04117520967
20260401061235266	indirizzo	20025 LEGNANO CORSO RICCI, 211R
20260401061235266	indirizzo	Mi IT 17100 SAVONA
20260401061235266	altro	SV IT
20260401061235266	altro	ARTICOLO DESCRIZIONE DEI BENI TQUANTITA' |
20260401061235266	altro	Merce fatturata da Consumer.in ‘sti a Coop Consorzio Nord Ovest P.I. 04117520967 e da quest'ultima ceduta ‘al destinatario finale.
20260401061235266	riferimento_fattura_ordine	Rif. citato in fatt. VEND 019616 dei 26/03/2026
20260401061235266	altro	ORDINE DA TOTEM: CARLA FERRARO
20260401061235266	riferimento_fattura_ordine	N.ro ordine 026319900 del 26/03/2026
20260401061235266	altro	ORDINE DA TOTEM: GIORGIA MORI
20260401061235266	riferimento_fattura_ordine	N.ro ordine 026320649 del 26/03/2026
20260401061235266	altro	Lista di prelievo Totale n. colli
20260401061235266	altro	000098995 f
20260401061235266	altro	000098996 1
20260401061235266	indirizzo	COOP LIGURIA s.c.c. SAVONA
20260401061235266	altro	. Sede Ipermercato:
20260401061235266	indirizzo	Corso Ricci, 211 r. - 17100 SAVONA
20260401061235266	altro	1 APR 2025
20260401061235266	altro	GIRISERVIAMO DI VERIFICARE LA QUANTITÀ eroAMITR
20260401061235266	altro	DEGLI ARTICOLI SUCCESSIVAMENTE AMIRO E
20260401061235266	altro	GENERI VARI
20260401061235266	altro	DATA INIZIO TRASPOR TRASPORTO A V]LOGISTICA UNO EUROPE SRL
20260401061235266	altro	26/03/2026 14.06 CURA DEL E
20260401061235266	altro	[] VETTORE 7 .
20260401061235266	altro	[] DESTINATA |O Î
20260401061235266	altro	TOTALE COL PESO KG VOLUME MC DATA E ORA RICEZIONE ME TIMBRO E FRMALESAP EDT DESTINATA
20260401061235266	altro	2 59,14 0,371 È; ue
20260401061235266	altro	NOTE ORARI SCARICO 08:00 - 12:00/Lun - Mar - Mer - Gio - Ven/ INECESSARIA PRENOTAZIONE/TEL. 019-84061
20260401061235266	altro	BORDERO N. 000108580 BANCALI (IN SPEDIZIONE) 1 SPONDA IDRAULICA: Si
20260401061235266	altro	MEZZI ACCETTAB  FRG-MCS- BSS
20260401061235266	altro	N.ro Imballi PALLET LEGNO 75X75 A RENDERE: 1
20260401061235266	altro	un
20260401061235266	altro	o j GA.E.R Societa' Cooperati GAER C/O LOGISTICA UNO - VIA COLOMBARONE SN - 29010
20260401061235266	altro	LA j MONTICELLI D'ONGINA PC
20260401061235266	altro	° erre Tel. 0522949620/30/40 - Fax 0522 494245 - Partita I. V. A. 0020439
20260401061235266	altro	MITTEN G.A.E.R Societa' Cooperativa DOCUMENTO DI TRASPORTO
20260401061235266	altro	GAER C/O LOGISTICA UNO - VIA COLOMBABONE SN - 290 DESTINATARIO NUM | DATA CAUSALE DEL TRASPOR
20260401061235266	altro	} Vendi
20260401061235266	intestazione_documento	DESTINATAR 017734 Pg 1/1 26/03/2026 ‘endita
20260401061235266	luogo_destinazione	001519 - 078 LUOGO DI DESTINAZION
20260401061235266	altro	CONSUMER IN SRL
20260401061235266	indirizzo	COOP CCNO LI - SAVONA
20260401061235266	altro	PIAZZA G. FERRE', 10 Partita IVA: 04117520967
20260401061235266	indirizzo	20025 LEGNANO CORSO RICCI, 217R
20260401061235266	indirizzo	MI IT 17100 SAVONA
20260401061235266	altro	SV IT
20260401061235266	altro	ARTICOLO DESCRIZIONE DEI BENI | QUANTIT |
20260401061235266	altro	Merce fatturata da Consumer.In srl a Coop Consorzio Nord Ovest P.I. 04117520967 e da quest'ultima ceduta al destinatario findle.
20260401061235266	riferimento_fattura_ordine	Rif. citato in fatt. VEND 004618 dei 26/03/2026
20260401061235266	riferimento_fattura_ordine	N.ro ordine 026325363 del 26/03/2026
20260401061235266	riferimento_fattura_ordine	Rif. citato in fatt. VEND 004619 dei 26/03/2026
20260401061235266	riferimento_fattura_ordine	N.ro ordine 026284866 del 26/03/2026
20260401061235266	altro	|
20260401061235266	altro	VONA
20260401061235266	altro	coop LIGURIA secSh x
20260401061235266	altro	Sede Ipe"" 7100 SAVON
20260401061235266	altro	PRI 211 ne 1
20260401061235266	indirizzo	3 Corso Ricci,
20260401061235266	altro	1 APR 2028
20260401061235266	altro	PELA CONFORMTIN
20260401061235266	altro	quantmia FLACORO.
20260401061235266	altro	ansa esi una AT
20260401061235266	altro	DE
20260401061235266	altro	GENERI V
20260401061235266	altro	DATA INIZIO TRASPO TRASPORTO AC |V{LOGISTICA UNO EUROPE SRL
20260401061235266	altro	26/03/2026 16.48 E
20260401061235266	altro	[] vETTOR T
20260401061235266	altro	E pestinat |" î
20260401061235266	altro	TOTALE CO PESO KG VOLUME M DATA E ORA RICEZIONE |TIMBRO E FIRMALI 26 DEL DESTI
20260401061235266	altro	7 423,00 2,234 re
20260401061235266	altro	NOTE ORARI SCARICO 08:00 - 12:00/Lun - Mar - Mer - Gio - Ven/ INECESSARIA PRENOTAZIONE/TEL. 019-84061 É
20260401061235266	altro	BORDERO N. 000108598 BANCALI (IN SPEDIZIONE) 2 SPONDA IDRAULICA: Si
20260401061235266	altro	MEZZI ACCETTA FRG - MCS - BSS
20260401061235266	altro	N.ro Imballi PALLET EPAL DA RENDERE: 2
20260401061252345	documento_senza_righe_articolo	(80 righe, layout non gestito)
20260402101924238	altro	Î () G.A.E.R Societa' Cooperati GAER CENTRALE - VIA F. SANTI, 5 - 42025 CORTE TEGGE DI
20260402101924238	altro	CAVRIAGO RE
20260402101924238	altro	erat Tel. 0522949620/30/40 - Fax 0522 494245 - Partita |. V. A. 0020439
20260402101924238	altro	MITTEN G.A.E.R Societa' Cooperativa DOCUMENTO DI TRASPORTO
20260402101924238	altro	GAER CENTRALE - VIA F. SANTI, 5 - 42025 CORTE TEGGE | DESTINATARIO NUM CAUSALE DEL TRASPOR
20260402101924238	altro	DESTINATAR 018730 Pg1/ i 01/04/2026 Vendita
20260402101924238	luogo_destinazione	001519 - 078 LUOGO DI DESTINAZION
20260402101924238	altro	CONSUMER IN SRL
20260402101924238	indirizzo	COOP CCNO LI -SAVONA
20260402101924238	altro	PIAZZA G. FERRE', 10 Partita IVA: 04117520967
20260402101924238	indirizzo	20025 LEGNANO CORSO RICCI, 211R
20260402101924238	indirizzo	MI IT 17100. SAVONA
20260402101924238	altro	SV IT
20260402101924238	altro	ARTICOLO DESCRIZIONE DEI BENI [QUANTIT |
20260402101924238	altro	Merce fatiurata da Consumer.In srl a Coop Consorzio Nord Ovest P.I. 04117520967 e da quest'ultima ceduta ai destinatario findle.
20260402101924238	riferimento_fattura_ordine	Rif. citato in fatt. VEND 020852 dei 01/04/2026
20260402101924238	riferimento_fattura_ordine	N.ro ordine 026276421 del 01/04/2026
20260402101924238	riferimento_fattura_ordine	N.ro ordine 026333274 del 01/04/2026
20260402101924238	riferimento_fattura_ordine	N.ro ordine 026333292 del 01/04/2026
20260402101924238	riferimento_fattura_ordine	Rif. citato în fatt. VEND 020853 del 01/04/2026
20260402101924238	riferimento_fattura_ordine	N.ro ordine 026333493 del 01/04/2026
20260402101924238	altro	778061 _L_. PANA KXTGB610JTW... CORDLESS 14" MEM.SONUM. CALL BLOCK WHITE 0 44
20260402101924238	riferimento_fattura_ordine	N.ro ordine 026334528 del 01/04/2026
20260402101924238	altro	Lista di prelievo Totale n. colli
20260402101924238	altro	000007008 3
20260402101924238	indirizzo	COOP LIGURIA s.c.c. SAVONA
20260402101924238	altro	Sede Ipermercato:
20260402101924238	indirizzo	Corso Ricci, 211 r. - 17100 SAVOY
20260402101924238	altro	2 APR 2026
20260402101924238	altro	CTRISERVIAMO DI VERIFICARE LA QUARTITA* ‘d
20260402101924238	altro	DATA INIZIO TRASPO TRASPORTO A C |V|BRT S.P.A. DEGLI ARTICOLI EA VIMENIERL RIAD
20260402101924238	altro	01/04/2026 11.15 E GENERI VARI
20260402101924238	altro	[DD] vETTOR u :
20260402101924238	altro	[CD] DESTINAT | .
20260402101924238	altro	TOTALE CO PESO KG VOLUME M DATA E ORA RICEZIONE |TIMBRO E FIRMA LEGGIBILE DEL DESTI
20260402101924238	altro	3 20,59 0,121
20260402101924238	altro	NOTE. ORARI SCARICO 08:00 - 12:00/Lun - Mar - Mer - Gio - Ven/ (NECESSARIA PRENOTAZIONE/TEL. 019-84061
20260402101924238	altro	SPONDA IDRAULICA: Si
20260402101924238	altro	MEZZI ACCETTA FRG - MCS -BSS si
20260402101924238	altro	N70 Imballi DLL
20260402101924238	altro	e sa I
20260402101924238	altro	Hi
20260402104507517	altro	e es ET
20260402104507517	altro	() G.A.E.R Societa' Cooperati GAER CENTRALE - VIA F. SANTI, 5 - 42025 CORTE TEGGE DI
20260402104507517	altro	CAVRIAGO RE
20260402104507517	altro	‘ eni Tel. 0522949620/30/40 - Fax 0522 494245 - Partita I. V. A. 0020439
20260402104507517	altro	MITTEN  G.A.E.R Societa' Cooperativa DOCUMENTO DI TRASPORTO
20260402104507517	altro	GAER CENTRALE - VIA F. SANTI. 5 - 42025 CORTE TEGGE | DESTINATARIO NUM CAUSALE DEL TRASPOR
20260402104507517	altro	Vendi
20260402104507517	altro	DESTINATAR 018329 Pg i/ 1 31/03/2026 endita
20260402104507517	luogo_destinazione	001519 - 078 LUOGO DI DESTINAZION
20260402104507517	altro	CONSUMER IN SRL
20260402104507517	indirizzo	. COOP CONO LI -SAVONA
20260402104507517	altro	PIAZZA G. FERRE', 10 Partita IVA: 04117520967
20260402104507517	indirizzo	20025 LEGNANO CORSO RICCI, 211R
20260402104507517	indirizzo	MI IT 17100 SAVONA
20260402104507517	altro	SV IT
20260402104507517	altro	ARTICOLO DESCRIZIONE DEI BENI [ QUANTIT |
20260402104507517	altro	Merce fatturata da Consumer.In srl a Coop Consorzio Nord Ovest P.1. 04117520967 e da quest'ultima ceduta al destinatario find
20260402104507517	riferimento_fattura_ordine	Rif. citato in fatt. VEND 020380 del 31/03/2026
20260402104507517	riferimento_fattura_ordine	N.ro ordine 026333108 del 31/03/2026
20260402104507517	riferimento_fattura_ordine	N.ro ordine 026333493 del 31/03/2026
20260402104507517	riferimento_fattura_ordine	N.ro ordine 026343898 del 31/03/2026
20260402104507517	altro	ORDINE DA TOTEM: gloria gamba
20260402104507517	riferimento_fattura_ordine	N.ro ordine 026344187 del 31/03/2026
20260402104507517	altro	Lista di prelievo Totale n. colli
20260402104507517	altro	000004648 1
20260402104507517	indirizzo	COOP LIGURIA s.c.c. SAVONA
20260402104507517	altro	Sede Ipermercà
20260402104507517	indirizzo	Corso Ricci, 211r.- 1 do SAVONA
20260402104507517	altro	2'APR [2026
20260402104507517	altro	i riserviamo di verificdre le quantità e la
20260402104507517	altro	conformità degli articoli successivamente al rifiro.
20260402104507517	altro	DATA INIZIO TRASPO TRASPORTO AC GLS ENTERPRISE SRL
20260402104507517	altro	31/03/2026 08.20
20260402104507517	altro	DU] VETTOR
20260402104507517	altro	O DESTINAT
20260402104507517	altro	TOTALE CO PESO KG VOLUME M DATA E ORA RICEZIONE | TIMBRO E FIRMA LEGGIBILE DEL DESTI
20260402104507517	altro	1 4,93 0,010
20260402104507517	altro	NOTE ORARI SCARICO 08:00 - 12:00/Lun - Mar - Mer - Gio - Ven/ INECESSARIA PRENOTAZIONE/TEL. 019-84061
20260402104507517	altro	SPONDA IDRAULICA: Si
20260402104507517	altro	MEZZI ACCETTA  FRG - MCS - BSS
20260402104507517	altro	G.A.E.R Societa' Cooperati GAER CENTRALE - VIA F. SANTI, 5 - 42025 CORTE TEGGE DI
20260402104507517	altro	CAVRIAGO RE
20260402104507517	altro	1 ercimene Tel. 0522949620/30/40 - Fax 0522 494245 - Partita I. V. A. 0020439
20260402104507517	altro	MITTEN G.A.E.R Societa' Cooperativa DOCUMENTO DI TRASPORTO
20260402104507517	altro	GAER CENTRALE - VIA F. SANTI. 5 - 42025 CORTE TEGGE | DESTINATARIO NUM CAUSALE DEL TRASPOR
20260402104507517	intestazione_documento	DESTINATAR 018060 Pg 1/1 30/03/2026 Vendita
20260402104507517	luogo_destinazione	001519 - 078 LUOGO DI DESTINAZION
20260402104507517	altro	CONSUMER IN SRL
20260402104507517	indirizzo	COOP CONO LI -SAVONA
20260402104507517	altro	PIAZZA G. FERRE", 10 Partita IVA: 04117520967
20260402104507517	indirizzo	20025 LEGNANO CORSO RICCI, 217R
20260402104507517	indirizzo	MI T : 17100. SAVONA
20260402104507517	altro	SV IT
20260402104507517	altro	ARTICOLO DESCRIZIONE DEI BENI! QUANTIT
20260402104507517	altro	Merce fatturata da Consumer.in srl a Coop Consorzio Nord Ovest P.I. 041 17520967 e da quest'ultima ceduta al destinatario findle.
20260402104507517	riferimento_fattura_ordine	Rif. citato in fatt. VEND 020064 del 30/03/2026
20260402104507517	altro	ORDINE DA TOTEM: GUELFI GUIDO
20260402104507517	riferimento_fattura_ordine	N.ro ordine 026330117 del 30/03/2026
20260402104507517	riferimento_fattura_ordine	i N.ro ordine 026333108 del 30/03/2026
20260402104507517	riferimento_fattura_ordine	N.ro ordine 026333493 del 30/03/2026
20260402104507517	altro	Lista di prelievo Totale n. colli
20260402104507517	altro	000003535 1
20260402104507517	indirizzo	SAVONA
20260402104507517	altro	YGURIA So
20260402104507517	altro	coo? Sede fpormetr 00 SpyOnNA
20260402104507517	altro	Ricci VANAGNAN
20260402104507517	altro	Corso ' /
20260402104507517	altro	° N 05
20260402104507517	altro	2 ole
20260402104507517	altro	ificare 10 quantità diro.
20260402104507517	altro	. . di vert ce Ò Di
20260402104507517	altro	e
20260402104507517	altro	DATA INIZIO TRASPO TRASPORTO AC |V]GLS ENTERPRISE SRL
20260402104507517	altro	30/03/2026 09.57 E °
20260402104507517	altro	DI vETTOR T
20260402104507517	altro	E] pestinat |
20260402104507517	altro	TOTALE CO PESO KG VOLUME M DATA E ORA RICEZIONE |TIMBRO E FIRMA LEGGIBILE DEL DESTI
20260402104507517	altro	1 8,43 0,024
20260402104507517	altro	NOTE. ORARI SCARICO 08:00 - 12:00/Lun - Mar - Mer - Gio - Ven/ NECESSARIA PRENOTAZIONE/TEL. 019-84061
20260402104507517	altro	SPONDA IDRAULICA: Si
20260402104507517	altro	MEZZI ACCETTA FRG - MCS - BSS
20260403102920197	altro	CÒ G.A.E.R Societa' Cooperati GAER CENTRALE - VIA F. SANTI, 5 - 42025 CORTE TEGGE DI
20260403102920197	altro	CAVRIAGO RE
20260403102920197	altro	ron Tel. 0522949620/30/40 - Fax 0522 494245 - Partita I. V. A. 0020439
20260403102920197	altro	MITTEN G.A.E.R Societa' Cooperativa DOCUMENTO DI TRASPORTO
20260403102920197	altro	GAER CENTRALE - VIA F. SANTI, 5 - 42025 CORTE TEGGE | DESTINATARIO NUM
20260403102920197	intestazione_documento	DESTINATAR 018754 Pg 1/1 01/04/2026 Vendita
20260403102920197	luogo_destinazione	001519-078 LUOGO DI DESTINAZION
20260403102920197	altro	CONSUMER IN SRL
20260403102920197	indirizzo	COOP CONO LI -SAVONA
20260403102920197	altro	PIAZZA G. FERRE", 10 Partita IVA: 04117520967
20260403102920197	indirizzo	20025 LEGNANO CORSO RICCI, 211R
20260403102920197	indirizzo	MI IT 17100. SAVONA
20260403102920197	altro	SV IT
20260403102920197	altro	ARTICOLO DESCRIZIONE DEI BENI QUANTIT
20260403102920197	altro	Merce fatturata da Consumer.In srl a Coop Consorzio Nord Ovest P.I. 04117520967 e da quest'ultima ceduta al destinatario finale.
20260403102920197	riferimento_fattura_ordine	Rif. citato in fatt. VEND 020871 del 01/04/2026
20260403102920197	riferimento_fattura_ordine	N.ro ordine 026350012 del 01/04/2026
20260403102920197	altro	Lista di prelievo Totale n. colli
20260403102920197	altro	000006492 1
20260403102920197	indirizzo	COOP LIGURIA s.c.c. SAVONA
20260403102920197	altro	Sede Ipermercato:
20260403102920197	indirizzo	Corso Ricci, 211 r.- 17100 SAVONA
20260403102920197	altro	3 APR 2026
20260403102920197	altro	CI RISERVIAMO DI VERIFICARE LA QUANTITA” E LA CONFORMITA
20260403102920197	altro	PEGLI ARTICOLI SUCCESSIVAMENTE AL RITIRO,
20260403102920197	altro	GENERI VARI
20260403102920197	altro	DATA INIZIO TRASPO TRASPORTO A C |V|GLS ENTERPRISE SRL
20260403102920197	altro	01/04/2026 11.33 E
20260403102920197	altro	CD] vertor JI A
20260403102920197	altro	C] pestinaT | / i
20260403102920197	altro	TOTALE CO PESO KG VOLUME M DATA E ORA RICEZIONE |TIMBRO EFIR [A LEGGI ILE DEL DESTI
20260403102920197	altro	1 12,56 0,020 Di) =
20260403102920197	altro	NOTE ORARI SCARICO 08:00 - 12:00/Lun - Mar - Mer - Gio - Ven/ NECESSARIA PRENOTAZIONE/TEL. 019-84061
20260403102920197	altro	SPONDA IDRAULICA: Si
20260403102920197	altro	MEZZI ACCETTA — FRG - MCS - BSS
20260407091944272	altro	G.A.E.R Societa' Cooperati GAER CENTRALE - VIA F. SANTI, 5 - 42025 CORTE TEGGE DI
20260407091944272	altro	CAVRIAGO RE
20260407091944272	altro	merone Tel, 0522949620/30/40 - Fax 0522 494245 - Partita |. V. A. 0020439
20260407091944272	altro	MITTEN G.A.E.R Sccieta' Cooperativa DOCUMENTO DI TRASPORTO
20260407091944272	altro	GAER CENTRALE - VIA F. SANTI. 5 - 42025 CORTE TEGGE DESTINATARIO NUM | DATA CAUSALE DEL TRASPOR
20260407091944272	intestazione_documento	DESTINATAR 018873 Pg 1/1 02/04/2026 Vendita
20260407091944272	luogo_destinazione	001519-078 LUOGO DI DESTINAZION — —
20260407091944272	altro	CONSUMER IN SRL :
20260407091944272	indirizzo	COOP CCNO LI -SAVONA
20260407091944272	altro	PIAZZA G. FERRE', 10 Partita IVA: 04117520967
20260407091944272	indirizzo	20025 LEGNANO CORSO RICCI, 211R i
20260407091944272	indirizzo	MI T 17100 SAVONA
20260407091944272	altro	Sv IT -
20260407091944272	altro	ARTICOLO DESCRIZIONE DEI BENI ; QUANTIT
20260407091944272	altro	Merce fatiurata da Consumer.in srl a Coop Consorzio ‘Nord Ovest P.I. 04117520967 e da quest'ultima ceduta al destinatario findle.
20260407091944272	riferimento_fattura_ordine	Rif. citato in fatt. VEND 020998 = del 02/04/2026
20260407091944272	riferimento_fattura_ordine	N.ro ordine 026350012 del 02/04/2026
20260407091944272	altro	Lista di prelievo Totale n. colli
20260407091944272	altro	000007869 1
20260407091944272	indirizzo	: COOP LIGURIA s.c.c. SAVONA
20260407091944272	altro	Sede Ipermercato:
20260407091944272	indirizzo	Corso Ricci 1 ri - 17100 SAVONA
20260407091944272	altro	lo
20260407091944272	altro	7'APR 2026
20260407091944272	altro	CIRISERVIAMO DI VERÌICARE LA QUANTITA” E LA CONFORMITA”
20260407091944272	altro	DEGLI ARTICOLI SUCCESSIVAMENTE AL RITIRO,
20260407091944272	altro	GENERI VARI
20260407091944272	altro	DATA INIZIO TRASPO TRASPORTO A C |V|GLS ENTERPRISE SRL
20260407091944272	altro	02/04/2026 07.39 È
20260407091944272	altro	[] vETTOR T
20260407091944272	altro	1] pestinat |
20260407091944272	altro	TOTALE CO PESO KG VOLUME M DATA E ORA RICEZIONE | TIMBRO E FIRMA LEGGIBILE DEL DESTI
20260407091944272	altro	1 6,12 0,012
20260407091944272	altro	NOTE. ORARI SCARICO 08:00 - 12:00/Lun - Mar - Mer - Gio - Ven/ NECESSARIA PRENOTAZIONE/TEL. 019-84061
20260407091944272	altro	SPONDA IDRAULICA: Si
20260407091944272	altro	MEZZI ACCETTA. FRG - MCS - BSS
20260408062251602	altro	; G.A.E.R Societa' Cooperati GAER C/O Snc - VIA COLOMBARONE SN - 29010
20260408062251602	altro	” 4 MONTICELLI D'ONGINA PC
20260408062251602	altro	sg ice Tel. 0522949620/30/40 - FAX 0522 494245 - Partita . V. A. 0020439
20260408062251602	altro	” DOCUMENTO DI TRASPORTO
20260408062251602	altro	cR Societa” Cooperativa . TRASPOR
20260408062251602	altro	nemo 76 STICA UNO - VIA COLOMBARONE sN - 290 | DESTINATARIO NUM | DATA CAUSALE DEL
20260408062251602	intestazione_documento	< 6 018587 Pg 1/1 31/03/2026 Vendita
20260408062251602	luogo_destinazione	SS INATAR LUOGO DI DESTINAZION
20260408062251602	altro	401519 - 078
20260408062251602	indirizzo	CONSUMER IN SRL COOP CONO LI -SAVONA
20260408062251602	altro	-|pi G. FERRE‘, 10 Partita IVA: 04117520967
20260408062251602	indirizzo	PASS Ò LEGNANO CORSO RICCI, 211R
20260408062251602	indirizzo	MI tt 17100 SAVONA
20260408062251602	altro	| SV IT
20260408062251602	altro	DESCRIZIONE DEI BENI [QUANTI |
20260408062251602	altro	Merce fatturata da Consumer.in srl a Coop Consorzio Nord Ovest P.L. 04117520967 e da quest'ultima ceduta al destinatario findle.
20260408062251602	riferimento_fattura_ordine	Rif. citato in fatt. VEND 004844 del 31/03/2026
20260408062251602	riferimento_fattura_ordine	N.ro ordine 026333270 del 31/03/2026
20260408062251602	altro	948026 TeL = 43P69K TV LED 43"UHD 4K DVBT2/S2 SMART GOOGLE TV 3
20260408062251602	riferimento_fattura_ordine	N.ro ordine 026333486 del 31/03/2026 Di
20260408062251602	altro	COOP
20260408062251602	indirizzo	LIGURIA s.c.0. SAVONA
20260408062251602	altro	Corso Ri lede Ipermercato:
20260408062251602	indirizzo	ici, 211 r.- 17100 SAVONA
20260408062251602	altro	è ‘
20260408062251602	indirizzo	IPErCOOP SAVONA 8 APR 2026
20260408062251602	altro	CI RISERVIAMO DI
20260408062251602	altro	BANCALI RESI ALLA PARI DELIRIO SUCCESSE OO
20260408062251602	altro	GENERI VARI
20260408062251602	altro	DATA INIZIO TRASPO TRASPORTO AC |V|LOGISTICA UNO EUROPE SRL
20260408062251602	altro	31/03/2026 15.22 E
20260408062251602	altro	[T] VETTOR T
20260408062251602	altro	D pestinat |" li
20260408062251602	altro	TOTALE CO PESO KG VOLUME M DATA E ORA RICEZIONE | TIMBRO E FIRMA EEGISICE DEL DESTI
20260408062251602	altro	17 90,40 0,758 ne pi io;
20260408062251602	altro	NOTE ORARI SCARICO 08:00 - 12:00/Lun - Mar - Mer - Gio - Ven/ (NECESSARIA PRENOTAZIONE/TEL. 019-84061
20260408062251602	altro	“ BORDERO N. 000108721 BANCALI (IN SPEDIZIONE) 1 SPONDA IDRAULICA: Si
20260408062251602	altro	MEZZI ACCETTA FRG - MCS - BSS f
20260408062251602	altro	No Imballi PALLET EPAL DA RENDERE: 1 TV
20260408062251602	altro	FASI
20260408105355750	documento_senza_righe_articolo	(36 righe, layout non gestito)
20260410104030291	altro	| f G.A.E.R Societa' Cooperati GAER CENTRALE - VIA F. SANTI, 5 - 42025 CORTE TEGGE DI
20260410104030291	altro	CAVRIAGO RE
20260410104030291	altro	. ritenne Tel. 0522949620/30/40 - Fax 0522 494245 - Partita 1. V. A. 0020439
20260410104030291	altro	MITTEN  G.A.E.R Societa' Cooperativa DOCUMENTO DI TRASPORTO
20260410104030291	altro	GAER CENTRALE - VIA F. SANTI. 5 - 42025 CORTE TEGGE | DESTINATARIO NUM CAUSALE DEL TRASPOR
20260410104030291	altro	Vendita
20260410104030291	intestazione_documento	SESTINATAR 019882 Pg 1/1 09/04/2026 ndi
20260410104030291	luogo_destinazione	001519-078 LUOGO DI DESTINAZION
20260410104030291	altro	CONSUMER IN SRL
20260410104030291	indirizzo	COOP CONO LI -SAVONA
20260410104030291	altro	PIAZZA G. FERRE", 10 : Partita IVA: 04117520967
20260410104030291	indirizzo	20025 LEGNANO CORSO RICCI, 211R
20260410104030291	indirizzo	Mi IT 17100 SAVONA
20260410104030291	altro	SV T
20260410104030291	altro	ARTICOLO DESCRIZIONE DEI BENI QUANTIT
20260410104030291	altro	Merce fatturata da Consumer.In srì a Coop Consorzio Nerd Ovest P.I. 04117520967 e da quest'ultima ceduta al destinatario finale.
20260410104030291	riferimento_fattura_ordine	Rif. citato in fatt. VEND 022137 del 09/04/2026
20260410104030291	riferimento_fattura_ordine	N.ro ordine 026370894 del 09/04/2026
20260410104030291	riferimento_fattura_ordine	N.ro ordine 026370954 del 09/04/2028
20260410104030291	riferimento_fattura_ordine	Rif. citato în fatt. VEND 022138 del 09/04/2026
20260410104030291	riferimento_fattura_ordine	N.ro ordine 026333383 del 09/04/2026
20260410104030291	altro	Lista di prelievo Totale n. colli
20260410104030291	altro	000013315 1
20260410104030291	indirizzo	COOP LIGURIA/s.c.c. SAVONA
20260410104030291	altro	.. Sede ll ffrescato
20260410104030291	indirizzo	. Corso Ricci, 211 r£ “17100 SAVONA
20260410104030291	altro	26
20260410104030291	altro	riserviamo di verifitire etità e do
20260410104030291	altro	conformità degli articoli succ&ssivamente cl riiro.
20260410104030291	altro	DATA INIZIO TRASPO TRASPORTO A C |V{GLS ENTERPRISE SRL
20260410104030291	altro	09/04/2026 08.35 E
20260410104030291	altro	[DD VETTOR T i
20260410104030291	altro	DI pestinat |
20260410104030291	altro	TOTALE CO PESO KG VOLUME M DATA E ORA RICEZIONE | TIMBRO E FIRMA LEGGIBILE DEL DESTI
20260410104030291	altro	1 2,82 0,009
20260410104030291	altro	NOTE ORARI SCARICO 08:00 - 12:00/Lun - Mar - Mer - Gio - Ven/ (NECESSARIA PRENOTAZIONE/TEL. 019-84061
20260410104030291	altro	SPONDA IDRAULICA: Si
20260410104030291	altro	MEZZI ACCETTA  FRG- MCS - BSS
20260410115324602	altro	i G.A.E.R Societa' Cooperativa - GAER CENTRALE - VIA F. SANTI, 5 - 42025 CORTE TEGGE DI
20260410115324602	altro	: > CAVRIAGO RE
20260410115324602	altro	ni Tel. 0522949620/30/40 - Fax 0522 494245 - Partita 1. V. A. 00204390355
20260410115324602	altro	MITTENT  G.A.E.R Societa' Cooperativa DOCUMENTO DI TRASPORTO
20260410115324602	altro	GAER CENTRALE - VIA F. SANTI, 5 - 42025 CORTE TEGGE DI CA_{ DESTINATARIO NUMER CAUSALE DEL. TRASPORTO
20260410115324602	altro	119362 1/1 Vendita
20260410115324602	altro	DESTINATARI 01936: Pg 07/04/2026 i
20260410115324602	luogo_destinazione	001518 - 078 . LUOGO DI DESTINAZIONE o
20260410115324602	altro	CONSUMER IN SRL
20260410115324602	indirizzo	COOP CONO LI -SAVONA
20260410115324602	altro	PIAZZA G. FERRE", 10 Partita IVA: 04117520967
20260410115324602	indirizzo	20025 LEGNANO . | CORSO RICCI, 211R
20260410115324602	indirizzo	MI m 17100 SAVONA
20260410115324602	altro	SV IT
20260410115324602	altro	Merce fatturata da Consumer.In srl a Coop Consorzio Nord Ovest P.I. 04117520967 e da quest'ultima ceduta al destinatario finale.
20260410115324602	riferimento_fattura_ordine	Rif. citato in fatt. VEND 021550 del 07/04/2026
20260410115324602	riferimento_fattura_ordine	N.ro ordine 026333274 del 07/04/2026
20260410115324602	riferimento_fattura_ordine	Rif. citato in fatt. VEND 021551 del 07/04/2026
20260410115324602	altro	ORDINE DA TOTEM: oshiba ahmed
20260410115324602	riferimento_fattura_ordine	N.ro ordine 026361846 del 07/04/2026
20260410115324602	altro	Lista di prelievo Totale n. colli
20260410115324602	altro	000009371 1
20260410115324602	altro	000010693 2
20260410115324602	altro	DATA INIZIO TRASPOR TRASPORTO A VT LOGISTICA UNO EUROPE SRL.
20260410115324602	altro	07/04/2026 09.32 CURA DEL E
20260410115324602	altro	T] verrore |I
20260410115324602	altro	D pestInatA fo
20260410115324602	altro	TOTALE COL PESO KG VOLUME MC DATA E ORA RICEZIONE ME | TIMBRO E FIRMA LEGGIBILE DEL DESTINATA
20260410115324602	altro	3 141,40 "0,971
20260410115324602	altro	NOTE ORARI SCARICO 08:00 - 12:00/Lun - Mar - Mer - Gio - Ven/ [NECESSARIA PRENOTAZIONE/TEL. 019-84061
20260410115324602	altro	BORDERON. 000108843 BANCALI (IN SPEDIZIONE) 2 SPONDA IDRAULICA: Si
20260410115324602	altro	MEZZI ACCETTAB — FRG- MCS - BSS
20260410115324602	altro	N.ro Imballi PALLET EPAL DA RENDERE: 1 - PALLET LEGNO 75X75 A RENDERE: 1
20260410115324602	altro	Co) } G.A.E.R Societa' Cogpersti GAER CIO LOGISTICA UNO - VIA COLOMBARONE SN - 29010
20260410115324602	altro	= MONTICELLI D'ONGINA PC
20260410115324602	altro	reni Tel. 0522949620/30/40 - Fax 0522 494245 - Partita I. V. A. 0020439
20260410115324602	altro	MITTEN G.A.E.R Societa' Cooperativa DOCUMENTO DI TRASPORTO
20260410115324602	altro	GAER C/O LOGISTICA UNO - VIA COLOMBARONE SN - 290 f DESTINATARIO NUM | DATA CAUSALE DEL TRASPOR
20260410115324602	altro	Vendi
20260410115324602	intestazione_documento	DESTINATAR 019557 Pg 1/1 07/04/2026 ‘endita
20260410115324602	luogo_destinazione	001519 -078 LUOGO DI DESTINAZION
20260410115324602	altro	CONSUMER IN SRL
20260410115324602	indirizzo	COOP CONO LI -SAVONA
20260410115324602	altro	PIAZZA G. FERRE", 10 Partita IVA: 04117520967
20260410115324602	indirizzo	20025 LEGNANO CORSO RICCI, 211R
20260410115324602	indirizzo	MI mr 17100 SAVONA
20260410115324602	altro	Sv IT
20260410115324602	altro	ARTICOLO DESCRIZIONE DEI BENI QUANTIT
20260410115324602	altro	Merce fatturata da Consumer.In srl a Coop Consorzio Nord Ovest P.i. 04117520967 e da quest'ultima ceduta al destinatario findle.
20260410115324602	riferimento_fattura_ordine	Rif. citato in fatt. VEND 005043 del 07/04/2026
20260410115324602	riferimento_fattura_ordine	N.ro ordine 026359970 del 07/04/2026
20260410115324602	riferimento_fattura_ordine	N.ro ordine 026359979 del 07/04/2026
20260410115324602	riferimento_fattura_ordine	N.ro ordine 026362575 del 07/04/2026
20260410115324602	riferimento_fattura_ordine	Rif. citato in fatt. VEND 005044 del 07/04/2026
20260410115324602	altro	ORDINE DA TOTEM: alu egidio
20260410115324602	riferimento_fattura_ordine	N.ro ordine 026356454 del 07/04/2026
20260410115324602	altro	ORDINE DA TOTEM: re mario
20260410115324602	riferimento_fattura_ordine	N.ro ordine 026359223 del 07/04/2026
20260410115324602	altro	ORDINE DA TOTEM: oshiba ahmed
20260410115324602	riferimento_fattura_ordine	N.ro ordine 026361847 del 07/04/2026
20260410115324602	altro	ORDINE DA TOTEM: GALLIZIO PATRIZIA
20260410115324602	riferimento_fattura_ordine	i N.ro ordine 026361978 del 07/04/2026
20260410115324602	altro	i 950323 INDE  102350HX FORNO 60CM 66LT MULTIE. CL.A INOX 1
20260410115324602	altro	ORDINE DA TOTEM: vallerga daniele
20260410115324602	riferimento_fattura_ordine	N.ro ordine 026363104 del 07/04/2026
20260410115324602	altro	DATA INIZIO TRASPO TRASPORTO AC |VÎLOGISTICA UNO EUROPE SRL
20260410115324602	altro	07/04/2026 15.23 E
20260410115324602	altro	[] VETTOR T
20260410115324602	altro	D pestinat |T
20260410115324602	altro	TOTALE CO PESO KG VOLUME M DATA E ORA RICEZIONE | TIMBRO E FIRMA LEGGIBILE DEL DESTI
20260410115324602	altro	31 1.185,00 9,113
20260410115324602	altro	NOTE. ORARI SCARICO 08:00 - 12:00/Lun - Mar - Mer - Gio - Ven/ INECESSARIA PRENOTAZIONE/TEL. 019-84061
20260410115324602	altro	BORDERO N. 000108872 BANCALI (IN SPEDIZIONE) 7 SPONDA IDRAULICA: Si
20260410115324602	altro	MEZZI ACCETTA  FRG- MCS-BSS
20260410115324602	altro	N.ro Imballi PALLET EPAL DA RENDERE: 7 :
20260414123951654	altro	GAL
20260414123951654	altro	Documento di Trasporto
20260414123951654	altro	Numero .GAER*0000000343: : |Data 13.04.2026] | Destinatario merce 133539
20260414123951654	altro	Causale Trasporto VENDITA
20260414123951654	indirizzo	COOP LIGURIA IPERCOOP SAVONA
20260414123951654	indirizzo	Ns. doc. consegna 322691791 / 10.04.2026 CORSO RICCI-C.C.LE IL GABBIANO 211 R
20260414123951654	indirizzo	Agente 158 MASTERS 2 SAS di Pom -17100 SAVONA SV
20260414123951654	altro	Incoterm FR Porto FRANCO
20260414123951654	altro	intestatario Fattura (Sede legale) : 2814|-Committente ; 27527:
20260414123951654	altro	G.A.E.R.SOC.COOP.ARL CONSUMER IN s.r.l. (cno)
20260414123951654	altro	VIA F. SANTI Loc. CORTE TEGGE 5 PIAZZA GIANFRANCO FERRE' 10
20260414123951654	indirizzo	1-42025 CAVRIAGO RE -20025 LEGNANO MI
20260414123951654	altro	Merce spedita in nome e per conto dell'Intestatario fattura
20260414123951654	altro	Vs. Rif. n° promo 9 del 10.04.2026
20260414123951654	altro	Ns. Rif. n° 312449710 del 10.04.2026
20260414123951654	altro	ACHGANENTRY2PD30WK = CARICABATTERIE DA RETE GAN ENTRY 30 CL 10 PZ
20260414123951654	altro	8147668 <--Vs.Art.- EAN 8018080510106
20260414123951654	altro	ACHGANENTRY2PD65WK = CARICABATTERIE DA RETE GAN ENTRY 65 CL 10 PZ
20260414123951654	altro	8150428 <--Vs.Art.- EAN 8018080510090
20260414123951654	altro	ACHUSBCGAN100WLAPK — CARICABATTERIE DA RETE USB-C 100W N CL 5 PZ
20260414123951654	altro	8150407 <--Vs.Art.- EAN 8018080513930
20260414123951654	altro	Merce fatturata da Consumer In srl a Coop Consorzio Nord ovest
20260414123951654	altro	P.1.04117520967 e da quest'ultima ceduta ali destinatario finale.
20260414123951654	altro	Consegna eseguita a Coop Consorzio Noird Ovest per.conto di Consumer'in Srl ” É
20260414123951654	indirizzo	COOP UGURIA s.c. SAVONA
20260414123951654	altro	armeri
20260414123951654	indirizzo	Ranzi fido SAVONA
20260414123951654	altro	I IT
20260414123951654	indirizzo	Corso Ricci 21110
20260414123951654	altro	5 APR/2020
20260414123951654	altro	serviamo di veribiagte 18.0 nl af
20260414123951654	altro	Ci nsei degl i Ji Si pcsivamet alritiro.
20260414123951654	altro	Merce in partenza da Peso Lordo Peso Netto N. colli
20260414123951654	altro	Deposito 3,440 KG 2,680 KG 1
20260414123951654	altro	Vettore
20260414123951654	altro	GLS SEDE E8 - FOOD Label ex systema Via Giuseppe Massarenti 2b - 41122 - Modena (MO)
20260414123951654	altro	Data ritiro (Se non compilata uguale data Annotazioni e variazioni
20260414123951654	altro	documento)
20260414123951654	altro	Ai sensi degli anti, 13 è TA del Reg, UE 2076/6729, si informa che Cellulariine S.p.A, in quantà di titolare del trattamento, tratta i Vostri dati per adempimenti 7
20260414123951654	altro	precontrattuali,contrattuali ed obblighi dì legge. L'informativa estesa è disponibile su http://cellularlinegroup.com/privacy_clienti Pag. 1 di1
20260414123951654	altro	Condizioni generali di vendita: visionare sito https://b2b.cellularline.com/web/b2b/condizionigeneralivendita
20260414123951654	altro	() G.A.E.R Societa' Cooperati GAER CENTRALE - VIA F. SANTI, 5 - 42025 CORTE TEGGE DI
20260414123951654	altro	CAVRIAGO RE
20260414123951654	altro	nriscimmeni Tel. 0522949620/30/40 - Fax 0522 494245 - Partita I. V. A. 0020439
20260414123951654	altro	MITTEN —G.A.E.R Societa' Cooperativa DOCUMENTO DI TRASPORTO
20260414123951654	altro	GAER CENTRALE - VIA F. SANTI, 5 - 42025 CORTE TEGGE | DESTINATARIO NUM CAUSALE DEL TRASPOR
20260414123951654	intestazione_documento	DESTINATAR 020588 Pg 1/1 13/04/2026 Vendita
20260414123951654	luogo_destinazione	001519- 078 LUOGO DI DESTINAZION
20260414123951654	altro	CONSUMER IN SRL
20260414123951654	indirizzo	COOP CCNOLI -SAVONA
20260414123951654	altro	PIAZZA G. FERRE', 10 Partita IVA: 04117520967
20260414123951654	indirizzo	20025 LEGNANO CORSO RICCI, 211R
20260414123951654	indirizzo	MI IT 17100. SAVONA
20260414123951654	altro	SV IT
20260414123951654	altro	ARTICOLO . DESCRIZIONE DEI BENI
20260414123951654	altro	Merce fatturata da Consumer.In srl a Coop Consorzio Nord Ovest P.I. 04117520967 e da quest'ultima ceduta al destinatario findle.
20260414123951654	riferimento_fattura_ordine	Rif. citato in fatt. VEND x 022914 = del 13/04/2026
20260414123951654	riferimento_fattura_ordine	N.ro ordine 026396686 del 13/04/2026
20260414123951654	altro	Lista di prelievo Totale n. colli
20260414123951654	altro	000016891 1
20260414123951654	indirizzo	COOP LIGURIA s.c.c. SAVONA
20260414123951654	altro	. Sede Ipermercato
20260414123951654	indirizzo	Corso Ricci, 277 r..- 17100 SAVONA
20260414123951654	altro	15 APR 2026
20260414123951654	altro	Gi riserviamo di verificare le ità
20260414123951654	altro	ect quantità e la
20260414123951654	altro	confommità degli anicoli successivamente cl rio,
20260414123951654	altro	DATA INIZIO TRASPO TRASPORTO AC |VÎGLS ENTERPRISE SRL
20260414123951654	altro	13/04/2026 10.40 E
20260414123951654	altro	O] VvETTOR T
20260414123951654	altro	D pestinat [7
20260414123951654	altro	TOTALE CO PESO KG VOLUME M DATA E ORA RICEZIONE | TIMBRO E FIRMA LEGGIB}E DEL DESTI
20260414123951654	altro	1 0,93 0,005 di
20260414123951654	altro	NOTE ORARI SCARICO 08:00 - 12:00/Lun - Mar - Mer - Gio - Ven/ (NECESSARIA PRENOTAZIONE/TEL. 019-84061 /
20260414123951654	altro	ssa “i
20260414123951654	altro	{ff [N - .
20260414123951654	altro	SPONDA PRAVEICA: SI
20260414123951654	altro	MEZZI ACCETTA  FRG- MCS -BSS Î y
20260415092043107	altro	i GOA GA.E.R Societa' Cooperativa - GAER CENTRALE - VIA F. SANTI, 5 - 42025 CORTE TEGGE DI
20260415092043107	altro	CAVRIAGO RE
20260415092043107	altro	meizone Tel. 0522949620/30/40 - Fax 0522 494245 - Partita |. V. A. 00204390355
20260415092043107	altro	MITTENT G.A.E.R Societa' Cooperativa
20260415092043107	altro	DESTINATARIO NUMER | DATA CAUSALE DEL TRASPORTO
20260415092043107	luogo_destinazione	001519 - 078 LUOGO DI DESTINAZIONE
20260415092043107	altro	= ERO
20260415092043107	indirizzo	COOP CONO LI -SAVONA
20260415092043107	altro	PIAZZA G. FERRE', 10 Partita IVA: 04117520967
20260415092043107	indirizzo	20025 LEGNANO CORSO RICCI, 211R
20260415092043107	indirizzo	MI Im 17100 SAVONA
20260415092043107	altro	SV IT
20260415092043107	altro	Merce fatturata da Consumer.In sri a Coop Consorzio Nord Ovest P.. 04117520967 e da quest'ultima ceduta al destinatario finale.
20260415092043107	riferimento_fattura_ordine	Rif. citato in fatt. VEND 022293 del 09/04/2026
20260415092043107	riferimento_fattura_ordine	N.ro ordine 026370646 del 09/04/2026
20260415092043107	altro	DATA INIZIO TRASPOR TRASPORTO A VITLOGISTICA UNO EUROPE SRL
20260415092043107	altro	09/04/2028 11.27 CURA DEL E
20260415092043107	altro	7 [IS |
20260415092043107	altro	CD] pestINATA lo
20260415092043107	altro	TOTALE COL PESO KG VOLUME MC DATA E ORA RICEZIONE ME | TIMBRO E FIRMA LEGGIBILE DEL DESTINATA
20260415092043107	altro	i i i
20260415092043107	altro	NOTE. ORARI SCARICO 08:00 - 12:00/Lun - Mar - Mer - Gio - Ven/ NECESSARIA PRENOTAZIONE/TEL. 019-84061
20260415092043107	altro	BORDERO N. 000108937 BANCALI (IN SPEDIZIONE) 2 SPONDA IDRAULICA: Si
20260415092043107	altro	MEZZI ACCETTAB  FRG-MCS-BSS
20260415092043107	altro	ca GARN G.A.E.R Societa' Cooperativa - GAER CENTRALE - VIA F, SANTI, 5 - 42025 CORTE TEGGE DI
20260415092043107	altro	) | CAVRIAGO RE
20260415092043107	altro	demeliea Tel. 0522949620/30/40 - Fax 0522 494245 - Partita LV. A 00204390355
20260415092043107	altro	MITTENT  GA.E.R Societa' Cooperativa
20260415092043107	altro	DESTINATARIO NUMER DATA CAUSALE DEL TRASPORTO
20260415092043107	luogo_destinazione	001519 - 078 LUOGO DI DESTINAZIONE
20260415092043107	altro	= E
20260415092043107	indirizzo	COOP CCNO LI -SAVONA
20260415092043107	altro	PIAZZA G. FERRE”, 10 Partita IVA; 04117520967
20260415092043107	indirizzo	20025 LEGNANO CORSO RICCI, 211R
20260415092043107	indirizzo	MI m 17100. SAVONA
20260415092043107	altro	SV IT
20260415092043107	altro	n ape _—_
20260415092043107	riferimento_fattura_ordine	N.ro ordine 026370894 del 09/04/2026
20260415092043107	altro	836409 HP 7MD66F  STAMP.LASER B/N 20PPM 600DPI WIFI LASERJET MT1O0W 3
20260415092043107	riferimento_fattura_ordine	N.ro ordine 026370954 del 09/04/2026
20260415092043107	riferimento_fattura_ordine	Rif. citato in fatt. VEND 022294 del 09/04/2026
20260415092043107	riferimento_fattura_ordine	N.ro ordine 026333292 del 09/04/2026
20260415092043107	riferimento_fattura_ordine	N.ro ordine 026333383 del 09/04/2026
20260415092043107	altro	Lista di prelievo Totale n. colli
20260415092043107	altro	000013319 1
20260415092043107	altro	DATA INIZIO TRASPOR TRASPORTO A LOGISTICA UNO EUROPE SRL
20260415092043107	altro	°° [Sf e
20260415092043107	altro	DI VETTORE
20260415092043107	altro	[O DESTINATA
20260415092043107	altro	TOTALE COL PESO KG VOLUME MC DATA E ORA RICEZIONE ME TIMBRO E FIRMA LEGGIBILE DEL DESTINATA
20260415092043107	altro	Ta E |]
20260415092043107	altro	NOTE ORARI SCARICO 08:00 - 12:00/Lun - Mar - Mer - Gio - Ven/ NECESSARIA PRENOTAZIONE/TEL. 019-84061
20260415092043107	altro	BORDERO N. 000108937 BANCALI (INSPEDIZIONE) 2 SPONDA IDRAULICA: Si
20260415092043107	altro	MEZZI ACCETTAB  FRG-MCS- BSS
20260415092043107	altro	CT e e e] Z”àZ°h]e zo
20260415092043107	altro	: GAE.R Societa' Cooperativa - GAER CENTRALE -VIA F. SANTI, 5 - 42025 CORTE TEGGE DI
20260415092043107	altro	CAVRIAGO RE
20260415092043107	altro	met cu. Tel. 0522949620/30/40 - Fax 0522 494245 - Partita 1. V.A. 00204390355
20260415092043107	altro	MITTENT. G.A.E.R Societa' Cooperativa DOCUMENTO DI TRASPORTO
20260415092043107	altro	GAER CENTRALE - VIA F. SANTI, 5 - 42025 CORTE TEGGE DI CA | DESTINATARIO NUMER T DATA CAUSALE DEL TRASPORTO
20260415092043107	intestazione_documento	DESTINATARI 019987 Pg 3/ 3 09/04/2026 Vendita
20260415092043107	luogo_destinazione	001519 - 078 LUOGO DI DESTINAZIONE
20260415092043107	altro	CONSUMER IN SRL
20260415092043107	indirizzo	COOP CCNO LI -SAVONA
20260415092043107	altro	PIAZZA G. FERRE", 10 Partita IVA; 04117520967
20260415092043107	indirizzo	20025 LEGNANO CORSO RICCI, 211R
20260415092043107	indirizzo	MI Ir 17100. SAVONA
20260415092043107	altro	SV T
20260415092043107	altro	ARTICOLO DESCRIZIONE DEI BENI [QUANTITA ]
20260415092043107	altro	000013320 1
20260415092043107	altro	000013999 2
20260415092043107	indirizzo	COOP LIGURIA 5.6.0, SAVONA
20260415092043107	altro	Sede ipermercato:
20260415092043107	indirizzo	e Corso Ricci, 2717 r.. 7100 SAVONA
20260415092043107	altro	era .
20260415092043107	altro	sPerton. 15 APR 2078
20260415092043107	altro	AN CALI 7 4VON, CI RISERVIAMO DI VERIFICARE LA QUANTITA ELA CO ;
20260415092043107	altro	159] vs tI ELA CONFORMITA
20260415092043107	altro	Alt AP EGLI ARTICOLI SUCCESSIVAMENTE AL RITIMOE
20260415092043107	altro	ARI GENERI VARI
20260415092043107	altro	DATA INIZIO TRASPOR TRASPORTO A. {VTLOGISTICA UNO EUROPE SRL
20260415092043107	altro	09/04/2028 11.27 CURA DEL E
20260415092043107	altro	OD venore T
20260415092043107	altro	CI DESTINATA Jo
20260415092043107	altro	TOTALE COL PESO KG VOLUME MC DATA E ORA RICEZIONE ME | TIMBRO E FIRMA LEGGIBILE DEL DESTINATA
20260415092043107	altro	4 204,98 1,364
20260415092043107	altro	NOTE. ORARI SCARICO 08:00 - 12:00/Lun - Mar - Mer - Gio - Ven/ INECESSARIA PRENOTAZIONE/TEL. 019-84061
20260415092043107	altro	BORDERO N. 000108937 BANCALI (IN SPEDIZIONE) 2 SPONDA IDRAULICA: Si
20260415092043107	altro	MEZZI ACCETTAB  FRG-MCS-BSS £
20260415092043107	altro	ide
20260415092043107	altro	N.ro Imballi PALLET EPAL DA RENDERE: 2 Lo A
20260415092043107	altro	prato
20260415092136853	altro	- C) G.A.E.R Societa' Cooperati GAER C/O LOGISTICA UNO - VIA COLOMBARONE SN - 29010
20260415092136853	altro	n i MONTICELLI D'ONGINA PC
20260415092136853	altro	iii Tel. 0522949620/30/40 - Fax 0522 494245 - Partita |. V. A. 0020439
20260415092136853	altro	MITTEN G.A.E.R Societa' Cooperativa DOCUMENTO DI TRASPORTO
20260415092136853	altro	GAER C/0 LOGISTICA UNO - VIA COLOMBARONE SN - 290 | DESTINATARIO NUM | DATA CAUSALE DEL TRASPOR
20260415092136853	intestazione_documento	DESTINATAR 020075 Pg 1/1 09/04/2026 Vendita
20260415092136853	luogo_destinazione	001519-078 LUOGO DI DESTINAZION
20260415092136853	altro	CONSUMER IN SRL
20260415092136853	indirizzo	COOP CONO LI -SAVONA
20260415092136853	altro	PIAZZA G. FERRE", 10 Partita IVA: 04117520967
20260415092136853	indirizzo	20025 LEGNANO CORSO RICCI, 211R
20260415092136853	indirizzo	MI IT 17100. SAVONA
20260415092136853	altro	SV IT
20260415092136853	altro	ARTICOLO DESCRIZIONE DEI BENI QUANTIT
20260415092136853	altro	Merce fatturata da Consumer.in srl a Coop Consorzio Nord Ovest P.I, 04117520967 e da quest'ultima ceduta al destinatario findie.
20260415092136853	riferimento_fattura_ordine	Rif. citato in fatt. VEND 005141 del 09/04/2026
20260415092136853	riferimento_fattura_ordine	N.ro ordine 026333384 del 09/04/2026
20260415092136853	riferimento_fattura_ordine	N.ro ordine 026334893 del 09/04/2026 7
20260415092136853	riferimento_fattura_ordine	N.ro ordine 026351943 del 09/04/2026
20260415092136853	riferimento_fattura_ordine	Rif. citato in fatt. VEND 005142 del 09/04/2026
20260415092136853	altro	ORDINE DA TOTEM: pisani elisa
20260415092136853	riferimento_fattura_ordine	N.ro ordine 026364706 del 09/04/2026
20260415092136853	indirizzo	COOP LIGURIA s.c.c. SAVONA
20260415092136853	altro	Sede Ipermercato: ONA
20260415092136853	indirizzo	Corso Ricci, 211 r. - 17100 SAVI 8.
20260415092136853	indirizzo	028 (perc009 SAVONA
20260415092136853	altro	TS APRI BANALI RESI ALLA PARI
20260415092136853	altro	LA QUANTITA” £ LA CONFORMITA”
20260415092136853	altro	i PL ANICALI SUCCESSIVAMENTE ALRIIRO.
20260415092136853	altro	GENERI VARI
20260415092136853	altro	DATA INIZIO TRASPO TRASPORTO A C [VÎ LOGISTICA UNO EUROPE SRL
20260415092136853	altro	09/04/2026 14.37 E
20260415092136853	altro	CC] VETTOR T
20260415092136853	altro	CD] cestinat |T
20260415092136853	altro	TOTALE CO PESO KG VOLUME M DATA E ORA RICEZIONE | TIMBRO E FIRMA LEGGIBILE DEL DESTI
20260415092136853	altro	15 380,00 3,419
20260415092136853	altro	NOTE ORARI SCARICO 08:00 - 12:00/Lun - Mar - Mer - Gio - Ven/ /NECESSARIA PRENOTAZIONE/TEL. 019-84061
20260415092136853	altro	BORDERO N. 000108952 BANCALI (IN SPEDIZIONE) 4 SPONDA IDRAULICA: Si
20260415092136853	altro	MEZZI ACCETTA FRG - MCS- BSS È
20260415092136853	altro	ine
20260415092136853	altro	N.ro Imballi PALLET EPAL DA RENDERE: 4 UG /
20260415105424372	documento_senza_righe_articolo	(147 righe, layout non gestito)
20260417073313475	altro	DA
20260417073313475	altro	ts C) G.A.E.R Societa' Cooperati GAER C/O LOGISTICA ZA COLOMBARONE SN - 29010
20260417073313475	altro	Dì MONTICELLI D'ONGINA PC
20260417073313475	altro	eriinemene Tel. 0522949620/30/40 - Fax 0522 494245 - Partita |. V. A. 0020439
20260417073313475	altro	MITTEN G.A.E.R Societa' Cooperativa DOCUMENTO DI TRASPORTO
20260417073313475	altro	GAER C/O LOGISTICA UNO - VIA COLOMBARONE SN - 290 | DESTINATARIO NUM | DATA CAUSALE DEL TRASPOR
20260417073313475	intestazione_documento	DESTINATAR 021081 Pg 1/1 14/04/2026 Vendita
20260417073313475	luogo_destinazione	001519 -078 LUOGO DI DESTINAZION
20260417073313475	altro	CONSUMER IN SRL
20260417073313475	indirizzo	COOP CONO LI -SAVONA
20260417073313475	altro	PIAZZA G. FERRE, 10 Partita IVA: 04117520967
20260417073313475	indirizzo	20025 LEGNANO CORSO RICCI, 211R
20260417073313475	indirizzo	MI IT 17100 SAVONA
20260417073313475	altro	SV IT
20260417073313475	altro	ARTICOLO DESCRIZIONE DEI BENI QUANTIT
20260417073313475	altro	Merce fatturata da Consumer.In srl a Coop Consorzio Nord Ovest P.I. 04117520967 e da quest'ultima ceduta al destinatario findle.
20260417073313475	riferimento_fattura_ordine	Rif. citato in fatt. VEND 005401 dei 14/04/2026
20260417073313475	riferimento_fattura_ordine	N.ro ordine 026362725 del 14/04/2026
20260417073313475	indirizzo	#° 13 COOP LIGURIA s.c.c. SAVONA
20260417073313475	altro	& Le È Sede Ipermercato: A
20260417073313475	indirizzo	n° ai Corso Ricci, 211 r. - 17100 SAVON
20260417073313475	altro	© E 17 APR 2026
20260417073313475	altro	E a
20260417073313475	altro	dO LA QUANTITA ELA CONFORMITA”
20260417073313475	altro	È o ‘ PS ATICOl TORICESSIVAMENTE AL RITIRO.
20260417073313475	altro	ES GENERI VARI
20260417073313475	altro	DATA INIZIO TRASPO TRASPORTO AC |VÎLOGISTICA UNO EUROPE SRL
20260417073313475	altro	14/04/2026 14.55 E
20260417073313475	altro	DI VETTOR T
20260417073313475	altro	D pestinar |T
20260417073313475	altro	TOTALE CO PESO KG VOLUME M DATA E ORA RICEZIONE | TIMBRO E FIRMA LEGGIBILE DEL DESTI
20260417073313475	altro	4 260,00 1,296
20260417073313475	altro	NOTE ORARI SCARICO 08:00 - 12:00/Lun - Mar - Mer - Gio - Ven/ (NECESSARIA PRENOTAZIONE/TEL. 019-84061
20260417073313475	altro	f
20260417073313475	altro	BORDERO N. 000109104 BANCALI (IN SPEDIZIONE) 1 SPONDA IDRAULICA: Si
20260417073313475	altro	MEZZI ACCETTA  FRG- MCS - BSS . A <
20260417073313475	altro	SAN nd
20260417073313475	altro	N.ro Imballi PALLET EPAL DA RENDERE: 1 « Dei
20260420094115549	altro	(o) G.A.E.R Societa' Cooperati GAER CENTRALE - VIA F. SANTI, 5 - 42025 CORTE TEGGE DI
20260420094115549	altro	CAVRIAGO RE
20260420094115549	altro	sure varne Tel. 0522949620/30/40 - Fax 0522 494245 - Partita I. V. A. 0020439
20260420094115549	altro	MITTEN G.A.E.R Societa' Cooperativa DOCUMENTO DI TRASPORTO
20260420094115549	altro	GAER CENTRALE - VIA F. SANTI. 5 - 42025 CORTE TEGGE | DESTINATARIO NUM CAUSALE DEL TRASPOR
20260420094115549	intestazione_documento	DESTINATAR 021437 Pg1/ 1 16/04/2026 Vendita
20260420094115549	luogo_destinazione	001519 -078 LUOGO DI DESTINAZION
20260420094115549	altro	CONSUMER IN SRL
20260420094115549	indirizzo	COOP CONO LI -SAVONA
20260420094115549	altro	PIAZZA G. FERRE', 10 Partita IVA: 04117520967
20260420094115549	indirizzo	20025 LEGNANO CORSO RICCI, 211R
20260420094115549	indirizzo	MI IT 17100 SAVONA
20260420094115549	altro	SV IT
20260420094115549	altro	ARTICOLO DESCRIZIONE DEI BENI QUANTIT
20260420094115549	altro	Merce fatturata da Consumer.In srl a Coop Consorzio Nord Ovest PI. 04117520967 e da quest'ultima ceduta al destinatario findle.
20260420094115549	altro	Rif, citato in fatt. VEND 023842 del 16/04/2026
20260420094115549	altro	ORDINE DA TOTEM
20260420094115549	riferimento_fattura_ordine	N.ro ordine 026407550 del 16/04/2026
20260420094115549	altro	Lista di prelievo Totale n. colli
20260420094115549	altro	000021049 1
20260420094115549	indirizzo	COOP LIGURIA s.c.6. SAVONA
20260420094115549	altro	Sede Ipermercato
20260420094115549	indirizzo	Corso Ricci, 211..- 17100 SAVONA
20260420094115549	altro	R 2026
20260420094115549	altro	Gi riservianio di verificare le quantità e la
20260420094115549	altro	conformità dagli articli successivamente al ritiro.
20260420094115549	altro	DATA INIZIO TRASPO TRASPORTO A C |V|GLS ENTERPRISE SRL
20260420094115549	altro	16/04/2026 07.27 E
20260420094115549	altro	D vETTOR T
20260420094115549	altro	D) pestinat |
20260420094115549	altro	TOTALE CO PESO KG VOLUME M DATA E ORA RICEZIONE |TIMBRO E FIRMA LEGGIBILE DEL DESTI
20260420094115549	altro	1 8,10 0,011
20260420094115549	altro	NOTE ORARI SCARICO 08:00 - 12:00/Lun - Mar - Mer - Gio - Ven/ INECESSARIA PRENOTAZIONE/TEL. 019-84061
20260420094115549	altro	SPONDA IDRAULICA: Si
20260420094115549	altro	MEZZI ACCETTA  FRG- MCS - BSS
20260421090653120	altro	9 CÒ j G.A.E.R Societa' Cooperati GAER C/O LOGISTICA OMBARONE SN - 29010
20260421090653120	altro	j MONTICELLI D'ONGIN,
20260421090653120	altro	rino Tel. 0522949620/30/40 - Fax 0522 494245 - Partita I. V. A. 0020439
20260421090653120	altro	MITTEN G.A.E.R $ocieta' Cooperativa DOCUMENTO DI TRASPORTO
20260421090653120	altro	GAER C/O LOGISTICA UNO - VIA COLOMBARONE SN - 290 { DESTINATARIO NUM | DATA CAUSALE DEL TRASPOR
20260421090653120	intestazione_documento	DESTINATAR 021636 Pg 1/1 16/04/2026 Vendita
20260421090653120	luogo_destinazione	001519 -078 LUOGO DI DESTINAZION
20260421090653120	altro	CONSUMER IN SRL
20260421090653120	indirizzo	COOP CONO LI -SAVONA
20260421090653120	altro	PIAZZA G. FERRE", 10 Partita IVA: 04117520967
20260421090653120	indirizzo	20025 LEGNANO CORSO RICCI, 211R
20260421090653120	indirizzo	MI T 17100. SAVONA
20260421090653120	altro	SV IT
20260421090653120	altro	ARTICOLO DESCRIZIONE DEI BENI QUANTIT
20260421090653120	altro	Merce fatturata da Consumer.in srl a Coop Consorzio Nord Ovest P.I. 04117520967 e da quest'ultima ceduta al destinatario findle.
20260421090653120	riferimento_fattura_ordine	Rif. citato in fatt. VEND 005533 del 16/04/2026
20260421090653120	riferimento_fattura_ordine	N.ro ordine 026406399 del 16/04/2026
20260421090653120	altro	e gavoNnA
20260421090653120	altro	pPUGIRIA Et O Lon
20260421090653120	altro	co0 Sede erri7100 SAY
20260421090653120	altro	. ARGA LE icch ‘
20260421090653120	altro	IHYd VTIV ISIU IVINVE cono 1 Apr 08
20260421090653120	altro	vnonvs cooosecli 2 snc
20260421090653120	altro	Stadt di | AAQUANITOI ‘2 ghe
20260421090653120	altro	DA VERiFitARE LA ianienti *>
20260421090653120	altro	QUSRA Ario CRI “ AR
20260421090653120	altro	GENE
20260421090653120	altro	DATA INIZIO TRASPO TRASPORTO AC |V|J LOGISTICA UNO EUROPE SRL
20260421090653120	altro	16/04/2026 14.27 E
20260421090653120	altro	[] VETTOR T
20260421090653120	altro	D] pestimar |"
20260421090653120	altro	TOTALE CO PESO KG VOLUME M DATA E ORA RICEZIONE | TIMBRO E FIRMA LEGGIBILE DEL DESTI
20260421090653120	altro	1 54,00 0,296
20260421090653120	altro	NOTE ORARI SCARICO 08:00 - 12:00/Lun - Mar - Mer - Gio - Ven/ NECESSARIA PRENOTAZIONE/TEL. 019-84061
20260421090653120	altro	BORDERO N. 000109201 BANCALI (IN SPEDIZIONE) 1 SPONDA IDRAULICA: Si
20260421090653120	altro	MEZZI ACCETTA  FRG - MCS - BSS i
20260421090653120	altro	ER etneo
20260421090653120	altro	N.ro Imballi PALLET LEGNO 75X75 A RENDERE: 1 TA
20260421090653120	altro	n G.A.E.R Societa' Cooperativa - GAER Ad - VIA F. SANTI, 5 - 42025 CORTE TEGGE DI
20260421090653120	altro	| Ì CAVRIAGO RE
20260421090653120	altro	rione Tel. 0522949620/30/40 - Fax 0522 494245 - Partita I. V. A. 00204390355
20260421090653120	altro	MITTENT  G.A.E.R Societa' Cooperativa DOCUMENTO DI TRASPORTO
20260421090653120	altro	GAER CENTRALE - VIA F. SANTI, 5 - 42025 CORTE TEGGE DI CA | DESTINATARIO NUMER T DATA CAUSALE DEL TRASPORTO
20260421090653120	intestazione_documento	DESTINATARI 021128 Pg 1/1 15/04/2026 Vendita
20260421090653120	luogo_destinazione	001519 - 078 LUOGO DI DESTINAZIONE
20260421090653120	altro	CONSUMER IN SRL
20260421090653120	indirizzo	COOP CCNO LI -SAVONA
20260421090653120	altro	PIAZZA G. FERRE", 10 Partita IVA: 04117520967
20260421090653120	indirizzo	20025 LEGNANO CORSO RICCI, 211R
20260421090653120	indirizzo	Mi IT 17100. SAVONA
20260421090653120	altro	Sv (aa
20260421090653120	altro	ARTICOLO DESCRIZIONE DEI BENI QUANTITA'
20260421090653120	altro	Merce fatturata da Consumer.in srl a Coop Consorzio Nord Ovest P.I. 04117520967 e da quest'ultima ceduta al destinatario finale.
20260421090653120	riferimento_fattura_ordine	Rif. citato in fatt. VEND 023510 del 15/04/2026
20260421090653120	altro	ORDINE DA TOTEM: fiore carmen
20260421090653120	riferimento_fattura_ordine	N.ro ordine 026353669 del 15/04/2026
20260421090653120	riferimento_fattura_ordine	N.ro ordine 026370646 del 15/04/2026
20260421090653120	riferimento_fattura_ordine	N.ro ordine 026396686 del 15/04/2026
20260421090653120	riferimento_fattura_ordine	N.ro ordine 026402779 del 15/04/2026
20260421090653120	altro	971763 HP AZ4HWB. MF.INKJET COL. 7.5PPM 4CART.WIFI DESKJET 2921 NERO 1
20260421090653120	riferimento_fattura_ordine	Rif. citato in fatt. VEND 023511 del 15/04/2026
20260421090653120	riferimento_fattura_ordine	N.ro ordine 026367413 del 15/04/2026
20260421090653120	altro	Nero ordine 026396834 del 15/04/2026
20260421090653120	altro	Lista di prelievo Totale n. colli
20260421090653120	altro	000016892 1
20260421090653120	altro	000016893 1
20260421090653120	altro	000018984 1
20260421090653120	indirizzo	COOP LIGURIA s.c.c. SAVONA
20260421090653120	altro	Sede Ipermercato:
20260421090653120	indirizzo	Corso Ricci, 211 r. - 17190 SA' ONA
20260421090653120	altro	DATA INIZIO TRASPOR TRASPORTO A VT LOGISTICA UNO EUROPE SRL 2 1 APR 2026
20260421090653120	altro	15/04/2026 07.58 CURA DEL È
20260421090653120	altro	CL] VETTORE T 0 DI VERIFICARE LA QUANTITA” E LA CONFORRITA'
20260421090653120	altro	[] DESTINATA {o CR ALI ARTICOLI SUCCESSIVAMENTE AL RITIRO.
20260421090653120	altro	NERE bi
20260421090653120	altro	TOTALE COL PESO KG VOLUME MC DATA E ORA RICEZIONE ME {TIMBRO E FIRMA LEGGIBILE DEL DESTINATA
20260421090653120	altro	3 109,87 0,801 € 7 UL ")
20260421090653120	altro	NOTE ORARI SCARICO 08:00 - 12:00/Lun - Mar - Mer - Gio - Ven/ NECESSARIA PRENOTAZIONE/TEL. 019-84061 /
20260421090653120	altro	BORDERO N. 000109113 BANCALI (IN SPEDIZIONE) 1 SPONDA IDRAULICA: Si
20260421090653120	altro	MEZZI ACCETTAB — FRG-MCS-BSS
20260421090653120	altro	N.ro Imballi PALLET EPAL DA RENDERE: 1
20260423103422773	altro	(C) G.A.E.R Societa' Cooperati GAER CENTRALE - VIA F. SANTI, 5 - 42025 CORTE TEGGE DI
20260423103422773	altro	CAVRIAGO RE
20260423103422773	altro	nirrrpiene Tel. 0522949620/30/40 - Fax 0522 494245 - Partita I. V. A. 0020439
20260423103422773	altro	MITTEN —G.A.E.R Societa" Cooperativa DOCUMENTO DI TRASPORTO
20260423103422773	altro	GAER CENTRALE - VIA F. SANTI. 5 - 42025 CORTE TEGGE | DOCUMENTO NUME |DATA CAUSALE DEL TRASPOR
20260423103422773	intestazione_documento	DESTINATAR 022738 Pg 1/1 | 22/04/2026 Vendita
20260423103422773	luogo_destinazione	001519 - 078 LUOGO DI DESTINAZION
20260423103422773	altro	CONSUMER IN SRL
20260423103422773	indirizzo	COOP CCNO LI -SAVONA
20260423103422773	altro	PIAZZA G. FERRE', 10 Partita IVA: 04117520967
20260423103422773	indirizzo	20025 LEGNANO CORSO RICCI, 211R
20260423103422773	indirizzo	MI IT 17100 SAVONA
20260423103422773	altro	SV IT
20260423103422773	altro	ARTICOLO DESCRIZIONE DEI BENI QUANTIT
20260423103422773	altro	Merce fatturata da Consumer.in sa Coop Consorzio Nord Ovest P.I. 04117520967 e da quest'ultima ceduta al destinatario findle.
20260423103422773	riferimento_fattura_ordine	Rif. citato in fatt. VEND 025398 del 22/04/2026
20260423103422773	riferimento_fattura_ordine	N.ro ordine 026414402 del 22/04/2026
20260423103422773	altro	Lista di prelievo Totale n. colli
20260423103422773	altro	000027168 1
20260423103422773	indirizzo	COOP LIGURIA s.c.c. SAVONA
20260423103422773	altro	Sede Ipermercato
20260423103422773	indirizzo	Corso Ricci, 211 r. - 17100 SAVONA
20260423103422773	altro	23 APR 2026
20260423103422773	altro	Gi riserviamo di verificare le quantità e la
20260423103422773	altro	conformità degli articoli suecessivamente allrifiro.
20260423103422773	altro	DATA INIZIO TRASPO TRASPORTO AC |VIGLs ENTERPRISE SRL
20260423103422773	altro	22/04/2028 14.36 E
20260423103422773	altro	MITTENT {JT
20260423103422773	altro	CI cestinat |T
20260423103422773	altro	TOTALE CO PESO KG VOLUME M DATA E ORA RICEZIONE |TIMBRO E FIRMA LEGGIBILE DEL DESTI
20260423103422773	altro	1 6,22 0,011 4
20260423103422773	altro	NOTE ORARI SCARICO 08:00 - 12:00/Lun - Mar - Mer - Gio - Ven/ (NECESSARIA PRENOTAZIONE/TEL. 019-84061
20260423103422773	altro	SPONDA IDRAULICAg Si
20260423103422773	altro	MEZZI ACCETTA  FRG- MCS-BSS n
20260423103422773	altro	tirenà - ;
20260423103422773	altro	i
20260424102108598	altro	G.A.E.R Societa' Cooperati GAER CENTRALE - VIA F. SANTI, 5 - 42025 CORTE TEGGE DI
20260424102108598	altro	CAVRIAGO RE
20260424102108598	altro	Dcerzmed Tel. 0522949620/30/40 - Fax 0522 494245 - Partita 1. V. A. 0020439
20260424102108598	altro	MITTEN G.A.E.R Societa' Cooperativa DOCUMENTO DI TRASPORTO
20260424102108598	altro	GAER CENTRALE - VIA F. SANTI. 5 - 42025 CORTE TEGGE | DESTINATARIO NUM CAUSALE DEL TRASPOR
20260424102108598	altro	Vendi
20260424102108598	intestazione_documento	DESTINATAR 022266 Pg 1/1 21/04/2026 ‘endita
20260424102108598	luogo_destinazione	001519 - 078 LUOGO DI DESTINAZION
20260424102108598	altro	CONSUMER IN SRL
20260424102108598	indirizzo	COOP CCNO LI -SAVONA
20260424102108598	altro	PIAZZA G. FERRE”, 10 Partita VA: ‘04117520967. .
20260424102108598	indirizzo	20025 LEGNANO . CORSO RICCI, 21 TR i Dl
20260424102108598	indirizzo	MI IT > 7 ([ 17100 SAVONA
20260424102108598	altro	SV IT
20260424102108598	altro	ARTICOLO DESCRIZIONE DEI BENI QUANTIT
20260424102108598	altro	Merce fatturata da Consumer.in srl a Coop Consorzio Nord Ovest P.I. 04117520967 e da quest'ultima ceduta al destinatario findle.
20260424102108598	riferimento_fattura_ordine	Rif. citato in fatt. VEND 024800 del 21/04/2026 -
20260424102108598	riferimento_fattura_ordine	N.ro ordine 026439252 del 21/04/2026
20260424102108598	riferimento_fattura_ordine	Rif. citato in fatt. VEND 024801 del 21/04/2026
20260424102108598	riferimento_fattura_ordine	N.ro ordine 026437875 del 21/04/2026
20260424102108598	altro	Lista di prelievo .- Totale n. colli
20260424102108598	altro	: — 000025333 1
20260424102108598	indirizzo	COOP LIGURIA s.c.c, SAVONA
20260424102108598	altro	Ri Sede [permercato
20260424102108598	indirizzo	Corso Ricci, 211 n.° 17700 SAVONA
20260424102108598	altro	APR 2026 i
20260424102108598	altro	Ci riservi E verifi
20260424102108598	altro	riservi pro di verificare le quantità e fa
20260424102108598	altro	| degli crficoli successivamente cl ir,
20260424102108598	altro	DATA INIZIO TRASPO TFASPORTO AG |VIGLS ENTERPRISE SRL
20260424102108598	altro	21/04/2026 08.13 : El :
20260424102108598	altro	. [] VETTOR T
20260424102108598	altro	DI pestinat |" . O
20260424102108598	altro	TOTALE CO PESO KG VOLUME M DATA E ORA RICEZIONE |TIMBRO È FIRMA LEGGIBILE DEL DESTI
20260424102108598	altro	1 4,12 0,005 . °
20260424102108598	altro	NOTE ORARI SCARICO 08:00 - 12:00/Lun- Mar - Mer - Gio - Ven/ NECESSARIA PRENOTAZIONE/TEL, 019-84061
20260424102108598	altro	SPONDA IDRAULICA: Si
20260424102108598	altro	MEZZI ACCETTA  FRG- MCS - BSS
20260424102119373	altro	È G.A.E.R Societa' Cooperati GAER CENTRALE - VIA F. SANTI, 5 - 42025 CORTE TEGGE DI
20260424102119373	altro	CAVRIAGO RE
20260424102119373	altro	corriere Tel. 0522949620/30/40 - Fax 0522 494245 - Partita |. V. A. 0020439
20260424102119373	altro	MITTEN G.A.E.R Societa' Cooperativa DOCUMENTO DI TRASPORTO
20260424102119373	altro	GAER CENTRALE - VIA F. SANTI. 5 - 42025 CORTE TEGGE | DESTINATARIO NUM CAUSALE DEL TRASPOR
20260424102119373	intestazione_documento	DESTINATAR 022250 Pg 1/1 21/04/2026 Vendita
20260424102119373	luogo_destinazione	001519 - 078 LUOGO DI DESTINAZION
20260424102119373	altro	CONSUMER IN SRL
20260424102119373	indirizzo	COOP CONO LI -SAVONA
20260424102119373	altro	PIAZZA G. FERRE", 10 Partita IVA: > 04117520967.
20260424102119373	indirizzo	20025 LEGNANO | CORSO RICCI, 211R 0
20260424102119373	indirizzo	“TM T 7] 17100. SAVONA
20260424102119373	altro	SV. IT, .
20260424102119373	altro	ARTICOLO DESCRIZIONE DEI BENI QUANTIT
20260424102119373	altro	Merce fatturata da Consumer.in srl a Coop Consorzio Nord Ovest P.I. 04117520967 e da quest'ultima ceduta al destinatario findie.
20260424102119373	riferimento_fattura_ordine	Rif. citato in fatt. VEND , 024784 del 21/04/2026
20260424102119373	riferimento_fattura_ordine	N.ro ordine 026414611 del 21/04/2026
20260424102119373	altro	978536 VvW.  MFYN4QLAEU2 IPHONE Î7 PRO MAX 256GB COSMIC ORANGE 5
20260424102119373	altro	i Lista di prelievo Totale n. colli
20260424102119373	altro	000024349 1
20260424102119373	indirizzo	. COOP LIGURIA s.c.c. SAVONA
20260424102119373	altro	Sede [peimercato
20260424102119373	indirizzo	Corso Ricci, 211. 17100 SAVONA
20260424102119373	altro	25 APR 2026
20260424102119373	altro	Gi riserviamo di verititare le quantità e la
20260424102119373	altro	conformità degli articoli successivamente al ritiro.
20260424102119373	altro	DATA INIZIO TRASPO È TRASPORTO AC IVIGLS ENTERPRISE SRL
20260424102119373	altro	21/04/2026 07.28 i E n
20260424102119373	altro	[I vETTOR T .
20260424102119373	altro	DI vestinat | . E
20260424102119373	altro	TOTALE CO PESO KG VOLUME M DATA E ORA RICEZIONE |TIMBRO E FIRMA LEGGIBILE DEL DESTI
20260424102119373	altro	1 5,11 0,006 .
20260424102119373	altro	NOTE ORARI SCARICO 08:00 - 12:00/Lun - Mar - Mer - Gio - Ven/ NECESSARIA PRENOTAZIONE/TEL. 019-84061
20260424102119373	altro	SPONDA IDRAULICA: Si
20260424102119373	altro	MEZZI ACCETTA  FRG - MCS - BSS
20260424103813328	altro	G.A.E.R Societa' Cooperati GAER C/O LOGISTICA UNO - VIA COLOMBARONE SN - 29010
20260424103813328	altro	° f MONTICELLI D'ONGINA PC
20260424103813328	altro	cinzia Tel. 0522949620/30/40 - Fax 0522 494245 - Partita I. V. A. 0020439
20260424103813328	altro	MITTEN G.A.E.R Societa' Cooperativa DOCUMENTO DI TRASPORTO
20260424103813328	altro	GAER C/O LOGISTICA UNO - VIA COLOMBARONE SN - 290 | DOCUMENTO NUME DATA CAUSALE DEL TRASPOR
20260424103813328	intestazione_documento	DESTINATAR 023101 Pg 1/1 23/04/2026 Vendita
20260424103813328	luogo_destinazione	001519 -078 LUOGO DI DESTINAZION
20260424103813328	altro	CONSUMER IN SRL
20260424103813328	indirizzo	COOP CONO LI -SAVONA
20260424103813328	altro	PIAZZA G. FERRE', 10 Partita IVA: | 04117520967
20260424103813328	indirizzo	20025 LEGNANO CORSO RICCI, 211R TU.
20260424103813328	indirizzo	MI IT x 17100. SAVONA i
20260424103813328	altro	i SV
20260424103813328	altro	ARTICOLO DESCRIZIONE DEI BENI QUANTIT
20260424103813328	altro	Merce fatturata da Consumer.In srl a Coop Consorzio Nord Ovest P.I. 04117520967 eda quest'ultima ceduta al destinatario findle.
20260424103813328	riferimento_fattura_ordine	Rif. citato in fatt. VEND —‘ 005856 del 23/04/2026
20260424103813328	riferimento_fattura_ordine	N.ro ordine 026414404 del 23/04/2026
20260424103813328	indirizzo	COOP LIGURIA s.c.c. SAVONA
20260424103813328	altro	Sede (permercafo:
20260424103813328	indirizzo	Corso Ricci, 21) r.« 17700 SAYONA
20260424103813328	altro	DADAPR 2926
20260424103813328	altro	CI RISERVIAMO DI VERIZICARE LA QUANZIZR: ELA Ù
20260424103813328	altro	SIA rg
20260424103813328	altro	* GENERI VARI
20260424103813328	altro	DATA INIZIO TRASPO . TRASPORTO A C |V{ LOGISTICA UNO EUROPE SRL
20260424103813328	altro	23/04/2026 15.49 JE - °
20260424103813328	altro	° MITTENT  {Tf
20260424103813328	altro	1] vestinar |" ì
20260424103813328	altro	TOTALE CO PESO KG VOLUME M DATA E ORA RICEZIONE | TIMBRO E FIRMA LEGGIBILE DEL DESTI
20260424103813328	altro	8 247,80 2,843 °
20260424103813328	altro	NOTE. ORARI SCARICO 08:00 - 12:00/Lun - Mar - Mer - Gio - Ven/ NECESSARIA PRENOTAZIONE/TEL. 019-84061
20260424103813328	altro	BORDERO N. 000109442 BANCALI (IN SPEDIZIONE) 3 SPONDA IDRAULICA: Si
20260424103813328	altro	MEZZI ACCETTA  FRG-MCS -BSS .
20260424103813328	altro	N.ro Imballi PALLET EPAL DA RENDERE: 2 - PALLET LEGNO 75X75 A RENDERE: 1
20260424103813328	altro	___
20260424103813328	altro	»° G.A.E.R Societa' Cooperativa - GAER CENTRALE - VIA F. SANTI, 5 - 42025 CORTE TEGGE DI
20260424103813328	altro	i CAVRIAGO RE
20260424103813328	altro	reti nona Tel. 0522949620/30/40 - Fax 0522 494245 - Partita 1. V. A. 00204390355
20260424103813328	altro	MITTENT  G.A.E.R Societa" Cooperativa DOCUMENTO DI TRASPORTO
20260424103813328	altro	GAER CENTRALE - VIA F. SANTI, 5 - 42025 CORTE TEGGE DICA | DESTINATARIO NUMER DATA CAUSALE DEI. TRASPORTO
20260424103813328	intestazione_documento	022475 Pg 1/1 21/04/2026 Vendita
20260424103813328	altro	DESTINATARI
20260424103813328	luogo_destinazione	001519 - 078 LUOGO DI DESTINAZIONE
20260424103813328	altro	CONSUMER IN SRL
20260424103813328	indirizzo	COOP CONO LI -SAVONA
20260424103813328	altro	PIAZZA G. FERRE, 10 Partita IVA: . 04117520967
20260424103813328	indirizzo	20025 LEGNANO CORSO RICCI, 211R ST
20260424103813328	indirizzo	MI - IT 2 17100 SAVONA °
20260424103813328	altro	2 SV IT .
20260424103813328	altro	DESCRIZIONE DEI BENI QUANTITA'
20260424103813328	altro	Merce fatiurata da Consumer.In ‘srl a Coop Consorzio Nord Ovest P.I. 04117520967 e da quest'ultima ceduta al destinatario finale.
20260424103813328	riferimento_fattura_ordine	Rif. citato in fatt. VEND ‘025049 ° del 21/04/2026
20260424103813328	altro	Nero ordine 026414686 del 21/04/2026
20260424103813328	riferimento_fattura_ordine	N.ro ordine 026414694 del 21/04/2026
20260424103813328	riferimento_fattura_ordine	N.ro ordine 026414744 del 21/04/2026
20260424103813328	riferimento_fattura_ordine	N.ro ordine 026414763 del 21/04/2026
20260424103813328	riferimento_fattura_ordine	Rif. citato ‘in fatt. VEND 025050 del 21/04/2026
20260424103813328	altro	Naro ordine 026439230 del 21/04/2026
20260424103813328	altro	Lista di prelievo Totale n. colli
20260424103813328	altro	000024352 1
20260424103813328	altro	000024353 1
20260424103813328	altro	000025663 : i)
20260424103813328	indirizzo	n : COOP LIGURIA s.c.c. SAVONA
20260424103813328	altro	x Se de; ipermercoto:
20260424103813328	indirizzo	DATA INIZIO TRASPOR TT TRASPORTOA. |VÎLOGISTICA UNO EUROPE SRL O vii UO SAVONA
20260424103813328	altro	21/04/2026 14.42 CURA DEL E “o
20260424103813328	altro	rq verrore  |I su APR 2026
20260424103813328	altro	[CT] DESTINATA [0 . a RISERUANODI SERIFICARELA quanta 1a corone
20260424103813328	altro	TOTALE COL PESO KG VOLUME MC DATA E ORA RICEZIONE ME TIMBRSEEIRNA AEGGIgILE DEL DESTINATA
20260424103813328	altro	3 83,49 0,533 °
20260424103813328	altro	NOTE ORARI SCARICO 08:00 - 12:00/Lun - Mar - Mer - Gio - Ven/ [NECESSARIA PRENOTAZIONE/TEL. 019-84061
20260424103813328	altro	BORDERO N. 000109350 BANCALI (IN SPEDIZIONE) 1 SPONDA IDRAULICA: Si
20260424103813328	altro	MEZZI ACCETTAB  FRG-MCS-BSS
20260424103813328	altro	N.ro Imballi PALLET EPAL DA RENDERE: 1 . :
20260424103813328	altro	G.A.E.R Societa' Cooperati GAER C/O LOGISTICA UNO - VIA COLOMBARONE SN - 29010
20260424103813328	altro	d } MONTICELLI D'ONGINA PC
20260424103813328	altro	cimzeoni Tel. 0522949620/30/40 - Fax 0522 494245 - Partita I. V. A. 0020439
20260424103813328	altro	MITTEN GA.E.R Societa' Cooperativa DOCUMENTO DI TRASPORTO
20260424103813328	altro	GAER C/O LOGISTICA UNO - VIA COLOMBARONE SN - 290 DESTINATARIO NUM | DATA CAUSALE DEL TRASPOR
20260424103813328	intestazione_documento	DESTINATAR 022455 Pg 1/1 21/04/2026 Vendita
20260424103813328	luogo_destinazione	001519 - 078 LUOGO DI DESTINAZION
20260424103813328	altro	CONSUMER IN SRL
20260424103813328	indirizzo	COOP CCNO LI -SAVONA
20260424103813328	altro	PIAZZA G. FERRE”, 10 Partita IVA: | 04117520967
20260424103813328	indirizzo	20025 LEGNANO CORSO RICCI, 211R E:
20260424103813328	indirizzo	MI T 2 17100 SAVONA
20260424103813328	altro	” SV. iT
20260424103813328	altro	ARTICOLO DESCRIZIONE DEI BENI QUANTIT
20260424103813328	altro	Merce fatturata da Consumer.In sri a Coop Consorzio Nord Ovest P.I. 041 17520967 e da quest'ultima ceduta al destinatario fina
20260424103813328	riferimento_fattura_ordine	Rif. citato in fatt. VEND ‘005726 del 21/04/2026
20260424103813328	riferimento_fattura_ordine	N.ro ordine 026401227 del 21/04/2026
20260424103813328	riferimento_fattura_ordine	N.ro ordine 026414762 del 21/04/2026
20260424103813328	altro	Niro ordine 026436347 del 21/04/2026
20260424103813328	indirizzo	P UGURIA 5.0.f- SAVONA
20260424103813328	altro	cooP? uh de iperi ercato:
20260424103813328	indirizzo	Sede 2" ]17100 SAVONA
20260424103813328	altro	Corso Rice (INR
20260424103813328	altro	i 2h PR 208
20260424103813328	altro	eva Quanta” Era CONFORMITA
20260424103813328	altro	cuRiseRiamo DI pote AUETTE Ri RITIRO.
20260424103813328	altro	VAT NERI VARI
20260424103813328	altro	GENER
20260424103813328	altro	DATA INIZIO TRASPO TRASPORTO AC | VTLOGISTICA UNO EUROPE SRL
20260424103813328	altro	21/04/2026 14.39 . E i 7
20260424103813328	altro	[0] vETTOR T
20260424103813328	altro	[i cestinat | se
20260424103813328	altro	TOTALE CO PESO KG VOLUME M DATA E ORA RICEZIONE |TIMBRO E FIRMA LEGGIBILE DEL DESTI
20260424103813328	altro	19 375,50 3,433
20260424103813328	altro	NOTE. ORARI SCARICO 08:00 - 12:00/Lun - Mar - Mer - Gio -Ven/ NECESSARIA PRENOTAZIONE/TEL. 019-84061
20260424103813328	altro	BORDERO N. 000109349 BANCALI (IN SPEDIZIONE) 4 SPONDA IDRAULICA: Si
20260424103813328	altro	MEZZI ACCETTA  FRG - MCS - BSS
20260424103813328	altro	No Imballi PALLET EPAL DA RENDERE: 4 .
20260428102719884	altro	C) G.A.E.R Societa' Cooperati GAER CENTRALE - VIA F. SANTI, 5 - 42025 CORTE TEGGE DI
20260428102719884	altro	CAVRIAGO RE
20260428102719884	altro	seine Tel, 0522949620/30/40 - Fax 0522 494245 - Partita 1. V. A. 0020439
20260428102719884	altro	MITTEN G.A.E.R Societa' Cooperativa DOCUMENTO DI TRASPORTO
20260428102719884	altro	GAER CENTRALE - VIA F. SANTI. 5 - 42025 CORTE TEGGE DOCUMENTO NUME |DATA CAUSALE DEL TRASPOR
20260428102719884	intestazione_documento	DESTINATAR 023620 Pg 1/1 27/04/2026 Vendita
20260428102719884	luogo_destinazione	001519-078 LUOGO DI DESTINAZION
20260428102719884	altro	CONSUMER IN SRL
20260428102719884	indirizzo	COOP CONO LI -SAVONA
20260428102719884	altro	PIAZZA G. FERRE', 10 Partita IVA: 04117520967
20260428102719884	indirizzo	20025 LEGNANO CORSO RICCI, 211R
20260428102719884	indirizzo	MI IT 17100. SAVONA
20260428102719884	altro	SV IT
20260428102719884	altro	ARTICOLO DESCRIZIONE DEI BENI QUANTIT
20260428102719884	altro	Merce fatturata da Consumer.In srl a Coop Consorzio Nord Ovest P.I. 04117520967 e da quest'ultima ceduta al destinatario findie.
20260428102719884	riferimento_fattura_ordine	Rif. citato in fatt. VEND 026381 del 27/04/2026
20260428102719884	riferimento_fattura_ordine	N.ro ordine 026414611 del 27/04/2026
20260428102719884	altro	Lista di prelievo Totale n. colli
20260428102719884	altro	000031501 1
20260428102719884	indirizzo	COOP LIGURIA i.c.c, SAVONA -
20260428102719884	altro	Corso Ri Sed a ercato
20260428102719884	indirizzo	à ioci, 271 } 17100 SAVONA
20260428102719884	altro	I
20260428102719884	altro	2 8\APR 2026
20260428102719884	altro	Ci riserviamo di pri
20260428102719884	altro	+ ificare le quantità e la
20260428102719884	altro	conformità degli i successivamente al rifiro,
20260428102719884	altro	DATA INIZIO TRASPO TRASPORTO A C |VIGLS ENTERPRISE SRL
20260428102719884	altro	27/04/2028 11.24 E .
20260428102719884	altro	MITTENT |T
20260428102719884	altro	CD] pestinaT |
20260428102719884	altro	TOTALE CO PESO KG VOLUME M DATA E ORA RICEZIONE | TIMBRO E FIRMA LEGGIBILE DEL DESTI
20260428102719884	altro	1 3,97 0,009
20260428102719884	altro	NOTE ORARI SCARICO 08:00 - 12:00/Lun - Mar - Mer - Gio - Ven/ NECESSARIA PRENOTAZIONE/TEL. 01 9-84061
20260428102719884	altro	. SPONDA IDRAULICA: Si
20260428102719884	altro	MEZZI ACCETTA  FRG - MCS - BSS
20260429103558254	documento_senza_righe_articolo	(148 righe, layout non gestito)
20260430090755742	altro	G.A.E.R Societa' Cooperativa - GAER CENTRALE - VIA F. SANTI, 5 - 42025 CORTE TEGGE DI
20260430090755742	altro	\ . CAVRIAGO RE
20260430090755742	altro	Pn Tel. 0522949620/30/40 - Fax 0522 494245 - Partita I. V. A. 00204390355 . .
20260430090755742	altro	MITTENT  G.A.E.R Societa' Cooperativa ° DOCUMENTO DI TRASPORTO
20260430090755742	altro	GAER CENTRALE - VIA F. SANTI, 5 - 42025 CORTE TEGGE DI CA | DOCUMENTO NUMERO | DATA CAUSALE DEL TRASPORTO
20260430090755742	intestazione_documento	DESTINATARI j 022946 Pg 1/1 23/04/2026 Vendita
20260430090755742	luogo_destinazione	001519 - 078 LUOGO DI DESTINAZIONE
20260430090755742	altro	CONSUMER IN SRL
20260430090755742	indirizzo	COOP CONO LI -SAVONA
20260430090755742	altro	PIAZZA G. FERRE", 10 Partita IVA: 04117520967
20260430090755742	indirizzo	20025 LEGNANO CORSO RICCI, 211R
20260430090755742	indirizzo	MI IT o ° 17100 SAVONA
20260430090755742	altro	i SV IT
20260430090755742	altro	ARTICOLO ui DESCRIZIONE DEI BENI . QUANTITA'
20260430090755742	altro	Merce fatturata da Consumer.in srl a Coop Consorzio Nord Ovest P.I. 04117520967 e da quest'ultima ceduta al destinatario finale.
20260430090755742	riferimento_fattura_ordine	Rif. citato in fatt. VEND 025616 del 23/04/2026
20260430090755742	riferimento_fattura_ordine	N.ro ordine 026414402 del 23/04/2026
20260430090755742	riferimento_fattura_ordine	N.ro ordine 026414744 del 23/04/2026
20260430090755742	riferimento_fattura_ordine	N.ro ordine 026439296 del 23/04/2026
20260430090755742	altro	Lista di prelievo Totale n. colli
20260430090755742	altro	000029109 1
20260430090755742	altro	. SALA
20260430090755742	altro	DI do RIA 5.0.0. SAVIOTIA
20260430090755742	altro	sta COOP LIGURIA s.c.
20260430090755742	indirizzo	[o =99 e) SAVONA Sede Ipermercato:
20260430090755742	altro	y Nre Rieci + 17100 SAVOIA
20260430090755742	indirizzo	BANCALI RESI ALLA PARI Corso Ricci, 211 r.- 17
20260430090755742	altro	MO DI VERIFICARE LA QUANTITA ELA ° nia
20260430090755742	altro	. î Ti SRIICatI SICCESSIVAMENTE AB
20260430090755742	altro	- GENERI VARI
20260430090755742	altro	DATA INIZIO TRASPOR TRASPORTO A V LOGISTICA UNO EUROPE SRL
20260430090755742	altro	23/04/2026 12.27 CURA DEL: E
20260430090755742	altro	MITTENTE ÎT
20260430090755742	altro	C] pesTINATA jo] ;
20260430090755742	altro	TOTALE COL PESO KG j VOLUME MC DATA E ORA RICEZIONE ME | TIMBRO E FIRMA LEGGIBILE DEL DESTINATA
20260430090755742	altro	1 171,69 1,399
20260430090755742	altro	NOTE. ORARI SCARICO 08:00 - 12:00/Lun - Mar - Mer - Gio - Ven/ NECESSARIA PRENOTAZIONE/TEL. 019-84061
20260430090755742	altro	f
20260430090755742	altro	Ù .
20260430090755742	altro	BORDERO N. 000109425 BANCALI (IN SPEDIZIONE) 1 SPONDA IDRAULICA: Si
20260430090755742	altro	MEZZI ACCETTAB  FRG-MCS-BSS Vil )
20260430090755742	altro	N.ro Imballi PALLET EPAL DA RENDERE: 1 da
20260504075030214	altro	” dA,
20260504075030214	altro	| G.A.E.R Societa' Cooperati GAER C/O LOGISTICA UNO - VIA COLOMBARONE SN - 29010
20260504075030214	altro	LI f MONTICELLI D'ONGINA PC
20260504075030214	altro	einen : Tel. 0522949620/30/40 - Fax 0522 494245 - Partita I. V.A. 0020439. x
20260504075030214	altro	MITTEN —G.A.E.R Societa' Cooperativa DOCUMENTO DI TRASPORTO
20260504075030214	altro	GAER C/O LOGISTICA UNO - VIA COLOMBARONE SN - 290 | DOCUMENTO NUME | DATA CAUSALE DEL TRASPOR
20260504075030214	intestazione_documento	DESTINATAR 7 024007 Pg 1/1 28/04/2026 Vendita
20260504075030214	luogo_destinazione	001519-078 LUOGO DI DESTINAZION
20260504075030214	altro	CONSUMER IN SRL
20260504075030214	indirizzo	COOP CONO LI -SAVONA
20260504075030214	altro	PIAZZA G. FERRE", 10 Partita IVA: 04117520967
20260504075030214	indirizzo	20025 LEGNANO . CORSO RICCI, 211R
20260504075030214	indirizzo	MI IT i 17100. SAVONA
20260504075030214	altro	: SV Im
20260504075030214	altro	ARTICOLO È DESCRIZIONE DEI BENI QUANTIT
20260504075030214	altro	Merce fatturata da Consumer.In srl a Coop Consorzio Nord Ovest P.I. 04117520967 e da quest'ultima ceduta al destinatario findie.
20260504075030214	riferimento_fattura_ordine	Rif. citato in fatt. VEND 006058 del 28/04/2026
20260504075030214	altro	ORDINE DA TOTEM: sig.ra neri mary
20260504075030214	riferimento_fattura_ordine	N.ro ordine 026460073 dei 28/04/2026 i
20260504075030214	riferimento_fattura_ordine	Rif. citato in fatt. VEND 006059 del 28/04/2026
20260504075030214	riferimento_fattura_ordine	N.ro ordine 026452590 del 28/04/2026
20260504075030214	riferimento_fattura_ordine	N.ro ordine 026457837 del 28/04/2026
20260504075030214	altro	recba on “i
20260504075030214	altro	erre À .
20260504075030214	indirizzo	Frei ces pupPf COOP LIGURIA s.c.0, SAVONA
20260504075030214	altro	a suli) ia . Sede ipermercalo:
20260504075030214	indirizzo	RS È do) Corso Ricci, 211 -.- 17100 SAVONA
20260504075030214	altro	4 MAG 2826
20260504075030214	altro	0 CI RISERVIAMO DI VERIFICARE LI iUasi SITA ELA CONFORIIVA”
20260504075030214	altro	DEGLI ARTICOLI SUCCESSIVAMENTE SE RITIRO.
20260504075030214	altro	GENERI VARI
20260504075030214	altro	: ul
20260504075030214	altro	DATA INIZIO TRASPO TRASPORTO A C |VTLOGISTICA UNO EUROPE SRL:
20260504075030214	altro	28/04/2026 18.48 El; :
20260504075030214	altro	: MITTENT _|Tf: i
20260504075030214	altro	DI cesrinat |T} È ;
20260504075030214	altro	TOTALE CO PESO KG © VOLUMEM DATA E ORA RICEZIONE | TIMBRO E FIRMA LEGGIBILE DEL DESTI
20260504075030214	altro	12 395,00 2,946
20260504075030214	altro	NOTE ORARI SCARICO 08:00 - 12:00/Lun - Mar - Mer - Gio - Ven/ NECESSARIA PRENOTAZIONE/TEL. Ù 9-84061
20260504075030214	altro	BORDERO N. 000109582 BANCALI (IN SPEDIZIONE) 3 sPONDAIORALLICA: Si
20260504075030214	altro	MEZZI ACCETTA — FRG- MCS - BSS 7 = ;
20260504075030214	altro	N.ro Imballi PALLET EPAL DA RENDERE: 3 È
20260505105618321	altro	o G.A.E.R Societa' Cooperati GAER CENTRALE - VIA F. SANTI, 5 - 42025 CORTE TEGGE DI
20260505105618321	altro	CAVRIAGO RE
20260505105618321	altro	ine Tel. 0522949620/30/40 - Fax 0522 494245 - Partita I. V. A. 0020439
20260505105618321	altro	MITTEN G.A.E.R Societa' Cooperativa DOCUMENTO DI TRASPORTO
20260505105618321	altro	GAER CENTRALE - VIA F. SANTI. 5 - 42025 CORTE TEGGE| DOCUMENTO NUME | DATA CAUSALE DEL TRASPOR
20260505105618321	intestazione_documento	DESTINATAR 024870 Pg 1/1 } 04/05/2026 Vendita
20260505105618321	luogo_destinazione	001519 - 078 LUOGO DI DESTINAZION
20260505105618321	altro	CONSUMER IN SRL
20260505105618321	indirizzo	COOP CCNO LI -SAVONA
20260505105618321	altro	PIAZZA G. FERRE', 10 Partita IVA: 04117520967
20260505105618321	indirizzo	20025 LEGNANO CORSO RICCI, 211R
20260505105618321	indirizzo	MI IT 17100 SAVONA
20260505105618321	altro	SV IT
20260505105618321	altro	ARTICOLO DESCRIZIONE DEI BENI
20260505105618321	altro	Merce fatturata da Consumer.In srl a Coop Consorzio Nord Ovest P.I 041 17520967 e da quest'ultima ceduta al destinatario findle.
20260505105618321	riferimento_fattura_ordine	Rif. citato in fatt. VEND 027664 del 04/05/2026
20260505105618321	riferimento_fattura_ordine	N.ro ordine 026484977 del 04/05/2026
20260505105618321	riferimento_fattura_ordine	N.ro ordine 026488018 del 04/05/2026
20260505105618321	altro	Lista di prelievo Totale n. colli
20260505105618321	altro	000037211 1
20260505105618321	indirizzo	COOP LIGURIA s.c.c, SAVONA
20260505105618321	altro	Corso Ri Sede Ipermercato
20260505105618321	indirizzo	È ieci, 211 r. - 17100 SAVONA
20260505105618321	altro	- 5 MAG 2028
20260505105618321	altro	Gi riserviamo di verifi .
20260505105618321	altro	. î cara LI quantità è la
20260505105618321	altro	conformità degli aiol successivamente al rifiro,
20260505105618321	altro	DATA INIZIO TRASPO TRASPORTO A C |VÎGLS ENTERPRISE SRL
20260505105618321	altro	04/05/2026 15.07 E
20260505105618321	altro	MITTENT u di
20260505105618321	altro	TC] DESTINAT |
20260505105618321	altro	TOTALE CO PESO KG VOLUME M DATA E ORA RICEZIONE |TIMBRO E FIRMA LEGGIBILE DEL DESTI
20260505105618321	altro	1 7,77 0,015 eil)
20260505105618321	altro	NOTE ORARI SCARICO 08:00 - 12:00/Lun - Mar - Mer - Gio - Ven/ [NECESSARIA PRENOTAZIONE/TEL. ot$-8408
20260505105618321	altro	SPONDA IDRAULICA: Si
20260505105618321	altro	MEZZI ACCETTA  FRG- MCS- BSS
20260506103610151	altro	G.A.E.R Societa' Cooperati GAER CENTRALE - VIA F. SANTI, 5 - 42025 CORTE TEGGE DI
20260506103610151	altro	CAVRIAGO RE
20260506103610151	altro	Iencinzeni Tel. 0522949620/30/40 - Fax 0522 494245 - Partita |. V. A. 0020439
20260506103610151	altro	MITTEN G.A.E.R Societa' Cooperativa DOCUMENTO DI TRASPORTO
20260506103610151	altro	GAER CENTRALE - VIA F. SANTI. 5 - 42025 CORTE TEGGE | DOCUMENTO NUME | DATA CAUSALE DEL TRASPOR
20260506103610151	intestazione_documento	DESTINATAR 024953 Pg 1/1 05/05/2026 Vendita
20260506103610151	luogo_destinazione	001519-078 LUOGO DI DESTINAZION
20260506103610151	altro	CONSUMER IN SRL
20260506103610151	indirizzo	COOP CONO LI -SAVONA
20260506103610151	altro	PIAZZA G. FERRE’, 10 Partita IVA: 04117520967
20260506103610151	indirizzo	20025 = LEGNANO CORSO RICCI, 211R :
20260506103610151	indirizzo	MI IT 17100. SAVONA
20260506103610151	altro	SV IT
20260506103610151	altro	ARTICOLO DESCRIZIONE DEI BENI QUANTIT
20260506103610151	altro	Merce fatturata da Consumer.in sri a Coop Consorzio Nord Ovest P.I. 04117520967 e da quest'ultima ceduta al destinatario findle.
20260506103610151	riferimento_fattura_ordine	Rif. citato in fatt. VEND 027754 del 05/05/2026
20260506103610151	riferimento_fattura_ordine	N.ro ordine 026414611 del 05/05/2026
20260506103610151	altro	Lista di prelievo Totale n. colli
20260506103610151	altro	000038276 1
20260506103610151	indirizzo	COOP LIGURIA s.c.c. SAVONA
20260506103610151	altro	Sede Ipermercato
20260506103610151	indirizzo	Corso Ricci, DIA 17100 SAVONA
20260506103610151	altro	* 6 MAG 2026
20260506103610151	altro	G tiserviamo di verificare le quantità o,
20260506103610151	altro	conformità degli articoli successivamente al ritiro.
20260506103610151	altro	DATA INIZIO TRASPO TRASPORTO AC |V{GLS ENTERPRISE SRL °
20260506103610151	altro	05/05/2026 07.29 E
20260506103610151	altro	MITTENT T
20260506103610151	altro	C] vestinat |" l
20260506103610151	altro	TOTALE CO PESO KG VOLUME M DATA E ORA RICEZIONE | TIMBRO E FIRMA LEGGIBILE DEL DESTI
20260506103610151	altro	1 0,60 0,001
20260506103610151	altro	NOTE ORARI SCARICO 08:00 - 12:00/Lun - Mar - Mer - Gio - Ven/ (NECESSARIA PRENOTAZIONE/TEL. 019-84061
20260506103610151	altro	I; _
20260506103610151	altro	) : e SÎ
20260506103610151	altro	SPONDA RAULICA: _—-
20260506103610151	altro	MEZZI ACCETTA  FRG- MCS - BSS II fe
20260506103610151	altro	aaa TI
20260506103610151	altro	s
20260506103610151	altro	GALA
20260506103610151	altro	Documento di Trasporto
20260506103610151	altro	Numero GAER:0000000427 _||Data 05.05.2026] | Destinatario-:merce. 133539
20260506103610151	indirizzo	Causale Trasporto VENDITA COOP LIGURIA IPERCOOP SAVONA
20260506103610151	indirizzo	Ns. doc. consegna 322703217 / 04.05.2026 CORSO RICCI-C.C.LE IL GABBIANO 211 R
20260506103610151	indirizzo	Agente 158 MASTERS 2 SAS di Pom 1-17100 SAVONA SV
20260506103610151	altro	Incoterm FR Porto FRANCO
20260506103610151	altro	Intestatario Fattura (Sede legale) È 2814| Committente 275271:
20260506103610151	altro	G.A.E.R.SOC.COOP.ARL CONSUMER IN s.r.l. (cno)
20260506103610151	altro	VIA F. SANTI Léc. CORTE TEGGE 5 PIAZZA GIANFRANCO FERRE' 10
20260506103610151	indirizzo	142025 CAVRIAGO RE 1-20025 LEGNANO MI
20260506103610151	altro	Merce spedita in nome e per conto dell'Intestatario fattura
20260506103610151	altro	Vs. Rif. n° P10 CNO dei 04.05.2026
20260506103610151	altro	Ne. Rif. n° 312463224 del 04.05.2026
20260506103610151	altro	BTWAVYCAPSULETWSK AURICOLARE BT TWS WAVYCAPSULE UNIV. CL 5 PZ
20260506103610151	altro	3001561<--Vs.Art.- EAN 8018080511639
20260506103610151	altro	BTWAVYCAPSULETWSW AURICOLARE BT TWSWAVYCAPSULEUNIV. CL 5 PZ
20260506103610151	altro	[=]
20260506103610151	altro	8001552<--Vs.Art.- EAN 8018080511646
20260506103610151	altro	BTWAVYINEARTWSK AURICOLARE BT TWS WAVY INEAR UNIV. CL 5 PZ
20260506103610151	altro	3001563<--Vs.Art.- EAN 8018080511653
20260506103610151	altro	BTWAVYINEARTWSW AURICOLARE BT TWS WAVYINEAR UNIV. B CL 5 PZ
20260506103610151	altro	3001564<--Vs.Art.- EAN 8018080511677
20260506103610151	altro	TO ° Meréè fatturata da Consumer in sri a COD Consorzio Nord ovest” 7 7
20260506103610151	altro	P.1.04117520967 e da quest'ultima ceduta al destinatario finale.
20260506103610151	altro	Consegna eseguita a Coop Consorzio Noird Ovest per conto di Consumer In Srl
20260506103610151	indirizzo	COOP LIGURIA s.c.c. SAVONA
20260506103610151	altro	. Sede Ipermercato
20260506103610151	indirizzo	Corso Ricci, 211 r. - 17100 SAVONA
20260506103610151	altro	Gi riserviamo di verilicare te quantità e la
20260506103610151	altro	conformità degli articoli successivamente cl riiro,
20260506103610151	altro	Merce in partenza da Peso Lordo Peso Netto N. colli
20260506103610151	altro	Deposito 1,920 KG 1,415 KG Î 1
20260506103610151	altro	Vettore i
20260506103610151	altro	GLS SEDE E8 - FOOD Label ex systema Via Giuseppe Massarenti 2b - 41122 - Modena (MO) I}
20260506103610151	altro	Data ritiro (Se non compilata uguale data | Firma Annotazioni e variazioni pres: (je 3 ì
20260506103610151	altro	documento) (a
20260506103610151	altro	Tres gag T3 e Ta gel Reg. UE 20787670, si informe che Cellulariine S.p.A., in qualità dititolere del trattamento. tratta | Vostri dati per adempimenti 7
20260506103610151	altro	Bietomranzali contrattuali ed obblighi di legge. L'informativa estesa è disponibile su http://cellularlinegroup.com/privaoy_clienti Pag. 1 di1
20260506103610151	altro	Condizioni generali di vendita: visionare sito htths://b2b.cellularline.com/web/b2b/condizionigeneralivendita
20260507094056217	altro	: <= x G.A.E.R Societa' Cooperativa - GAER CENTRALE - VIA F. SANTI, 5 - 42025 CORTE TEGGE DI
20260507094056217	altro	: CAVRIAGO RE
20260507094056217	altro	| rm ire Tel. 0522949620/30/40 - Fax 0522 494245 - Partita I. V. A. 00204390355
20260507094056217	altro	MITTENT G.A.E.R Societa' Cooperativa DOCUMENTO DI TRASPORTO
20260507094056217	altro	GAER CENTRALE - VIA F. SANTI, 5 - 42025 CORTE TEGGE DI CA | DOCUMENTO NUMERO | DATA CAUSALE DEL TRASPORTO
20260507094056217	intestazione_documento	DESTINATARI 023831 Pg 1/1 28/04/2026 Vendita
20260507094056217	luogo_destinazione	001519 - 078 LUOGO DI DESTINAZIONE
20260507094056217	altro	CONSUMER IN SRL
20260507094056217	indirizzo	COOP CONO LI -SAVONA
20260507094056217	altro	PIAZZA G. FERRE", 10 Partita IVA: 04117520967
20260507094056217	indirizzo	20025 LEGNANO CORSO RICCI, 211R
20260507094056217	indirizzo	Mi IT 17100 SAVONA
20260507094056217	altro	SV IT
20260507094056217	altro	DESCRIZIONE DEI BENI
20260507094056217	altro	Merce fatturata da Consumer.in srl a Coop Consorzio Nord Ovest P.I. 04117520967 e da quest'ultima ceduta al destinatario finale.
20260507094056217	riferimento_fattura_ordine	Rif. citato in fatt. VEND 026617 del 28/04/2026
20260507094056217	riferimento_fattura_ordine	N.ro ordine 026452578 del 28/04/2026
20260507094056217	riferimento_fattura_ordine	N.ro ordine 026452589 del 28/04/2026
20260507094056217	riferimento_fattura_ordine	N.ro ordine 026452598 del 28/04/2026
20260507094056217	riferimento_fattura_ordine	Rif. citato in fatt. VEND 026618 del 28/04/2026
20260507094056217	riferimento_fattura_ordine	N.ro ordine 026456617 del 28/04/2026
20260507094056217	altro	933880 AMAZ— BICQMWQDH4 FIRE TV STICK HD 4
20260507094056217	altro	ORDINE DA TOTEM: CAPPI MARIO
20260507094056217	riferimento_fattura_ordine	N.ro ordine 026457283 del 28/04/2026
20260507094056217	altro	Lista di prelievo Totale n. colli
20260507094056217	altro	000031504 1
20260507094056217	altro	000031505 1
20260507094056217	altro	000032217 3
20260507094056217	indirizzo	COOP LIGURIA s.c.c. SAVONA
20260507094056217	altro	Sede Ipermercato:
20260507094056217	indirizzo	Corso Ricci, Ti -17100 SAVONA
20260507094056217	altro	7 MAG 2026
20260507094056217	altro	DATA INIZIO TRASPOR TRASPORTO A VTLOGISTICA UNO EUROP; Ù ‘
20260507094056217	altro	AMO DI VERIFICARE LA QUANTITA” E LA CONFORMITA
20260507094056217	altro	28/04/2026 10.47 CURA DEL E Fatina ‘arie AT AL RITIRO,
20260507094056217	altro	MITTENTE JT GENERI VARI
20260507094056217	altro	CD DESTINATA {O]
20260507094056217	altro	TOTALE COL PESO KG VOLUME MC DATA E ORA RICEZIONE ME | TIMBRO E FIRMA LEGGIBILE DEL DESTINATA
20260507094056217	altro	5 499,47 2,752
20260507094056217	altro	NOTE ORARI SCARICO 08:00 - 12:00/Lun - Mar - Mer - Gio - Ven/ NECESSARIA PRENOTAZIONE/TEL. 019-84061
20260507094056217	altro	BORDERO N. 000109555 BANCALI (IN SPEDIZIONE) 3 SPONDA IDRAULICA: Si
20260507094056217	altro	MEZZI ACCETTAB — FRG-MCS-B8SS
20260507094056217	altro	N.ro Imballi PALLET EPAL DA RENDERE: 3
20260507094056217	altro	O T T''TTTYT Titti
20260507094056217	altro	{ G.AE.R Societa' Cooperati GAER C/O LOGISTICA UNO - VIA COLOMBARONE SN - 29010
20260507094056217	altro	MONTICELLI D'ONGINA PC
20260507094056217	altro	x na Tel. 0522949620/30/40 - Fax 0522 494245 - Partita I. V. A. 0020439
20260507094056217	altro	MITTEN G.A.E.R Societa' Cooperativa DOCUMENTO DI TRASPORTO
20260507094056217	altro	GAER C/O LOGISTICA UNO - VIA COLOMBARONE SN - 290 | DOCUMENTO NUME DATA CAUSALE DEL TRASPOR
20260507094056217	intestazione_documento	DESTINATAR 024467 Pg 1/1 30/04/2026 Vendita
20260507094056217	luogo_destinazione	001519 -078 LUOGO DI DESTINAZION
20260507094056217	altro	CONSUMER IN SRL
20260507094056217	indirizzo	COOP CONO LI -SAVONA
20260507094056217	altro	PIAZZA G. FERRE’, 10 Partita IVA: 04117520967
20260507094056217	indirizzo	20025 LEGNANO CORSO RICCI, 211R
20260507094056217	indirizzo	MI IT 17100 SAVONA
20260507094056217	altro	SV IT
20260507094056217	altro	ARTICOLO DESCRIZIONE DEI BENI QUANTIT
20260507094056217	altro	Merce fatiurata da Consumer.In srl a Coop Consorzio Nord Ovest P.I. 04117520967 e da quest'ultima ceduta al destinatario findle.
20260507094056217	riferimento_fattura_ordine	Rif. citato in fatt. VEND 006176 del 30/04/2026
20260507094056217	riferimento_fattura_ordine	N.ro ordine 026483519 del 30/04/2026
20260507094056217	altro	Sede [permercoto:
20260507094056217	indirizzo	Corso Ricci, 21. - 17100 SAVONA,
20260507094056217	altro	(N 2008
20260507094056217	altro	È
20260507094056217	altro	CERISERVIAIIO De VERUPÀZALE LO QUANTITA’ ELA CONFORMITA?
20260507094056217	altro	I ge name sa SRO
20260507094056217	altro	DATA INIZIO TRASPO TRASPORTO AC |VÎLOGISTICA UNO EUROPE SRL
20260507094056217	altro	30/04/2026 15.42 E
20260507094056217	altro	MITTENT T
20260507094056217	altro	D pestinat |
20260507094056217	altro	TOTALE CO PESO KG VOLUME M DATA E ORA RICEZIONE {TIMBRO E FIRMA LEGGIBILE DEL DESTI
20260507094056217	altro	4 240,00 1,271
20260507094056217	altro	NOTE ORARI SCARICO 08:00 - 12:00/Lun - Mar - Mer - Gio - Ven/ [NECESSARIA PRENOTAZIONE/TEL. 019-84061
20260507094056217	altro	BORDERO N. 000109661 BANCALI (IN SPEDIZIONE) 1 SPONDA IDRAULICA: Si
20260507094056217	altro	MEZZI ACCETTA FRG- MCS - BSS :
20260507094056217	altro	N.ro Imballi PALLET EPAL DA RENDERE: 1
20260507094056217	altro	Rae G.A.E.R Societa' Cooperati GAER C/O LOGISTICA UNO - VIA COLOMBARONE SN - 29010
20260507094056217	altro	| MONTICELLI D'ONGINA PC
20260507094056217	altro	—cn— Tel. 0522949620/30/40 - Fax 0522 494245 - Partita LV. A. 0020439
20260507094056217	altro	MITTEN G.A.E.R Societa' Cooperativa DOCUMENTO DI TRASPORTO
20260507094056217	altro	GAER C/O LOGISTICA UNO - VIA COLOMBARONE SN - 290 | DOCUMENTO NUME | DATA CAUSALE DEL TRASPOR
20260507094056217	intestazione_documento	DESTINATAR 024484 Pg 1/1 30/04/2026 Vendita
20260507094056217	luogo_destinazione	001519- 078 LUOGO DI DESTINAZION
20260507094056217	altro	CONSUMER IN SRL
20260507094056217	indirizzo	COOP CCNO LI -SAVONA
20260507094056217	altro	PIAZZA G. FERRE‘, 10 Partita IVA: 04117520967
20260507094056217	indirizzo	20025 LEGNANO CORSO RICCI, 211R
20260507094056217	indirizzo	MI T 17100. SAVONA
20260507094056217	altro	SV IT
20260507094056217	altro	ARTICOLO DESCRIZIONE DEI BENI QUANTIT
20260507094056217	altro	Merce fatturata da Consumer.In srl a Coop Consorzio Nord Ovest P.I. 04117520967 e da quest'ultima ceduta al destinatario findle.
20260507094056217	riferimento_fattura_ordine	Rif. citato in fatt. VEND 006193 del 30/04/2026
20260507094056217	riferimento_fattura_ordine	N.ro ordine 026463286 del 30/04/2026
20260507094056217	indirizzo	COOP LIGURIA s.c.0, SAVONA
20260507094056217	altro	Sede {permercato:
20260507094056217	indirizzo	Corso Ricci, 21 1|r.- 17190 SAVONA
20260507094056217	altro	de 2026
20260507094056217	altro	VIASAO DI VERIÉICARE LA QUARTITA' È LA CONFORMITA”
20260507094056217	altro	AVIO SOGCSSUAMEIIZAL NIRO.
20260507094056217	altro	GSNERI VARI
20260507094056217	altro	DATA INIZIO TRASPO TRASPORTO AC {VI LOGISTICA UNO EUROPE SRL
20260507094056217	altro	30/04/2026 15.44 E
20260507094056217	altro	MITTENT {T
20260507094056217	altro	[] DESTINAT T
20260507094056217	altro	TOTALE CO PESO KG VOLUME M DATA E ORA RICEZIONE | TIMBRO E FIRMA LEGGIBILE DEL DESTI
20260507094056217	altro	35 214,90 1,783
20260507094056217	altro	NOTE ORARI SCARICO 08:00 - 12:00/Lun - Mar - Mer - Gio - Ven/ (NECESSARIA PRENOTAZIONE/TEL. 019-84061
20260507094056217	altro	BORDERO N. 000109661 BANCALI (IN SPEDIZIONE) 2 SPONDA IDRAULICA: Si
20260507094056217	altro	MEZZI ACCETTA FRG- MCS-BSS
20260507094056217	altro	N.ro Imballi PALLET EPAL DA RENDERE: 2
20260508064310966	altro	(O) j G.A.E.R Societa' Cooperati GAER C/O LOGISTICA UNO - VIA COLOMBARONE SN - 29010
20260508064310966	altro	| MONTICELLI D'ONGINA PC
20260508064310966	altro	n Tel. 0522949620/30/40 - Fax 0522 494245 - Partita I. V. A. 0020439
20260508064310966	altro	MITTEN. G.A.E.R Societa' Cooperativa DOCUMENTO DI TRASPORTO
20260508064310966	altro	GAER C/O LOGISTICA UNO - VIA COLOMBARONE SN - 290| DOCUMENTO NUME |DATA CAUSALE DEL TRASPOR
20260508064310966	intestazione_documento	DESTINATAR 025192 Pg 1/1 05/05/2026 Vendita
20260508064310966	luogo_destinazione	001519 - 078 LUOGO DI DESTINAZION
20260508064310966	altro	CONSUMER IN SRL
20260508064310966	indirizzo	COOP CONO LI -SAVONA
20260508064310966	altro	PIAZZA G. FERRE', 10 Partita IVA: 04117520967
20260508064310966	indirizzo	20025 LEGNANO CORSO RICCI, 211R
20260508064310966	indirizzo	MI mm 17100 SAVONA
20260508064310966	altro	SV IT
20260508064310966	altro	ARTICOLO DESCRIZIONE DEI BENI QUANTIT
20260508064310966	altro	Merce fatturata da Consumer!In sti a Coop Consorzio Nord Ovest P.I. 04117520967 e da quest'ultima ceduta sl destinatario findle.
20260508064310966	riferimento_fattura_ordine	Rif. citato in fatt. VEND 006415 del 05/05/2026
20260508064310966	altro	ORDINE DA TOTEM: schiappapietra giovann
20260508064310966	altro	N.r0 ordine 026487852 del 05/05/2026
20260508064310966	riferimento_fattura_ordine	N.ro ordine 026488570 del 05/05/2026
20260508064310966	riferimento_fattura_ordine	N.ro ordine 026488640 del 05/05/2026
20260508064310966	altro	ORDINE DA TOTEM: LEONE TORINO
20260508064310966	riferimento_fattura_ordine	N.ro ordine 026490240 del 05/05/2026
20260508064310966	riferimento_fattura_ordine	Rif. citato in fatt. VEND 006416 del 05/05/2026
20260508064310966	riferimento_fattura_ordine	N.ro ordine 026483519 del 05/05/2026
20260508064310966	altro	947370 HISÉ  WF1Q8041BW LAV.C/FRONT 8KG 1400GIRI CE.A-20% 2
20260508064310966	indirizzo	ai SY COOP LIGUDIA a.00. SAVONA
20260508064310966	altro	0 S Sede (permerceto:
20260508064310966	indirizzo	; & x Corso Ricci FI e. 1700 SAVONA
20260508064310966	altro	re BE Lie sina
20260508064310966	altro	LC 0 MILE 706
20260508064310966	altro	Re, <© O Rao COLO
20260508064310966	altro	dle
20260508064310966	altro	a > £I RISERVIAMO DU NEMIFICORE LO Du An ji0A ELI TON FODMITA/
20260508064310966	altro	È e DEGLI ARTICOLI SUICESSIVAMEHIa Di GITIRO,
20260508064310966	altro	& ai GENE] Vai
20260508064310966	altro	CÒ fonia VAL
20260508064310966	altro	DATA INIZIO TRASPO TRASPORTO A C |V LOGISTICA UNO EUROPE SRL
20260508064310966	altro	05/05/2026 15.35 E
20260508064310966	altro	MITTENT  {T :
20260508064310966	altro	CD] pestINaT |T
20260508064310966	altro	TOTALE CO PESO KG VOLUME M DATA E ORA RICEZIONE | TIMBRO E FIRMA LEGGIBILE DEL DESTI
20260508064310966	altro	9 307,40 2,386
20260508064310966	altro	NOTE ORARI SCARICO 08:00 - 12:00/Lun - Mar - Mer - Gio - Ven/ [NECESSARIA PRENOTAZIONE/TEL. 019-84061
20260508064310966	altro	BORDERO N. 000109768 BANCALI (IN SPEDIZIONE) 3 SPONDA IDRA ULICA: Si
20260508064310966	altro	MEZZI ACCETTA FRG- MCS - BSS (o
20260508064310966	altro	ST e
20260508064310966	altro	N.ro imballi PALLET EPAL DA RENDERE: 3 ir PIA
20260508064310966	altro	Ce
20260508064310966	altro	di Î G.A.E.R Societa' Cooperativa - GAER CENTRALE - VIA F. SANTI, 5 - 42025 CORTE TEGGE DI
20260508064310966	altro	\ CAVRIAGO RE
20260508064310966	altro	si a suetsieerne Tel. 0522949620/30/40 - Fax 0522 494245 - Partita |. V. A. 00204390355
20260508064310966	altro	MITTENT  G.A.E.R Societa' Cooperativa DOCUMENTO DI TRASPORTO
20260508064310966	altro	GAER CENTRALE - VIA F. SANTI, 5 - 42025 CORTE TEGGE DI CA { DOCUMENTO NUMERO | DATA CAUSALE DEL TRASPORTO
20260508064310966	intestazione_documento	DESTINATARI 024826 Pg 1/1 04/05/2026 Vendita
20260508064310966	luogo_destinazione	001519 - 078 LUOGO DI DESTINAZIONE
20260508064310966	altro	CONSUMER IN SRL
20260508064310966	indirizzo	COOP CONO LI -SAVONA
20260508064310966	altro	PIAZZA G. FERRE’, 10 Partita IVA: 04117520967
20260508064310966	indirizzo	20025 LEGNANO CORSO RICCI,.211R
20260508064310966	indirizzo	MI IT 17100 SAVONA
20260508064310966	altro	Sv IT
20260508064310966	altro	ARTICOLO DESCRIZIONE DEI BENI
20260508064310966	altro	Merce fatturata da Consumer.in sri a Coop Consorzio Nord Ovest P.i. 04117520967 e da quest'ultima ceduta al destinatario finale.
20260508064310966	riferimento_fattura_ordine	Rif. citato in fatt. VEND 027629 del 04/05/2026
20260508064310966	riferimento_fattura_ordine	N.ro ordine 026396834 del 04/05/2026
20260508064310966	riferimento_fattura_ordine	N.ro ordine 026463287 del 04/05/2026
20260508064310966	altro	Lista di prelievo Totale n. colli
20260508064310966	altro	000034242 1
20260508064310966	altro	000034243 1
20260508064310966	altro	COOP LGUEIA sce, SAVON A
20260508064310966	altro	®. Sede jpermercafo; i
20260508064310966	indirizzo	iRey 0660 Corso Ricci, 211 7. 17100 SAVONA
20260508064310966	altro	dd SA ui
20260508064310966	altro	BANCAL, RESI VONA 8 MAG 7076
20260508064310966	altro	LLA PA RI A HISERVIARIO DI VERIFICARE LA GUARITA ELA consontdiTA
20260508064310966	altro	DEGLI ARTICOLI Successi AnIEATE Aomipo A
20260508064310966	altro	GENERI VARI
20260508064310966	altro	DATA INIZIO TRASPOR TRASPORTO A VT LOGISTICA UNO EUROPE SRL.
20260508064310966	altro	04/05/2026 14.46 CURA DEL E
20260508064310966	altro	MITTENTE {7 |
20260508064310966	altro	D] pestnaTA fo 1)
20260508064310966	altro	TOTALE COL PESO KG VOLUME MC DATA E ORA RICEZIONE ME | TIMBRO E FIRMA | FRÈ SILE DEL DESTINATA
20260508064310966	altro	2 21,25 0,286 ° taz .
20260508064310966	altro	NOTE ORARI SCARICO 08:00 - 12:00/Lun - Mar - Mer - Gio - Ven/ [NECESSARIA PRENOTAZIONE/TEL. 019-84061 f
20260508064310966	altro	BORDERO N. 000109709 BANCALI (IN SPEDIZIONE) 1 SPONDA IDRAULICA: Si
20260508064310966	altro	MEZZI ACCETTAB  FRG- MCS-BSS
20260508064310966	altro	N.ro Imballi PALLET A PERDERE: 1
20260508104241263	altro	; G.A.E.R Societa' Cooperati GAER CENTRALE - VIA F. SANTI, 5 - 42025 CORTE TEGGE DI
20260508104241263	altro	CAVRIAGO RE
20260508104241263	altro	° sreiargane Tel. 0522949620/30/40 - Fax 0522 494245 - Partita |. V. A. 0020439
20260508104241263	altro	MITTEN G.A.E.R Societa' Cooperativa DOCUMENTO DI TRASPORTO
20260508104241263	altro	GAER CENTRALE - VIA F. SANTI, 5 - 42025 CORTE TEGGE | DOCUMENTO NUME CAUSALE DEL TRASPOR
20260508104241263	altro	25317 Pg 1/1 16/05/2026 Vendita
20260508104241263	altro	DESTINATAR 0253 9 06/05/20
20260508104241263	luogo_destinazione	001519-078 LUOGO DI DESTINAZION
20260508104241263	altro	CONSUMER IN SRL
20260508104241263	indirizzo	COOP CONO LI -SAVONA
20260508104241263	altro	PIAZZA G. FERRE", 10 Partita IVA: 04117520967
20260508104241263	indirizzo	20025 LEGNANO CORSO RICCI, 211R ì
20260508104241263	indirizzo	MI IT | - {17100 SAVONA |
20260508104241263	altro	: SV; IT
20260508104241263	altro	ARTICOLO DESCRIZIONE DEI BENI _ QUANTIT
20260508104241263	altro	Merce fatturata qa Consumer.In srl a Coop Consorzio Nord Ovest P.I. 041 17520967 e da quest'ultima ceduta al destinatario findie.
20260508104241263	riferimento_fattura_ordine	Rif. citato in fatt. VEND 028164 del 06/05/2026
20260508104241263	riferimento_fattura_ordine	N.ro ordine 026492783 del 06/05/2026
20260508104241263	riferimento_fattura_ordine	N.ro ordine 026494558 del 06/05/2026
20260508104241263	riferimento_fattura_ordine	Rif. citato in fatt. VEND 028165 del 06/05/2026
20260508104241263	riferimento_fattura_ordine	N.ro ordine 026484977 del 06/05/2026
20260508104241263	altro	Lista di prelievo Totale n. colli
20260508104241263	altro	000039874 1
20260508104241263	indirizzo	COOP LIGURIA s.c.c. SAVONA
20260508104241263	altro	Se ermercato
20260508104241263	indirizzo	Corso Ricci, 2Yfr. - 17100 SAVONA
20260508104241263	altro	= BMAG 2026
20260508104241263	altro	DATA INIZIO TRASPO TRASPORTO A C Jviots ENTERPRISE, SRL Lot .
20260508104241263	altro	06/05/2026 09.36 E riserviamo di veriticare le quantità e la
20260508104241263	altro	MITTENT T conformità degli arficoli successivamente al iîtiro,
20260508104241263	altro	DI pestinat |T . i
20260508104241263	altro	TOTALE CO PESO KG VOLUME M DATA E ORA RICEZIONE | TIMBRO E FIRMA LEGGIBILE DEL DESTI
20260508104241263	altro	1 11,20 0,026 ”
20260508104241263	altro	NOTE. ORARI SCARICO 08:00 - 12:00/Lun - Mar - Mer - Gio - Ven/ NECESSARIA PRENOTAZIONE/TEL., 019-84061
20260508104241263	altro	. SPONDA IDRAULICA: Si
20260508104241263	altro	MEZZI ACCETTA  FRG-MCS-BSS
20260508104241263	altro	N.ro Imballi 7
20260508104241263	altro	” G.A.E.R Societa' Cooperati GAER CENTRALE - VIA F. SANTI, 5 - 42025 CORTE TEGGE DI
20260508104241263	altro	i CAVRIAGO RE
20260508104241263	altro	sviene Tel. 0522949620/30/40 - Fax 0522 494245 - Partita |. V. A. 0020439
20260508104241263	altro	MITTEN G.A.E.R Societa' Cooperativa . DOCUMENTO DI TRASPORTO
20260508104241263	altro	GAER CENTRALE - VIA F. SANTI. 5 - 42025 CORTE TEGGE | DOCUMENTO NUME CAUSALE DEL TRASPOR
20260508104241263	intestazione_documento	DESTINATAR 025530 Pg 1/1 07/05/2026 Vendita
20260508104241263	luogo_destinazione	001519 - 078 LUOGO DI DESTINAZION
20260508104241263	altro	CONSUMER IN SRL °
20260508104241263	indirizzo	COOP CONO LI -SAVONA
20260508104241263	altro	PIAZZA G. FERRE, 10 Partita IVA: 04117520967
20260508104241263	indirizzo	20025 LEGNANO CORSO RICCI, 214R i
20260508104241263	indirizzo	- 17100 SAVONA
20260508104241263	altro	MI IT Lu . )
20260508104241263	altro	\: SV. IT
20260508104241263	altro	ARTICOLO DESCRIZIONE DEI BENI QUANTIT
20260508104241263	altro	Merce fatturata da Consumer.In srl a Coop Consorzio Nord Ovest P.I. 04117520967 e da quest'ultima ceduta al destinatario findle.
20260508104241263	altro	/
20260508104241263	riferimento_fattura_ordine	Rif. citato in fatt. VEND 028416 del 07/05/2026
20260508104241263	riferimento_fattura_ordine	N.ro ordine 026464219 del 07/05/2026
20260508104241263	altro	Lista di prelievo Totale n. colli
20260508104241263	altro	: . 000041293 1
20260508104241263	indirizzo	COOP LIGURIA s.c.c. SAVONA
20260508104241263	altro	Sede Ipermercato
20260508104241263	indirizzo	. Corso Ricci, 2 di - 17100 SAVONA
20260508104241263	altro	-- &MAG 2026
20260508104241263	altro	Je Gi riserviomo di Verificare le quantità e la
20260508104241263	altro	conformità degli arficoli successivamente al rifro.
20260508104241263	altro	DATA INIZIO TRASPO TRASPORTO A € {V| GLS ENTERPRISE SRL
20260508104241263	altro	07/05/2026 07.26 E - :
20260508104241263	altro	MITTENT T
20260508104241263	altro	D pestinat |T . D.
20260508104241263	altro	TOTALE CO PESO KG VOLUME M DATA E ORA RICEZIONE |TIMBRO E FIRMA LEGGIBILE DEL DESTI
20260508104241263	altro	1 7,27 0,013 .
20260508104241263	altro	NOTE. ORARI SCARICO 08:00 - 12:00/Lun - Mar - Mer - Gio - Ven/ /NECESSARIA PRENOTAZIONE/TEL. 019-84061
20260508104241263	altro	. SPONDA IDRAULICA: Si
20260508104241263	altro	MEZZI ACCETTA  FRG- MCS-BSS
20260508104241263	altro	N.ro Imballi E z
20260511103405951	altro	CÒ G.A.E.R Societa' Cooperativa - GAER CENTRALE - VIA F. SANTI, 5 - 42025 CORTE TEGGE DI
20260511103405951	altro	* | CAVRIAGO RE
20260511103405951	altro	n snsiomone Tel. 0522949620/30/40 - Fax 0522 494245 - Partita 1. V. A. 00204390355
20260511103405951	altro	MITTENT G.A.E.R Societa' Cooperativa DOCUMENTO DI TRASPORTO
20260511103405951	altro	GAER CENTRALE - VIA F. SANTI, 5 - 42025 CORTE TEGGE DI CA | DOCUMENTO NUMERO | DATA CAUSALE DEL TRASPORTO
20260511103405951	intestazione_documento	DESTINATARI 025163 Pg 1/2 05/05/2026 Vendita
20260511103405951	luogo_destinazione	001519 - 078 LUOGO DI DESTINAZIONE
20260511103405951	altro	CONSUMER IN SRL
20260511103405951	indirizzo	COOP CONO LI -SAVONA
20260511103405951	altro	PIAZZA G. FERRE", 10 Partita IVA: 04117520967
20260511103405951	indirizzo	20025 LEGNANO CORSO RICCI, 211R
20260511103405951	indirizzo	MI T 17100 SAVONA
20260511103405951	altro	SV IT
20260511103405951	altro	ARTICOLO DESCRIZIONE DEI BENI QUANTITA'
20260511103405951	altro	Merce fatturata da Consumer.In sr a Coop Consorzio Nord Ovest P.I. 04117520967 e da quest'ultima ceduta al destinatario finale.
20260511103405951	riferimento_fattura_ordine	Rif. citato in fatt. VEND 027973 del 05/05/2026
20260511103405951	riferimento_fattura_ordine	N.ro ordine 026439230 del 05/05/2026
20260511103405951	altro	ORDINE DA TOTEM! alberto fasoli .
20260511103405951	riferimento_fattura_ordine	N.ro ordine 026484171 del 05/05/2026
20260511103405951	altro	819962 HP 6GW99F  MF.LASER B/N 29PPM 600DPI F/R WIFI LASERJET M234DW 1
20260511103405951	altro	ORDINE DA TOTEM: elizabeth desta
20260511103405951	riferimento_fattura_ordine	N.ro ordine.026488132 del 05/05/2026
20260511103405951	altro	ORDINE DA TOTEM: MARISA MERIALDO 7
20260511103405951	riferimento_fattura_ordine	N.ro ordine 026488440 del 05/05/2026
20260511103405951	altro	ORDINE DA TOTEM: stefania partigliani
20260511103405951	riferimento_fattura_ordine	N.ro ordine 026488572 del 05/05/2026
20260511103405951	riferimento_fattura_ordine	N.ro ordine 026488639 del 05/05/2026
20260511103405951	altro	DATA INIZIO TRASPOR TRASPORTO A V {LOGISTICA UNO EUROPE SRL
20260511103405951	altro	05/05/2026 15.31 CURA DEL E
20260511103405951	altro	MITENTE lr
20260511103405951	altro	[C] vestInATA |o
20260511103405951	altro	TOTALE COL PESO KG VOLUME MC DATA E ORA RICEZIONE ME. | TIMBRO E FIRMA LEGGIBILE DEL DESTINATA
20260511103405951	altro	8 358,06 3,191
20260511103405951	altro	NOTE ORARI SCARICO 08:00 - 12:00/Lun - Mar - Mer - Gio - Ven/ NECESSARIA PRENOTAZIONE/TEL. 019-84061
20260511103405951	altro	BORDERO N. 000109767 BANCALI (IN SPEDIZIONE) 3 SPONDA IDRAULICA: Si
20260511103405951	altro	MEZZI ACCETTAB  FRG- MCS-BSS
20260511103405951	altro	GANN G.A.E.R Societa' Cooperativa - GAER CENTRALE - VIA F. SANTI, 5 - 42025 CORTE TEGGE DI
20260511103405951	altro	“2 CAVRIAGO RE
20260511103405951	altro	, a Tel. 0522949620/30/40 - Fax 0522 494245 - Partita I. V. A. 00204390355
20260511103405951	altro	DOCUMENTO NUMERO | DATA CAUSALE DEL TRASPORTO
20260511103405951	luogo_destinazione	001519 - 078 LUOGO DI DESTINAZIONE
20260511103405951	altro	2 SEO
20260511103405951	indirizzo	COOP CONO LI -SAVONA
20260511103405951	altro	PIAZZA G. FERRE", 10 Partita IVA: 04117520967
20260511103405951	indirizzo	20025 LEGNANO CORSO RICCI, 211R
20260511103405951	indirizzo	Mi T 17100 SAVONA
20260511103405951	altro	sv T
20260511103405951	riferimento_fattura_ordine	N.ro ordine 026488976 del 05/05/2026
20260511103405951	riferimento_fattura_ordine	Rif. citato in fatt. VEND 027974 del 05/05/2026
20260511103405951	altro	N.r0 ordine 026452589 del 05/05/2026
20260511103405951	riferimento_fattura_ordine	N.ro ordine 026491811 del 05/05/2026
20260511103405951	altro	Lista di prelievo Totale n. colli
20260511103405951	altro	000037213 1
20260511103405951	altro	Sa gni 000037214 1
20260511103405951	indirizzo	INErCOOp SAVONA 000037803 5
20260511103405951	altro	BANCALI RESI ALLA PARI 000038718 !
20260511103405951	altro	DATA INIZIO TRASPOR TRASPORTO A |VTLOGISTICA UNO EUROPE SRL
20260511103405951	altro	MITTENTE T Sede Ipermefedio:
20260511103405951	indirizzo	( pESTINATA {o Corso Ricci, 211 r. - 1700 SAVONA
20260511103405951	altro	TOTALE COL PESO KG VOLUME MC DATA E ORA RICEZIONE ME
20260511103405951	altro	NOTE. ORARI SCARICO 08:00 - 12:00/Lun - Mar - Mer - Gio - Ven/ INECESSARIA PRENOTAZIONENTEL DEB] art ALRITIRD,
20260511103405951	altro	OLINERI VARI
20260511103405951	altro	BORDERO N. 000109767 BANCALI (IN SPEDIZIONE) 3 SPONDA IDRAULICA: Sì
20260511103405951	altro	MEZZI ACCETTAB  FRG-MCS-BSS
20260512072240663	altro	° ° G.A.E.R Societa' Cooperativa - GAER.CENTRALE - VIA F. SANTI, 5 - 42025 CORTE TEGGE DI
20260512072240663	altro	° | CAVRIAGO RE
20260512072240663	altro	ie Tel. 0522949620/30/40 - Fax 0522 494245 - Partita 1. V. A. 00204390355
20260512072240663	altro	MITENT  G.A.E.R Societa' Cooperativa DOCUMENTO DI TRASPORTO
20260512072240663	altro	GAER CENTRALE - VIA F. SANTI, 5 - 42025 CORTE TEGGE DI CA DOCUMENTO NUMERO CAUSALE DEL TRASPORTO
20260512072240663	altro	25739 Pg 1/1 Vendita
20260512072240663	altro	DESTINATARI 0257 g 07/05/2026 n
20260512072240663	luogo_destinazione	001519 - 078 LUOGO DI DESTINAZIONE
20260512072240663	altro	CONSUMER IN SRL
20260512072240663	indirizzo	COOP CONO LI - SAVONA
20260512072240663	altro	PIAZZA G. FERRE, 10 Partita IVA: 04117520967
20260512072240663	indirizzo	20025 LEGNANO CORSO RICCI, 211R î
20260512072240663	indirizzo	Mi m . ci .] 17100 SAVONA .
20260512072240663	altro	: SV. IT
20260512072240663	altro	ARTICOLO DESCRIZIONE DEI BENI
20260512072240663	altro	Merce fatturata da Consumer.In sri a Coop Consorzio Nord Ovest P.]. 041 17520967 e da quest'ultima ceduta al destinatario finale.
20260512072240663	riferimento_fattura_ordine	Rif. citato in fatt. VEND . 028648 del 07/05/2026
20260512072240663	altro	ORDINE DA TOTEM: CARTAGINE MARIA .
20260512072240663	riferimento_fattura_ordine	N.ro ordine 026495280 del 07/05/2026 ; :
20260512072240663	riferimento_fattura_ordine	Rif. citato in fatt. VEND 028649 del 07/05/2026
20260512072240663	riferimento_fattura_ordine	N.ro ordine 026176082 del 07/05/2026
20260512072240663	riferimento_fattura_ordine	N.ro ordine 026463287 del 07/05/2026 -
20260512072240663	riferimento_fattura_ordine	N.ro ordine 026484219 del 07/05/2026
20260512072240663	altro	; Lista di prelievo Totale n. colli
20260512072240663	altro	000042330 3
20260512072240663	indirizzo	COOP LIGURIA s.c.e. SAVONA
20260512072240663	altro	Sede ipermercato:
20260512072240663	indirizzo	Corso Ricci 211 r.- 17100 SAVONA
20260512072240663	altro	: : {ius 1025
20260512072240663	altro	DATA INIZIO TRASPOR TRASPORTO A” TV LOGISTICA UNO EURO DLo RL
20260512072240663	altro	CURA DEL Ei (I RISERVIAMO Di VERIFICARE LA QUANTITA' È LA CONF ‘
20260512072240663	altro	07/05/2028 15.27 MITTENTE T DEGLI ARTICOLI SOCCEIMAMENERI RR
20260512072240663	altro	i T GENERI VARI
20260512072240663	altro	(nn DESTINATA |O È °
20260512072240663	altro	TOTALE COL PESO KG VOLUME MC DATA E ORA RICEZIONE ME | TIMBRO E FIRMA LEGGIBILE DEL DESTINATA
20260512072240663	altro	3 641,36 3,998 -
20260512072240663	altro	NOTE ORARI SCARICO 08:00 - 12:00/Lun - Mar - Mer - Gio - Ven/ NECESSARIA PRENOTAZIONE/TEL. 01 9-84061
20260512072240663	altro	BORDERO N. 000109855 BANCALI (IN SPEDIZIONE) 3 SPONDA IDRAULICA: Si
20260512072240663	altro	MEZZI ACCETTAB — FRG- MCS-BSS
20260512072240663	altro	N.ro Imballi PALLET EPAL DA RENDERE: 3 °
20260512072240663	altro	1 G.A.E.R Societa' Cooperati GAER C/O ocsili la - VIA COLOMBARONE SN - 29010
20260512072240663	altro	ni MONTICELLI D'ONGINA PC
20260512072240663	altro	K criee Tel. 0522949620/30/40 - Fax 0522 494245 - Partita 1. V. A. 0020439
20260512072240663	altro	MITTEN G.A.E.R€*cieta' Cooperativa DOCUMENTO DI TRASPORTO
20260512072240663	altro	GAER C/O LOGISTICA UNO - VIA COLOMBARONE SN - 290 DOCUMENTO NUME |DATA CAUSALE DEL TRASPOR
20260512072240663	intestazione_documento	DESTINATAR 025881 Pg 1/1 07/05/2026 Vendita
20260512072240663	luogo_destinazione	001519 - 078 LUOGO DI DESTINAZION
20260512072240663	altro	CONSUMER IN SRL
20260512072240663	indirizzo	COOP CCNO LI -SAVONA
20260512072240663	altro	PIAZZA G. FERRE, 10 Partita IVA: 04117520967
20260512072240663	indirizzo	20025 LEGNANO CORSO RICCI, 211R
20260512072240663	indirizzo	MI IT | È 17100 SAVONA
20260512072240663	altro	SV. IT
20260512072240663	altro	ARTICOLO DESCRIZIONE DEI BENI QUANTIT
20260512072240663	altro	Merce fatturata da Consumer.In srl a Coop Consorzio Nord Ovest P.I. ‘04117520967 e da quest'ultima ceduta al destinatario fingle.
20260512072240663	altro	i
20260512072240663	riferimento_fattura_ordine	Rif. citato in fatt. VEND 006590 del: 07/05/2026
20260512072240663	riferimento_fattura_ordine	N.ro ordine 026464220 del 07/05/2026 ll
20260512072240663	riferimento_fattura_ordine	N.ro ordine 026493523 del 07/05/2026
20260512072240663	riferimento_fattura_ordine	Rif. citato in fatt VEND 006591 del 07/05/2026
20260512072240663	altro	ORDINE DA TOTEM: POMINA FABIO
20260512072240663	riferimento_fattura_ordine	N.ro ordine 026495592 del 07/05/2026
20260512072240663	altro	ORDINE DA TOTEM: SIG.ROCCO MITIERI _
20260512072240663	riferimento_fattura_ordine	N.ro ordine 026501286 del 07/05/2026
20260512072240663	indirizzo	COOP UGURIA s.000, SAVONA
20260512072240663	altro	Sede Ipermercato:
20260512072240663	altro	Torso Rinci 2 11 r.- 17100 SAYONA
20260512072240663	altro	È
20260512072240663	altro	| True 08
20260512072240663	altro	€I RISERUIRIAO DI ‘guocae LA QUANTITA" ELA CONEGAIATTA”
20260512072240663	altro	DEGLI ARTICOLI SUCCESSIVAMIENTE AL RITIRO,
20260512072240663	altro	DATA INIZIO TRASPO TRASPORTO AC [V| LOGISTICA UNO EUROPE SRL
20260512072240663	altro	07/05/2026 17.12 E
20260512072240663	altro	MITTENT T
20260512072240663	altro	i CD vestinaT |"
20260512072240663	altro	TOTALE CO PESO KG VOLUME M DATA E ORA RICEZIONE | TIMBRO E FIRMA LEGGIBILE DEL DESTI
20260512072240663	altro	42 1.133,98 8,995 .
20260512072240663	altro	NOTE ORARI SCARICO 08:00 - 12:00/Lun - Mar - Mer - Gio - Ven/ NECESSARIA PRENOTAZIONE/TEL. 019-84061
20260512072240663	altro	BORDERO N. 000109871 BANCALI (IN SPEDIZIONE) 9 SPONDA IDRAULICA: Si
20260512072240663	altro	MEZZI ACCETTA  FRG - MCS - BSS
20260512072240663	altro	N.ro Imballi PALLET EPAL DA RENDERE: 7 - PALLET A PERDERE: 1 - PALLET LEGNO 75X75 A RENDERE: 1
20260512085130315	altro	” G.A.E.R Societa' Cooperati GAER C/O LOGISTICA UNO - VIA COLOMBARONE SN - 29010
20260512085130315	altro	- | MONTICELLI D'ONGINA PC
20260512085130315	altro	sio Tel. 0522949620/30/40 - Fax 0522 494245 - Partita I. V. A. 0020439
20260512085130315	altro	MITTEN G.A.E.R Societa' Cooperativa i DOCUMENTO DI TRASPORTO
20260512085130315	altro	GAER C/0 LOGISTICA UNO - VIA COLOMBARONE SN - 290 f DOCUMENTO NUME |DATA CAUSALE DEL TRASPOR
20260512085130315	intestazione_documento	DESTINATAR 025829 Pg 1/ 1 07/05/2026 Vendita
20260512085130315	luogo_destinazione	001519 - 078 LUOGO DI DESTINAZION Ì
20260512085130315	altro	CONSUMER IN SRL
20260512085130315	indirizzo	COOP CCNO LI -SAVONA
20260512085130315	altro	PIAZZA G. FERRE‘, 10 Partita IVA: 04117520967
20260512085130315	indirizzo	20025 LEGNANO CORSO RICCI, 211R
20260512085130315	indirizzo	Mi IT 17100 SAVONA
20260512085130315	altro	SV IT
20260512085130315	altro	ARTICOLO DESCRIZIONE DEI BENI QUANTIT
20260512085130315	altro	Merce fatturata da Consumer.In srl a Coop Consorzio Nord Ovest P.I. 04117520967 e da quest'ultima ceduta al destinatario find
20260512085130315	riferimento_fattura_ordine	Rif. citato in fatt. VEND 006535 del 07/05/2026
20260512085130315	riferimento_fattura_ordine	N.ro ordine 026434778 del 07/05/2026
20260512085130315	indirizzo	COOP LIGUETA 5.0.0. SAVONA
20260512085130315	altro	Sede [permerca?o: .
20260512085130315	indirizzo	Corso Ricci, 211 r.- 17120 SAVONA
20260512085130315	altro	12 M4E 2025
20260512085130315	altro	FIOBRI MINO DI VERIFICARE LA QUANTITA: ELA CONFORMITA”
20260512085130315	altro	Cane n SERENE ISIIED.
20260512085130315	altro	perni ea
20260512085130315	altro	GENE VARI
20260512085130315	altro	DATA INIZIO TRASPO TRASPORTO A C [V| LOGISTICA UNO EUROPE SRL
20260512085130315	altro	07/05/2026 16.34 E
20260512085130315	altro	MITTENT _{T i
20260512085130315	altro	pestinat |7
20260512085130315	altro	TOTALE CO PESO KG VOLUME M DATA E ORA RICEZIONE {TIMBRO E FIRMA LEGGIBILE DEL DESTI Î
20260512085130315	altro	6 366,00 1,699 5
20260512085130315	altro	NOTE ORARI SCARICO 08:00 - 12:00/Lun - Mar - Mer - Gio - Ven/ NECESSARIA PRENOTAZIONE/TEL. 019-84061 i
20260512085130315	altro	BORDERO N. 000109867 BANCALI (IN SPEDIZIONE) 2 SPONDA IDRAULIGA: Si
20260512085130315	altro	da
20260512085130315	altro	MEZZI ACCETTA  FRG- MCS - BSS i
20260512085130315	altro	A cio
20260512085130315	altro	N.ro [mballi PALLET EPAL DA RENDERE: 2
20260512091029791	altro	DI G.A.E.R Societa' Cooperati GAER C/O LOGISTICA UNO - VIA COLOMBARONE SN - 29010
20260512091029791	altro	MONTICELLI D'ONGINA PC
20260512091029791	altro	nriizznane Tel. 0522949620/30/40 - Fax 0522 494245 - Partita I. V. A. 0020439
20260512091029791	altro	MITTEN G.A.E.R Societa' Cooperativa DOCUMENTO DI TRASPORTO
20260512091029791	altro	GAER C/O LOGISTICA UNO - VIA COLOMBARONE SN - 290 { DOCUMENTO NUME ‘| DATA CAUSALE DEL TRASPOR
20260512091029791	intestazione_documento	DESTINATAR 025829 Pg 1/1 07/05/2026 Vendita
20260512091029791	luogo_destinazione	001519 - 078 LUOGO DI DESTINAZION
20260512091029791	altro	CONSUMER IN SRL
20260512091029791	indirizzo	COOP CONO LI -SAVONA
20260512091029791	altro	PIAZZA G. FERRE‘, 10 Partita IVA: 04117520967
20260512091029791	indirizzo	20025 LEGNANO CORSO RICCI, 211R
20260512091029791	indirizzo	MI mt 17100 SAVONA
20260512091029791	altro	SV IT
20260512091029791	altro	ARTICOLO DESCRIZIONE DEI BENI QUANTIT
20260512091029791	altro	Merce fatturata da Consumer.In srl a Coop Consorzio Nord Ovest P.I. 04117520967 e da quest'ultima ceduta al destinatario findle.
20260512091029791	riferimento_fattura_ordine	Rif. citato in fatt. VEND 006535 del 07/05/2026 ”
20260512091029791	riferimento_fattura_ordine	N.ro ordine 026434778 del 07/05/2026
20260512091029791	altro	Sa RATE E
20260512091029791	indirizzo	IRET00GI SAVONA
20260512091029791	altro	| BANCALI RESI ALLA PARI Î
20260512091029791	altro	Torso Ricci ci TUTTE PS DNA,
20260512091029791	altro	dl
20260512091029791	altro	te] ssquent NERIFICHDE LA QUANTITA BGA Ci ac
20260512091029791	altro	DEGII ARTICOLI SUCCESSIVAMENTE AL SITI.
20260512091029791	altro	DATA INIZIO TRASPO TRASPORTO AC {V|LOGISTICA UNO EUROPE SRL
20260512091029791	altro	07/05/2026 16.34 E
20260512091029791	altro	MITTENT  |T
20260512091029791	altro	DU] cestinat |" ì
20260512091029791	altro	TOTALE CO PESO KG VOLUME M DATA E ORA RICEZIONE | TIMBRO E FIRMA LEGGIBILE DEL DESTI
20260512091029791	altro	6 366,00 1,699
20260512091029791	altro	NOTE ORARI SCARICO 08:00 - 12:00/Lun - Mar - Mer - Gio - Ven/ NECESSARIA PRENOTAZIONE/TEL. 019-84061
20260512091029791	altro	BORDERO N. 000109867 BANCALI (IN SPEDIZIONE) 2 SPONDA IDRAULICA: Si
20260512091029791	altro	MEZZI ACCETTA FRG-MCS-BSS e DA n
20260512091029791	altro	N.ro Imballi PALLET EPAL DA RENDERE: 2 AT n
20260512091029791	altro	n=
20260512091029791	altro	d
20260513103428359	altro	i G.A.E.R Societa' Cooperati GAER CENTRALE - VIA F. SANTI, 5 - 42025 CORTE TEGGE DI
20260513103428359	altro	CAVRIAGO RE
20260513103428359	altro	crimine Tel. 0522949620/30/40 - Fax 0522 494245 - Partita I. V. A. 0020439
20260513103428359	altro	MITTEN G.A.E.R Societa' Cooperativa DOCUMENTO DI TRASPORTO
20260513103428359	altro	GAER CENTRALE - VIA F. SANTI, 5 - 42025 CORTE TEGGE | DOCUMENTO NUME
20260513103428359	intestazione_documento	DESTINATAR 026421 Pg 1/1 11/05/2026 Vendita
20260513103428359	luogo_destinazione	001519- 078 LUOGO DI DESTINAZION
20260513103428359	altro	CONSUMER IN SRL
20260513103428359	indirizzo	COOP CCNO LI -SAVONA
20260513103428359	altro	PIAZZA G. FERRE', 10 Partita IVA: 04117520967
20260513103428359	indirizzo	20025 LEGNANO CORSO RICCI, 211R
20260513103428359	indirizzo	MI IT 17100 SAVONA
20260513103428359	altro	SV IT
20260513103428359	altro	ARTICOLO DESCRIZIONE DEI BENI QUANTIT
20260513103428359	altro	Merce fatturata da Consumer.In srl a Coop Consorzio Nord Ovest P.I. 04117520967 e da quest'ultima ceduta al destinatario findle.
20260513103428359	riferimento_fattura_ordine	Rif. citato în fatt. VEND 029340 del 11/05/2026
20260513103428359	riferimento_fattura_ordine	N.ro ordine 026439252 del 11/05/2026
20260513103428359	riferimento_fattura_ordine	N.ro ordine 026464219 del 11/05/2026
20260513103428359	altro	Lista di prelievo Totale n. colli
20260513103428359	altro	000045112 1
20260513103428359	altro	ti
20260513103428359	altro	appaunssodn8 IST uminiesti È
20260513103428359	altro	n Fior gi 9a0auioA 1
20260513103428359	altro	9207 IYw È \ L.
20260513103428359	altro	core 3 UE 09
20260513103428359	altro	YNONYS Ci ppiouiedi 9995 o)
20260513103428359	altro	YNONSS +91915 YIUNONI 400 i
20260513103428359	altro	DATA INIZIO TRASPO TRASPORTO A C ÎVEGLS ENTERPRISE SRL
20260513103428359	altro	11/05/2026 14.11 E )
20260513103428359	altro	MITTENT |T Î
20260513103428359	altro	[E DESTINAT T i fl
20260513103428359	altro	TOTALE CO PESO KG VOLUME M DATA E ORA RICEZIONE |TIMBRO E Fi EGGIBILE DEL DESTI
20260513103428359	altro	ilo;
20260513103428359	altro	1 5,07 0,008 fi AZ »
20260513103428359	altro	NOTE. ORARI SCARICO 08:00 - 12:00/Lun - Mar - Mer - Gio - Ven/ [NECESSARIA ni 019-84061
20260513103428359	altro	SPONDA IDRAULICA: Si
20260513103428359	altro	MEZZI ACCETTA  FRG- MCS - BSS
20260514111015330	documento_senza_righe_articolo	(85 righe, layout non gestito)
20260514111057319	altro	da
20260514111057319	altro	G.A.E.R Societa' Cooperati GAER CENTRALE - VIA F. SANTI, 5 - 42025 CORTE TEGGE DI
20260514111057319	altro	CAVRIAGO RE
20260514111057319	altro	pei prin Tel. 0522949620/30/40 - Fax 0522 494245 - Partita |. V. A, 0020439 — x
20260514111057319	altro	MITTEN —G.A.E.R Sacieta' Cooperativa DOCUMENTO DI TRASPORTO
20260514111057319	altro	GAER CENTRALE - VIA F. SANTI. 5 - 42025 CORTE TEGGE | DOCUMENTO NUME |DATA CAUSALE DEL TRASPOR
20260514111057319	intestazione_documento	DESTINATAR 027011 Pg 1/1 13/05/2026 Vendita
20260514111057319	luogo_destinazione	001519-078 LUOGO DI DESTINAZION
20260514111057319	altro	CONSUMER IN SRL
20260514111057319	indirizzo	COOP CONO LI -SAVONA
20260514111057319	altro	PIAZZA G. FERRE', 10 Partita IVA: 04117520967
20260514111057319	indirizzo	20025 LEGNANO CORSO RICCI, 211R
20260514111057319	indirizzo	MI IT 17100 SAVONA
20260514111057319	altro	SV IT
20260514111057319	altro	ARTICOLO DESCRIZIONE DEI BENI QUANTIT
20260514111057319	altro	Merce fatturata da Consumer.In sri a Coop Consorzio Nord Ovest P.I. 04117520967 e da quest'ultima ceduta al destinatario findle.
20260514111057319	riferimento_fattura_ordine	Rif. citato in fatt. VEND 029975 del 13/05/2026
20260514111057319	riferimento_fattura_ordine	N.ro ordine 026525470 del 13/05/2026
20260514111057319	altro	919689 VVVv APPLMTPOSQEU IPHONE 15 6.1"OLED A16 128GB BLACK 2
20260514111057319	altro	977140 VVVWV  APPLMTP43EU IPHONE 15 6.1"OLED A16 128GB BLUE 2
20260514111057319	riferimento_fattura_ordine	N.ro ordine 026525499 del 13/05/2026
20260514111057319	riferimento_fattura_ordine	N.ro ordine 026528784 del 13/05/2026
20260514111057319	altro	Lista di prelievo Totale n. colli
20260514111057319	altro	000048491 1 :
20260514111057319	altro	1g BAI sixla
20260514111057319	altro	a S eu. L) Bli u
20260514111057319	altro	A gr. AA? ARI
20260514111057319	altro	e” uN È)
20260514111057319	altro	BONA
20260514111057319	altro	Ti bian sen °
20260514111057319	altro	. ; SOS ZL
20260514111057319	altro	i TT
20260514111057319	altro	DATA INIZIO TRASPO TRASPORTO A © {VIGLS ENTERPRISE SRL
20260514111057319	altro	13/05/2026 11.18 El.
20260514111057319	altro	MITTENT u |
20260514111057319	altro	[] DESTINAT MAIS >
20260514111057319	altro	TOTALE CO PESO KG VOLUME M DATA E ORA RICEZIONE |TIM BREE RIMA LEGGIBICE-DE DESTI
20260514111057319	altro	CO L.21 _ mrinbe istriano
20260514111057319	altro	1 9,13 0,021 i Lc
20260514111057319	altro	NOTE ORARI SCARICO 08:00 - 12:00/Lun - Mar - Mer - Gio - Ven/ /NECESSARIA PRENOTAZIONE/TEL. 019-84061
20260514111057319	altro	SPONDA IDRAULICA: Si
20260514111057319	altro	MEZZI ACCETTA FRG- MCS - BSS
20260514111057319	altro	N.ro Imballi
20260515092012220	altro	C) G.A.E.R Societa' Cooperati GAER C/O LOGISTICA UNO - VIA COLOMBARONE SN - 29010
20260515092012220	altro	SL, MONTICELLI D'ONGINA PC
20260515092012220	altro	Resia Tel. 0522949620/30/40 - Fax 0522 494245 - Partita 1. V. A. 0020439
20260515092012220	altro	MITTEN G.A.E.R Societa' Cooperativa DOCUMENTO DI TRASPORTO
20260515092012220	altro	GAER C/O LOGISTICA UNO - VIA COLOMBARONE SN - 290 DOCUMENTO NUME | DATA CAUSALE DEL TRASPOR
20260515092012220	intestazione_documento	DESTINATAR 026778 Pg 1/1 12/05/2026 Vendita
20260515092012220	luogo_destinazione	001519-078 LUOGO DI DESTINAZION
20260515092012220	altro	CONSUMER IN SRL
20260515092012220	indirizzo	COOP CONO LI -SAVONA
20260515092012220	altro	PIAZZA G. FERRE', 10 Partita IVA: 04117520967
20260515092012220	indirizzo	20025 LEGNANO CORSO RICCI, 211R
20260515092012220	indirizzo	MI IT 17100 SAVONA
20260515092012220	altro	SV IT
20260515092012220	altro	ARTICOLO DESCRIZIONE DEI BENI QUANTIT
20260515092012220	altro	Merce fatturata da Consumer.In srl a Coop Consorzio Nord Ovest P.I. 04117520967 e da quest'ultima ceduta al destinatario findle.
20260515092012220	riferimento_fattura_ordine	Rif. citato in fatt. VEND 006815 del 12/05/2026
20260515092012220	riferimento_fattura_ordine	N.ro ordine 026502190 del 12/05/2026
20260515092012220	altro	ORDINE DA TOTEM: sig ra grazia marta
20260515092012220	riferimento_fattura_ordine	N.ro ordine 026518143 del 12/05/2026
20260515092012220	altro	791580 WHIR.WIC3C33F  LAVAST.SC/TOT.60CM 14C0P CE.D 3CESTO 1
20260515092012220	altro	ORDINE DA TOTEM: paola pirero
20260515092012220	riferimento_fattura_ordine	N.ro ordine 026518232 del 12/05/2026
20260515092012220	altro	ORDINE DA TOTEM: alessandria roberto
20260515092012220	riferimento_fattura_ordine	N.ro ordine 026518869 del 12/05/2026
20260515092012220	altro	ORDINE DA TOTEM: famiano sonia
20260515092012220	riferimento_fattura_ordine	N.ro ordine 026519253 del 12/05/2026
20260515092012220	riferimento_fattura_ordine	Rif. citato in fatt. VEND 006816 del 12/05/2026
20260515092012220	riferimento_fattura_ordine	j N.ro ordine 026517932 del 12/05/2026
20260515092012220	altro	947255 QBEL.QT24HTF8A TV LED 24"HD DVBT2/S2 SMART TIZEN 4
20260515092012220	riferimento_fattura_ordine	N.ro ordine 026517935 del 12/05/2026
20260515092012220	altro	ra Cia
20260515092012220	altro	DATA INIZIO TRASPO TRASPORTO AC |V LOGISTICA UNO EUROPE SRL
20260515092012220	altro	12/05/2026 15.50 E
20260515092012220	altro	MITTENT  {T
20260515092012220	altro	O oestInat {T
20260515092012220	altro	TOTALE CO PESO KG VOLUME M DATA E ORA RICEZIONE TIMBRO E FIRMA LEGGIBILE DEL DESTI
20260515092012220	altro	28 593,80 6,628
20260515092012220	altro	” 0ep HeuRiAzZE AVESKIA —
20260515092012220	altro	NOTE. ORARI SCARICO 08:00 - 12:00/Lun - Mar - Mer - Gio - Ven/ NECESSARIA PRENOTAZIONETTE Me ro
20260515092012220	indirizzo	Corso Ricci, 211 r.. 17100 SAVONA
20260515092012220	altro	fx. Si
20260515092012220	altro	BORDERO N. 000110017 BANCALI (IN SPEDIZIONE) 6 SPONDA IBRA 1726
20260515092012220	altro	MEZZI ACCETTA  FRG - MCS - BSS ‘ Ri)
20260515092012220	altro	CI RISERVIAMO DI VERIICARE LA OMMITTRÀ e La coNsoRA
20260515092012220	altro	N.ro Imballi PALLET EPAL DA RENDERE: 6 PO COUSUCCESSiguentesLammeo, |
20260515092012220	altro	CENERIVAR
20260515092012220	altro	" x G.A.E.R Societa' Cooperativa - GAER CENTRALE - VIA F. SANTI, 5 - 42025 CORTE TEGGE DI
20260515092012220	altro	i CAVRIAGO RE
20260515092012220	altro	° N. Tel. 0522949620/30/40 - Fax 0522 494245 - Partita I. V. A. 00204390355
20260515092012220	altro	MITTENT G.A.E.R Societa" Cooperativa DOCUMENTO DI TRASPORTO
20260515092012220	altro	GAER CENTRALE - VIA F. SANTI, 5 - 42025 CORTE TEGGE DI CA {DOCUMENTO NUMERO | DATA CAUSALE DEL TRASPORTO
20260515092012220	intestazione_documento	DESTINATARI I 026863 Pg 1/1 13/05/2026 Vendita
20260515092012220	luogo_destinazione	001519 - 078 LUOGO DI DESTINAZIONE
20260515092012220	altro	CONSUMER IN SRL.
20260515092012220	indirizzo	COOP CCNO LI -SAVONA
20260515092012220	altro	PIAZZA G. FERRE', 10 Partita IVA: 04117520967
20260515092012220	indirizzo	20025 LEGNANO CORSO RICCI, 211R
20260515092012220	indirizzo	MI IT 17100. SAVONA
20260515092012220	altro	SV m
20260515092012220	altro	ARTICOLO DESCRIZIONE DEI BENI QUANTITA
20260515092012220	altro	Merce fatturata da Consumer.in srl a Coop Consorzio Nord Ovest P.I. 04117520967 e da quest'ultima ceduta al destinatario finale.
20260515092012220	riferimento_fattura_ordine	Rif. citato in fatt. VEND 029782 del 13/05/2026
20260515092012220	riferimento_fattura_ordine	N.ro ordine 026517933 del 13/05/2026
20260515092012220	riferimento_fattura_ordine	N.ro ordine 026517934 del 13/05/2026
20260515092012220	altro	Lista di prelievo Totale n. colli
20260515092012220	altro	000045113 1
20260515092012220	altro	000047356 2
20260515092012220	altro	OP UGURIA 1.6 SAVO!
20260515092012220	altro	; c lermercato: A
20260515092012220	altro	[PEronoo sa _ Sede pr7717100 SAVON
20260515092012220	altro	BANMCALI RESI ALLA PARI 15 MAG 2028
20260515092012220	altro	7 e ELA CONFORMITA
20260515092012220	altro	A VARE ET ALI
20260515092012220	altro	CRANE RI VARI
20260515092012220	altro	GENE
20260515092012220	altro	DATA INIZIO TRASPOR TRASPORTOA |VTLOGISTICA UNO EUROPE SRL
20260515092012220	altro	13/05/2026 07.45 CURA DEL E
20260515092012220	altro	MITTENTE T
20260515092012220	altro	[] DESTINATA Jo
20260515092012220	altro	TOTALE COL PESO KG VOLUME MC DATA E ORA RICEZIONE ME | TIMBRO E FIRMA LEGGIBILE DEL DESTINATA
20260515092012220	altro	3 334,40 1,583
20260515092012220	altro	NOTE ORARI SCARICO 08:00 - 12:00/Lun - Mar - Mer - Gio - Ven/ NECESSARIA PRENOTAZIONE/TEL. 019-84061
20260515092012220	altro	BORDERO N. 000110022 BANCALI (IN SPEDIZIONE) 2 SPONDA IDE AULICA: Si
20260515092012220	altro	ATTS
20260515092012220	altro	MEZZI ACCETTAB  FRG- MCS-BSS CITI
20260515092012220	altro	di
20260515092012220	altro	N.ro imballi PALLET EPAL DA RENDERE: 2 {
20260515092012220	altro	ti
20260516113124827	documento_senza_righe_articolo	(55 righe, layout non gestito)
20260519082037360	altro	coi LI
20260519082037360	altro	i
20260519082037360	altro	CT G.A.E.R Societa' Cooperati GAER C/O LOGISTICA UNO® VIA COLOMBARONE SN - 29010
20260519082037360	altro	j MONTICELLI D'ONGINA PC
20260519082037360	altro	ice Tel. 0522949620/30/40 - Fax 0522 494245 - Partita I. V. A. 0020439
20260519082037360	altro	MITTEN G.A.E.R Sorieta' Cooperativa DOCUMENTO DI TRASPORTO
20260519082037360	altro	GAER C/O LOGISTICA UNO - VIA COLOMBARONE SN - 290 | DOCUMENTO NUME {DATA CAUSALE DEL TRASPOR
20260519082037360	intestazione_documento	DESTINATAR 027424 Pg 1/1 | 14/05/2026 Vendita
20260519082037360	luogo_destinazione	001519 -078 LUOGO DI DESTINAZION
20260519082037360	altro	CONSUMER IN SRL
20260519082037360	indirizzo	COOP CONO LI -SAVONA
20260519082037360	altro	PIAZZA G. FERRE', 10 Partita IVA: 04117520967
20260519082037360	indirizzo	20025 LEGNANO CORSO RICCI, 211R
20260519082037360	indirizzo	MI IT 17100 SAVONA
20260519082037360	altro	SV IT
20260519082037360	altro	ARTICOLO DESCRIZIONE DEI BENI QUANTIT
20260519082037360	altro	Merce fatturata da Consumer.in srl a Coop Consorzio Nord Ovest P.I. 04117520967 e da quest'ultima ceduta al destinatario findle.
20260519082037360	riferimento_fattura_ordine	° Rif. citato in fatt. VEND 007009 = del 14/05/2026
20260519082037360	riferimento_fattura_ordine	N.ro ordine 026528911 del 14/05/2026
20260519082037360	indirizzo	(DEVONO SAVONA COOP LIGURIA s.c.c. SAVONA
20260519082037360	altro	corn . , Sede ipermercato:
20260519082037360	indirizzo	BANCALI RESI ALLA PARE Corso Ricci, 217 e. - 17100 SAVONA
20260519082037360	altro	19-MAG 2026
20260519082037360	altro	CI RISERVIAMO DI VERIFICA Ù
20260519082037360	altro	DEGLI ARTICOLI SOCCESSVAMENTE ORME
20260519082037360	altro	GENERI VARI
20260519082037360	altro	DATA INIZIO TRASPO TRASPORTO A C | VJLOGISTICA UNO EUROPE SRL
20260519082037360	altro	14/05/2026 15.09 E
20260519082037360	altro	MITTENT  |T
20260519082037360	altro	C] pestinat |"
20260519082037360	altro	TOTALE CO PESO KG VOLUME M DATA E ORA RICEZIONE | TIMBRO E FIRMA LEGGIBILE DEL DESTI
20260519082037360	altro	2 162,00 2,011
20260519082037360	altro	NOTE ORARI SCARICO 08:00 - 12:00/Lun - Mar - Mer - Gio - Ven/ NECESSARIA PRENOTAZIONE/TEL. 019-84061
20260519082037360	altro	BORDERO N. 000110104 BANCALI (IN SPEDIZIONE) 1 SPONDA IDRAULICA: Si
20260519082037360	altro	MEZZI ACCETTA  FRG- MCS - BSS fila
20260519082037360	altro	iL
20260519082037360	altro	N.ro Imballi PALLET EPAL DA RENDERE: 1 AS e
20260519082037360	altro	Hess
20260519103040836	altro	() G.A.E.R Societa' Cooperati GAER CENTRALE - VIA F. SANTI, 5 - 42025 CORTE TEGGE DI
20260519103040836	altro	CAVRIAGO RE
20260519103040836	altro	eee Tel. 0522949620/30/40 - Fax 0522 494245 - Partita I. V. A. 0020439
20260519103040836	altro	MITTEN G.A.E.R Societa' Cooperativa DOCUMENTO DI TRASPORTO
20260519103040836	altro	GAER CENTRALE - VIA F. SANTI, 5 - 42025 CORTE TEGGE | DOCUMENTO NUME CAUSALE DEL TRASPOR
20260519103040836	intestazione_documento	DESTINATAR 027937 Pg 1/1 18/05/2026 Vendita
20260519103040836	luogo_destinazione	001519 - 078 LUOGO DI DESTINAZION
20260519103040836	altro	CONSUMER IN SRL
20260519103040836	indirizzo	COOP CCNO LI -SAVONA
20260519103040836	altro	PIAZZA G. FERRE’, 10 Partita IVA: 04117520967
20260519103040836	indirizzo	20025 LEGNANO CORSO RICCI, 211R
20260519103040836	indirizzo	Mi IT 17100 SAVONA
20260519103040836	altro	SV IT
20260519103040836	altro	ARTICOLO DESCRIZIONE DEI BENI QUANTIT
20260519103040836	altro	Merce fatiurata da Consumer.In srl a Coop Consorzio Nord Ovest P.I. 04117520967 e da quest'ultima ceduta al destinatario findle.
20260519103040836	riferimento_fattura_ordine	Rif. citato in fatt. VEND 030952 del 18/05/2026
20260519103040836	riferimento_fattura_ordine	N.ro ordine 026464219 del 18/05/2026
20260519103040836	altro	Lista di prelievo Totale n. colli
20260519103040836	altro	000053012 Ù
20260519103040836	indirizzo	COOP LIGURIA s.c.c. SAVONA
20260519103040836	altro	Sede Ipermercato
20260519103040836	indirizzo	Corso Ricci, 217 r..- 17100 SAVONA
20260519103040836	altro	19 MAG 2026
20260519103040836	altro	Gi fiterviamo di verifi .,
20260519103040836	altro	venticare le quantità e la
20260519103040836	altro	conformità degli erticoli successivamente al rito,
20260519103040836	altro	DATA INIZIO TRASPO TRASPORTO A C |V|GLS ENTERPRISE SRL
20260519103040836	altro	18/05/2026 11.53 E
20260519103040836	altro	MITTENT  |T
20260519103040836	altro	[] DESTINAT ù
20260519103040836	altro	TOTALE CO PESO KG VOLUME M DATA E ORA RICEZIONE |TIMBRO E FIRMA LEGGIBILE DEL DESTI
20260519103040836	altro	1 0,74 0,002
20260519103040836	altro	NOTE ORARI SCARICO 08:00 - 12:00/Lun - Mar - Mer - Gio - Ven/ (NECESSARIA PRENOTAZIONE/TEL. 019-84061
20260519103040836	altro	|
20260519103040836	altro	° SPONDARIRAY i») Si
20260519103040836	altro	MEZZI ACCETTA  FRG- MCS - BSS V A
20260520085758800	altro	ii G.A.E.R Societa' Cooperativa - GAER CENTRALE - VIA F. SANTI, 5 - 42025 CORTE TEGGE DI
20260520085758800	altro	CAVRIAGO RE
20260520085758800	altro	uni Tel. 0522949620/30/40 - Fax 0522 494245 - Partita |. V. A. 00204390355
20260520085758800	altro	MITTENT  G.A.E.R Societa' Cooperativa DOCUMENTO DI TRASPORTO
20260520085758800	altro	GAER CENTRALE - VIA F, SANTI, 5 - 42025 CORTE TEGGE DI CA | DOCUMENTO NUMERO | DATA CAUSALE DEL TRASPORTO
20260520085758800	intestazione_documento	DESTINATARI 027473 Pg 1/1 14/05/2026 Vendita
20260520085758800	luogo_destinazione	001519 - 078 LUOGO DI DESTINAZIONE
20260520085758800	altro	CONSUMER IN SRL
20260520085758800	indirizzo	COOP CONO LI -SAVONA
20260520085758800	altro	PIAZZA G. FERRE‘, 10 Partita IVA: 04117520967
20260520085758800	indirizzo	20025 LEGNANO CORSO RICCI, 211R j ì
20260520085758800	indirizzo	Mi T 17100 SAVONA Y |
20260520085758800	altro	SV T i
20260520085758800	altro	ARTICOLO DESCRIZIONE DEI BENI I QUANTITA’
20260520085758800	altro	Merce fatturata da Consumer.in sri a Coop Consorzio Nord Ovest P.I. 04117520967 e da quest'ultima ceduta al destinatario finale. iN
20260520085758800	riferimento_fattura_ordine	Rif. citato in fatt. VEND 030453 del 14/05/2026
20260520085758800	riferimento_fattura_ordine	N.ro ordine 025984030 del 14/05/2026
20260520085758800	riferimento_fattura_ordine	N.ro ordine 026173522 del 14/05/2026
20260520085758800	riferimento_fattura_ordine	N.ro ordine 028399350 del 14/05/2026
20260520085758800	altro	906195 ARDÉ  ARSST4OPNR VENTILATORE PIANTANA 40W 3VEL.SPALE STEELO 40PNR 8
20260520085758800	riferimento_fattura_ordine	. N.ro ordine 026525499 del 14/05/2026
20260520085758800	riferimento_fattura_ordine	N.ro ordine 026528784 del 14/05/2026
20260520085758800	altro	971761 HP 71A4L9B MF.INKJET COL.FAX 10PPM F/R 4CAR.WIFI TS ENVY6122E 4
20260520085758800	riferimento_fattura_ordine	Rif. citato in fatt. VEND 030454 del 14/05/2026
20260520085758800	riferimento_fattura_ordine	N.ro ordine 026524522 del 14/05/2026
20260520085758800	altro	Lista di prelievo Totale n. colli
20260520085758800	altro	000049436 1
20260520085758800	altro	000050284 3
20260520085758800	indirizzo	ipperc00p savona
20260520085758800	altro	BANCALI RESI ALLA PA
20260520085758800	altro	DATA INIZIO TRASPOR TRASPORTO A V | LOGISTICA UNO EUROPE SRL
20260520085758800	altro	14/05/2028 16.01 CURA DEL E
20260520085758800	altro	MITTENTE T
20260520085758800	altro	na DESTINATA {O
20260520085758800	altro	TOTALE COL PESO KG VOLUME MC DATA E ORA RICEZIONE ME { TIMBRO E FIRMA LEGGIBILE DEL DESTINATA
20260520085758800	altro	4 339,33 2,389 da
20260520085758800	altro	OR o ;
20260520085758800	indirizzo	(9OP-SGURIATTT SAVONA
20260520085758800	altro	NOTE ORARI SCARICO 08:00 - 12:00/Lun - Mar - Mer - Gio - Ven/ NECESSARIA PRENOTAZIONE/TEL. 0198608 Ipermercato: 4
20260520085758800	indirizzo	Corso Ricci, 211 r.- 17100 SAVONA
20260520085758800	altro	BORDERO N. 000110110 BANCALI (IN SPEDIZIONE) 3 FPRAP Poggi Si
20260520085758800	altro	MEZZI ACCETTAB  FRG-MCS-BSS ! IA
20260520085758800	altro	CI RISERVIAMO DI VERIFICARE LA GUAIITITAGE LA CONFORINTTA
20260520085758800	altro	DIGIT ARTICOLASI
20260520085758800	altro	Nero Imballi PALLET EPAL DA RENDERE: 3 CA o PRanTER amo |
20260520085758800	altro	f 7 à
20260520085758800	altro	VI,
20260521104038751	altro	GARN G.A.E.R Societa' Cooperati GAER CENTRALE - VIA F. SANTI, 5 - 42025 CORTE TEGGE DI
20260521104038751	altro	CAVRIAGO RE
20260521104038751	altro	csi Tel. 0522949620/30/40 - Fax 0522 494245 - Partita |. V. A. 0020439
20260521104038751	altro	GAER CENTRALE - VIA F. SANTI. 5 - 42025 CORTE TEGGE
20260521104038751	altro	= Òl Î
20260521104038751	luogo_destinazione	001519 - 078 LUOGO DI DESTINAZION i
20260521104038751	altro	=
20260521104038751	indirizzo	COOP CONO LI -SAVONA |
20260521104038751	altro	PIAZZA G. FERRE’, 10 Partita IVA: 04117520967 <
20260521104038751	indirizzo	20025 LEGNANO” CORSO RICCI, 211R
20260521104038751	indirizzo	MI IT : 17100. SAVONA
20260521104038751	altro	SV IT
20260521104038751	altro	Merce fatturata da Consumer.in srl a Coop Consorzio Nord Ovest P.I. 04117520967 e da quest'ultima ceduta al destinatario findle.
20260521104038751	riferimento_fattura_ordine	Rif. citato in fatt. VEND 031644 del 20/05/2026
20260521104038751	riferimento_fattura_ordine	N.ro ordine 026560053 del 20/05/2026
20260521104038751	altro	Lista di prelievo Totale n. colli
20260521104038751	altro	000056009 1
20260521104038751	indirizzo	DATA INIZIO TRASPO TRASPORTO A C [VT GLS ENTERPRISE S#0OP LIGURIA s.c.c. SAVONA
20260521104038751	altro	20/05/2026 09.00 E . Sedè Ipermercato:
20260521104038751	indirizzo	MITTENT |T Corso Rigéi911 r. - 17100 SAVONA
20260521104038751	altro	T] pestinar | | {
20260521104038751	altro	ALIA k
20260521104038751	altro	PESO KG VOLUME M DATA E ORA RICEZIONE. | TIMBRO E FIRMA LEGGIBILE DEL DESTI
20260521104038751	altro	1 4,16 0,015 PEGI SE O
20260521104038751	altro	NOTE ORARI SCARICO 08:00 - 12:00/Lun - Mar - Mer - Gio - Ven/ INECESSARIA PRENOTAABREERA VAR (061
20260521104038751	altro	SPONDA IDRAULICA: Si
20260521104038751	altro	MEZZI ACCETTA  FRG- MCS - BSS
20260522104954369	altro	® GAER Societa Cooperati GAER CENTRALE - VIA F. SANTI, 5 - 42025 CORTE TEGGE DI
20260522104954369	altro	CAVRIAGO RE
20260522104954369	altro	morini Tel. 0522949620/30/40 - Fax 0522 494245 - Partita |. V. A. 0020439
20260522104954369	altro	MITTEN G.A.E.R Societa' Cooperativa DOCUMENTO DI TRASPORTO
20260522104954369	altro	GAER CENTRALE - VIA F. SANTI. 5 - 42025 CORTE TEGGE BOCUMENTO NUME CAUSALE DEL TRASPOR
20260522104954369	intestazione_documento	DESTINATAR 028887 Pg 1/1 21/05/2026 Vendita
20260522104954369	luogo_destinazione	001519 - 078 LUOGO DI DESTINAZION
20260522104954369	altro	CONSUMER IN SRL
20260522104954369	indirizzo	COOP CCNO LI «SAVONA
20260522104954369	altro	PIAZZA G. FERRE", 10 Partita IVA: 04117520967
20260522104954369	indirizzo	20025 LEGNANO CORSO RICCI, 211R
20260522104954369	indirizzo	MI IT 17100 SAVONA
20260522104954369	altro	SV T .
20260522104954369	altro	ARTICOLO DESCRIZIONE DEI BENI [QUANTIT |
20260522104954369	altro	Merce fatturata da Consumer.In sr a Coop Consorzio Nord Ovest Mi. 041 17520967 e da quest'ultima ceduta al destinatario findle.
20260522104954369	riferimento_fattura_ordine	Rif. citato in fatt. VEND 031959 del 21/05/2026
20260522104954369	riferimento_fattura_ordine	N.ro ordine 026464221 del 21/05/2026
20260522104954369	riferimento_fattura_ordine	N.ro ordine 026517940 del 21/05/2026‘
20260522104954369	altro	Lista di prelievo Totale n. colli
20260522104954369	altro	000057525 1
20260522104954369	indirizzo	COOP LIGURIA 5.0.0. SAVONA
20260522104954369	altro	- Sede Ipermercato:
20260522104954369	indirizzo	Corso Ricci, 211 r. - 17100 SAVONA
20260522104954369	altro	22 MAG 2026
20260522104954369	altro	LA QUANTITA ELA CONFORMIIA”
20260522104954369	altro	CCI VARE SSIVAMENTE AL RITIRO.
20260522104954369	altro	GENERI VARI
20260522104954369	altro	È DATA INIZIO TRASPO TRASPORTO AC |M iaLs ENTERPRISE SRL
20260522104954369	altro	21/05/2026 08.35 È
20260522104954369	altro	MITTENT T
20260522104954369	altro	DJ pestinat |
20260522104954369	altro	TOTALE CO PESO KG VOLUME M DATA E ORA RICEZIONE | TIMBRO E FIRMA LEGGIBILE DEL DESTI
20260522104954369	altro	1 9,38 0,014
20260522104954369	altro	NOTE. ORARI SCARICO 08:00 - 12:00/Lun - Mar - Mer - Gio - Ven/ INECESSARIA PRENOTAZIONE/TEL. 019-84061
20260522104954369	altro	. lr
20260522104954369	altro	SPONDA IDHAÙLICA: Si
20260522104954369	altro	MEZZI ACCETTA FRG - MCS - BSS | UL. }
20260525080709853	altro	C) G.A.E.R Societa' Cooperati GAER C/O LOGISTICA UNO - VIA COLOMBARONE SN - 29010
20260525080709853	altro	* j MONTICELLI D'ONGINA PC
20260525080709853	altro	Ml det firenze © Tel. 0522949620/30/40 - Fax 0522 494245 - Partita 1. V. A. 0020439
20260525080709853	altro	MITTEN G.A.E.R Societa' Cooperativa DOCUMENTO DI TRASPORTO
20260525080709853	altro	GAER C/O LOGISTICA UNO - VIA COLOMBARONE SN - 290 | DOCUMENTO NUME |DATA CAUSALE DEL TRASPOR
20260525080709853	intestazione_documento	DESTINATAR 029216 Pg 1/1 22/05/2026 Vendita
20260525080709853	luogo_destinazione	001519-078 LUOGO DI DESTINAZION
20260525080709853	altro	CONSUMER IN SRL
20260525080709853	indirizzo	COOP CONO LI -SAVONA
20260525080709853	altro	PIAZZA G. FERRE', 10 Partita IVA: 04117520967
20260525080709853	indirizzo	20025 LEGNANO CORSO RICCI, 211R
20260525080709853	indirizzo	MI IT 17100. SAVONA
20260525080709853	altro	SV IT
20260525080709853	altro	ARTICOLO DESCRIZIONE DEI BENI QUANTIT
20260525080709853	altro	Merce fatturata da Consumer.In srl a Coop Consorzio Nord Ovest P.I. 04117520967 e da quest'ultima ceduta al destinatario findle.
20260525080709853	riferimento_fattura_ordine	Rif. citato in fatt. VEND 007486 del 22/05/2026
20260525080709853	riferimento_fattura_ordine	N.ro ordine 026464222 del 22/05/2026
20260525080709853	riferimento_fattura_ordine	N.ro ordine 026482234 del 22/05/2026
20260525080709853	riferimento_fattura_ordine	N.ro ordine 026517975 del 22/05/2026
20260525080709853	riferimento_fattura_ordine	N.ro ordine 026528912 del 22/05/2026
20260525080709853	indirizzo	COOP LIGURIA s.c.c. SAVONA
20260525080709853	altro	. Sede [perinercato:
20260525080709853	indirizzo	Corso Ricci, 271 r. ] 17100 SAVONA
20260525080709853	altro	25 Ye 2028
20260525080709853	altro	" JANTITA E LA CONFORMITA”
20260525080709853	altro	CARISER ARTICOLI SUCCESSIVAMENTE AL ITIRO.
20260525080709853	altro	DATA INIZIO TRASPO TRASPORTO AC [VT LOGISTICA UNO EUSEREETA VAR
20260525080709853	altro	22/05/2026 08.51 E
20260525080709853	altro	MITTENT T
20260525080709853	altro	[] DESTINAT T
20260525080709853	altro	TOTALE CO PESO KG VOLUME M DATA E ORA RICEZIONE |TIMBRO E FIRMA LEGGIBILE DEL DESTI
20260525080709853	altro	21 962,20 8,374
20260525080709853	altro	NOTE ORARI SCARICO 08:00 - 12:00/ Mar - Ven/ / NECESSARIA PRENOTAZIONE/ TEL. 019-84061 :
20260525080709853	altro	BORDERO N. 000110369 BANCALI (IN SPEDIZIONE) 8 SPONDA IDRAULICA: Si
20260525080709853	altro	N.ro Imballi PALLET EPAL DA RENDERE: 8
20260525081403799	altro	de .
20260525081403799	altro	| G.A.E.R Societa' Cooperativa - GAER CENTRALE - VIA F. SANTI, 5 - 42025 CORTE TEGGE DI
20260525081403799	altro	i CAVRIAGO RE
20260525081403799	altro	ceriizaa Tel. 0522949620/30/40 - Fax 0522 494245 - Partita |. V.A. 00204390355. x
20260525081403799	altro	MITTENT. G.A.E.R Societa' Cooperativa DOCUMENTO DI TRASPORTO
20260525081403799	altro	GAER CENTRALE - VIA F, SANTI, 5 - 42025 CORTE TEGGE DI CA | DOCUMENTO NUMERO | DATA CAUSALE DEL TRASPORTO
20260525081403799	intestazione_documento	DESTINATARI . J 028411 Pg 1/1 19/05/2026 Vendita
20260525081403799	luogo_destinazione	001519 - 078 LUOGO DI DESTINAZIONE
20260525081403799	altro	CONSUMER IN SRL
20260525081403799	indirizzo	COOP CCNO LI -SAVONA
20260525081403799	altro	PIAZZA G. FERRE’, 10 ” \ Partita IVA: 04117520967
20260525081403799	indirizzo	20025 LEGNANO CORSO RICCI, 211R
20260525081403799	indirizzo	MI IT 17100. SAVONA
20260525081403799	altro	Sv IT
20260525081403799	altro	ARTICOLO DESCRIZIONE DEI BENI QUANTITA
20260525081403799	altro	Merce fatturata da Consumer.In srl a Coop Consorzio Nord Ovest P.I. 04117520967 e da quest'ultima ceduta al destinatario finale.
20260525081403799	riferimento_fattura_ordine	Rif. citato in fatt. VEND 031432 del 19/05/2026
20260525081403799	riferimento_fattura_ordine	N.ro ordine 026399350 del 19/05/2026
20260525081403799	riferimento_fattura_ordine	N.ro ordine 026439296 del 19/05/2026
20260525081403799	riferimento_fattura_ordine	N.ro ordine 026464219 del 19/05/2026
20260525081403799	riferimento_fattura_ordine	N.ro ordine 026517934 del 19/05/2026
20260525081403799	riferimento_fattura_ordine	N.ro ordine 026539831 del 19/05/2026
20260525081403799	altro	Niro ordine 026539833 del 19/05/2026
20260525081403799	altro	Lista di prelievo Totale n. colli
20260525081403799	altro	Ci
20260525081403799	altro	i. 000053013 1
20260525081403799	altro	6 Pa, 000053014 3
20260525081403799	altro	"AED ag aa,
20260525081403799	altro	4, Ur 000055042 2
20260525081403799	altro	UA pe E
20260525081403799	altro	fo, Va :
20260525081403799	altro	°YA%y & Ag
20260525081403799	altro	Sed È ;
20260525081403799	indirizzo	“Ain, COOP LIGURIA s.c.c. SAVONA
20260525081403799	altro	i - Sede Ipermercato:
20260525081403799	indirizzo	Corso Ricci, 211 r. - 17100 SAVONA
20260525081403799	altro	5 0 DI VERIFICARE LA QUANTITA' E LA CONFORMITA"
20260525081403799	altro	n. Dl i PE IRIARTICOL SUCCESSIVAMENTE AL RITIRO.
20260525081403799	altro	i GENERI VARI
20260525081403799	altro	DATA INIZIO TRASPOR .  TRASPORTOA {VJLOGISTICA UNO EUROPE SRL
20260525081403799	altro	19/05/2026 14.43 i CURADEL È i
20260525081403799	altro	MITTENTE T o
20260525081403799	altro	DD) DESTINATA. {0 o :
20260525081403799	altro	TOTALE COL PESO KG VOLUME MC DATA E ORA RICEZIONE ME R O FIRMA] EBGIBILE DEL DESTINATA
20260525081403799	altro	sii
20260525081403799	altro	6 419,92 2,494 str e
20260525081403799	altro	NOTE. ORARI SCARICO 08:00 - 12:00/Lun - Mar - Mer - Gio - Ven/ NECESSARIA PRENOTAZIONE/TEL. 019-84061
20260525081403799	altro	BORDERO N. 000110244 BANCALI (IN SPEDIZIONE) 2 SPONDA IDRAULICA: Si
20260525081403799	altro	MEZZI ACCETTAB  FRG- MCS-BSS
20260525081403799	altro	N.ro Imballi PALLET EPAL DA RENDERE: 2
20260525081403799	altro	ae
20260525081403799	altro	() G.A.E.R Societa' Cooperati GAER C/O LOGISTICA UNO - VIA COLOMBARONE SN - 29010
20260525081403799	altro	MONTICELLI D'ONGINA PC
20260525081403799	altro	Gririmemi Tel. 0522949620/30/40 - Fax 0522 494245 - Partita I. V. A. 0020439 ;
20260525081403799	altro	MITTEN G.A.E.R Societa' Cooperativa DOCUMENTO DI TRASPORTO
20260525081403799	altro	GAER C/O LOGISTICA UNO - VIA COLOMBARONE SN - 290 { DOCUMENTO NUME | DATA CAUSALE DEL TRASPOR
20260525081403799	intestazione_documento	DESTINATAR 028530 Pg 1/1 19/05/2026 Vendita
20260525081403799	luogo_destinazione	001519 - 078 i i LUOGO DI DESTINAZION
20260525081403799	altro	CONSUMER IN SRL
20260525081403799	indirizzo	COOP CCNO LI -SAVONA
20260525081403799	altro	PIAZZA G. FERRE', 10 Partita IVA: 04117520967
20260525081403799	indirizzo	20025. LEGNANO CORSO RICCI, 211R
20260525081403799	indirizzo	MI IT 17100. SAVONA
20260525081403799	altro	SV IT
20260525081403799	altro	ARTICOLO DESCRIZIONE DEI BENI QUANTIT
20260525081403799	altro	Merce fatturata da Consumer.In srl a Coop Consorzio Nord Ovest P.I. 04117520967 e da quest'ultima ceduta al destinatario findle.
20260525081403799	riferimento_fattura_ordine	Rif. citato in fatt. VEND 007327 del 19/05/2026
20260525081403799	riferimento_fattura_ordine	N.ro ordine 026452243 del 19/05/2026
20260525081403799	riferimento_fattura_ordine	Rif. citato in fatt. VEND 007328 del 19/05/2026
20260525081403799	altro	ORDINE DA TOTEM: filo raffaele
20260525081403799	riferimento_fattura_ordine	N.ro ordine 026535328 del 19/05/2026
20260525081403799	altro	(Re
20260525081403799	indirizzo	WIENTECI SAVONA
20260525081403799	altro	BANCALI RESI ALLA PARI
20260525081403799	indirizzo	COOP LIGURIA s.c.c. SAVONA
20260525081403799	altro	Sede Ipermercato:
20260525081403799	indirizzo	Corso Ricci, 211 r. - 17100 SAVONA
20260525081403799	altro	25 MAG 2026
20260525081403799	altro	LA QUANTITA’ E LA CONFORMITA”
20260525081403799	altro	i A IRANCOLI SICGESSNAMENTE AL RITIRO.
20260525081403799	altro	° GENERI VARI
20260525081403799	altro	DATA INIZIO TRASPO TRASPORTO A C ÎV {LOGISTICA UNO EUROPE SRL
20260525081403799	altro	19/05/2026 16.54 | E
20260525081403799	altro	MITTENT. |T
20260525081403799	altro	[] DESTINAT T . du
20260525081403799	altro	fe vic i
20260525081403799	altro	TOTALE CO PESO KG VOLUME M DATA E ORA RICEZIONE |TIMBRO FERMA LEGBIBICE DEL DESTI
20260525081403799	altro	4 i o
20260525081403799	altro	ti 107,50 0,966 i rea
20260525081403799	altro	NOTE ORARI SCARICO 08:00 - 12:00/Lun - Mar - Mer - Gio - Ven/ [NECESSARIA PRENOTAZIONE/TEL. 019-84061
20260525081403799	altro	BORDERO N. 000110256 BANCALI (IN SPEDIZIONE) 2 SPONDA IDRAULICA: Si
20260525081403799	altro	MEZZI ACCETTA FRG - MCS - BSS :
20260525081403799	altro	N.ro Imballi PALLET EPAL DA RENDERE: 1 - PALLET LEGNO 75X75 A RENDERE: 1
20260526104301501	documento_senza_righe_articolo	(85 righe, layout non gestito)
20260526104406468	documento_senza_righe_articolo	(53 righe, layout non gestito)
20260528064620893	altro	”-
20260528064620893	altro	ì G.A.E.R Societa" Cooperativa - GAER cor VIA F. SANTI, 5 - 42025 CORTE TEGGE DI
20260528064620893	altro	RS CAVRIAGO RE
20260528064620893	altro	Quirra mr Tel. 0522949620/30/40 - Fax 0522 494245 - Partita I. V. A. 00204390355
20260528064620893	altro	MITTENT. G.A.E.R Societa' Cooperativa DOCUMENTO DI TRASPORTO
20260528064620893	altro	GAER CENTRALE - VIA F. SANTI, 5 - 42025 CORTE TEGGE DI CA DOCUMENTO NUMERO | DATA CAUSALE DEL TRASPORTO
20260528064620893	intestazione_documento	029206 . Pg 1/ 2 22/05/2026 Vendita
20260528064620893	altro	DESTINATARI
20260528064620893	luogo_destinazione	001519 - 078 LUOGO DI DESTINAZIONE .
20260528064620893	altro	CONSUMER IN SRL
20260528064620893	indirizzo	COOP CONO Li -SAVONA
20260528064620893	altro	PIAZZAG. FERRE 10. Partita IVA: 04117520967
20260528064620893	indirizzo	20025 LEGNANO CORSO RICCI, 211R
20260528064620893	indirizzo	Mi TT 17100 ’ SAVONA
20260528064620893	altro	ii EV Tm.
20260528064620893	altro	ARTICOLO DESCRIZIONE DEI BENI,
20260528064620893	altro	Merce fatturata da (Consumer.In sri a Coop Consorzio Nord Ovest P.I. 04117520967 e da quest'ultima ceduta al destinatario finale.
20260528064620893	riferimento_fattura_ordine	Rif. citato in fatt. VEND 032315 del 22/05/2026
20260528064620893	riferimento_fattura_ordine	N.ro ordine 026560053 del 22/05/2026 :
20260528064620893	altro	836409 HP 7MD66F. STAMP.LASER B/N 20PPM 600DPI WIFI LASERJET M110W 1
20260528064620893	altro	836409 HP 7MD66F STAMP.LASER B/N 20PPM 600DP1 WIFI LASERJET M110W 1
20260528064620893	altro	971763 HP AZ4HWB  MF.INKJET COL. 7.5PPM 4CART.WIFI DESKJET 2921 NERO 4
20260528064620893	altro	ORDINE DA TOTEM: sig. sciutto mafalda
20260528064620893	riferimento_fattura_ordine	N.ro ordine 026561904 del 22/05/2026
20260528064620893	riferimento_fattura_ordine	Rif. citato in fatt. VEND 032316 del 22/05/2026
20260528064620893	riferimento_fattura_ordine	N.ro ordine 025984080 del 22/05/2026
20260528064620893	riferimento_fattura_ordine	N.ro ordine 026176082 del 22/05/2026
20260528064620893	altro	»
20260528064620893	riferimento_fattura_ordine	N.ro ordine 026464221 del 22/05/2026
20260528064620893	riferimento_fattura_ordine	N.ro ordine 026517940 del 22/05/2026
20260528064620893	altro	Lista di prelievo Totale n. colli. .
20260528064620893	altro	DATA INIZIO TRASPOR TRASPORTOA |V {LOGISTICA UNO EUROPE SRL
20260528064620893	altro	22/05/2026 08.39 CURA DEL E “
20260528064620893	altro	MITTENTE JT
20260528064620893	altro	[CU] DESTINATA |o i
20260528064620893	altro	TOTALE COL PESO KG VOLUME MC DATA E ORA RICEZIONE ME | TIMBRO E FIRMA LEGGIBILE DEL DESTINATA
20260528064620893	altro	6 567,46 3,533 O
20260528064620893	altro	NOTE ORARI SCARICO 08:00 - 12:00/ Mar - Ven! / NECESSARIA PRENOTAZIONE/ TEL. 019-84061
20260528064620893	altro	BORDERO N. 000110368 BANCALI (IN SPEDIZIONE) 4 > SPONDA IDRAULICA: Si
20260528064620893	altro	Nuro imballi PALLET EPAL DA RENDERE: 4 .
20260528064620893	altro	nn
20260528064620893	altro	‘ x GAER Societa' Cooperativa - GAER CENTRALE - VIA F. SANTI, 5 - 42025 CORTE TEGGE DI
20260528064620893	altro	< i CAVRIAGO RE
20260528064620893	altro	HO. Tel. 0522949620/30/40 - Fax 0522 494245 - Partita 1. V. A. 00204390355
20260528064620893	altro	MITTENT  GAE.R Societa' Cooperativa DOCUMENTO DI TRASPORTO
20260528064620893	altro	GAER CENTRALE - VIA F. SANTI, 5 - 42025 CORTE TEGGE DI CA DOCUMENTO NUMERO | DATA CAUSALE DEL TRASPORTO
20260528064620893	altro	029206 Pg 2/ 2 12/05/20: Vendita
20260528064620893	altro	DESTINATARI 9 22/05/2026
20260528064620893	luogo_destinazione	001519 - 078 LUOGO DI DESTINAZIONE
20260528064620893	altro	CONSUMER IN SRL
20260528064620893	indirizzo	COOP CCNO LI -SAVONA
20260528064620893	altro	PIAZZA G. FERRE!, 10 Partita IVA: 04117520967
20260528064620893	indirizzo	20025 LEGNANO CORSO RICCI, 211R
20260528064620893	indirizzo	Mi mm 17100 — SAVONA
20260528064620893	altro	i SV Tm.
20260528064620893	altro	ARTICOLO DESCRIZIONE DEI BENI. __ QUANTITA’
20260528064620893	altro	000056012 1
20260528064620893	altro	Li 000057528 1
20260528064620893	altro	000058594 4
20260528064620893	altro	N
20260528064620893	indirizzo	COOP LIGURIA s.c.c. SAVONA
20260528064620893	altro	c . Sede Ù rmercato:
20260528064620893	indirizzo	orso Ricci, 271%. - 17100 SAVONA
20260528064620893	altro	2 8|NAG 2025
20260528064620893	altro	CI RISERVIAMO DI VERIFICARE LA QUANTITA” ,
20260528064620893	altro	DEGLI ARTICOLI SUCCESSIVAMENTE ARA
20260528064620893	altro	. GENERI VARI “a
20260528064620893	altro	DATA INIZIO TRASPOR . TRASPORTO A, V| LOGISTICA UNO EUROPE SRL
20260528064620893	altro	22/05/2026 08.39 CURA DEL E
20260528064620893	altro	morente [I
20260528064620893	altro	[]] pestinatA jo i
20260528064620893	altro	TOTALE COL PESO KG VOLUME MC DATA E ORA RICEZIONE ME | TIMBRO E FIRMA. LEGGIBILE DEL DESTINATA
20260528064620893	altro	6 567,46 3,533 UT
20260528064620893	altro	NOTE. ORARI SCARICO 08:00 - 12:00/ Mar - Ven/ / NECESSARIA PRENOTAZIONE/ TEL. 019-84061
20260528064620893	altro	BORDERO N. 000110368 BANCALI (IN SPEDIZIONE) 4 SPONDA IDRAULICA: Si
20260528064620893	altro	N.r0 imballi PALLET EPAL DA RENDERE: 4 .
20260603093815619	altro	mm
20260603093815619	altro	C) GA.E.R Societa Cooperati GAER CENTRALE - VIA F. SANTI, 5 - 42025 CORTE TEGGE DI
20260603093815619	altro	CAVRIAGO RE
20260603093815619	altro	ine Tel. 0522949620/30/40 - Fax 0522 494245 - Partita |. V.A. 0020439
20260603093815619	altro	MITTEN GAER Societa' Cooperativa DOCUMENTO DI TRASPORTO
20260603093815619	altro	GAER CENTRALE - VIA F. SANTI, 5 - 42025 CORTE TEGGE | DOCUMENTO NUME CAUSALE DEL TRASPOR
20260603093815619	intestazione_documento	DESTINATAR 030955 Pg 1/1 01/06/2026 Vendita
20260603093815619	luogo_destinazione	001519 -078 LUOGO DI DESTINAZION
20260603093815619	altro	CONSUMER IN SRL
20260603093815619	indirizzo	. | COOP CONO LI SAVONA
20260603093815619	altro	PIAZZA G. FERRE, 10 Partita IVA: 04117520967
20260603093815619	indirizzo	20025 LEGNANO CORSO RICCI, 211R
20260603093815619	indirizzo	Mi rr 17100 SAVONA
20260603093815619	altro	SV m
20260603093815619	altro	DESCRIZIONE DEI BENI | QUANTIT |
20260603093815619	altro	Merce fatturata da Consumer.in Srl a Coop Consorzio Nord Ovest P.I. 04117520967 e da quest'ultima ceduta al destinatario findle.
20260603093815619	altro	Da Lista Preliev 000067926
20260603093815619	riferimento_fattura_ordine	Rif. citato in fatt. VEND 034151 del 01/06/2026
20260603093815619	riferimento_fattura_ordine	N.ro ordine 026560053 del 01/06/2026
20260603093815619	riferimento_fattura_ordine	N.ro ordine 026575378 del 01/06/2026
20260603093815619	riferimento_fattura_ordine	Rif. citato in fatt, VEND 034152 del 01/06/2026
20260603093815619	riferimento_fattura_ordine	N.ro ordine 026588625 del 01/06/2026
20260603093815619	riferimento_fattura_ordine	N.ro ordine 026600024 del 01/06/2026
20260603093815619	altro	948135 W3 501264GBWINDTREPRIMEBLACK  SMARTP.TCL 6"QHD+ 2GB 64GB 8
20260603093815619	altro	Lista di prelievo Totale n. colli
20260603093815619	altro	000067926 1
20260603093815619	altro	VOTTE |
20260603093815619	indirizzo	COOP UGURIA suc. SAVONA
20260603093815619	altro	Sd permea .
20260603093815619	indirizzo	Corso Bedi, ZII r.- 17100 SAVONA
20260603093815619	altro	«0 3 GIU 2026
20260603093815619	altro	Gi riserviamo di verificare le quantità e la
20260603093815619	altro	conformità deli articoli successivamente al tiro,
20260603093815619	altro	7
20260603093815619	altro	DATA INIZIO TRASPO TRASPORTO AC | V| GLS ENTERPRISE SRL /
20260603093815619	altro	01/06/2026 08.20 E ’l
20260603093815619	altro	- MITTENT  |T i Hi
20260603093815619	altro	T $ 4
20260603093815619	altro	[]] DESTINAT / /
20260603093815619	altro	TOTALE CO PESO KG VOLUME M DATA E ORA RICEZIONE |TIMBRO dna GIBILE DEL D ;
20260603093815619	altro	1 16,80 Vi
20260603093815619	altro	0,031 tti
20260603093815619	altro	NOTE ORARI SCARICO 08:00 - 12:00/ Mar - Ven// NECESSARIA PRENOTAZIONE/ TEL. 019-84061 } 7
20260603093815619	altro	/
20260603093815619	altro	SPONDA IDRAULICA: Si
20260603093815619	altro	__
20260603093815619	altro	(O) G.A.E.R Societa' Cooperati GAER CENTRALE - VIA F. SANTI, 5 - 42025 CORTE TEGGE DI
20260603093815619	altro	| CAVRIAGO RE
20260603093815619	altro	sce cparane Tel. 0522949620/30/40 - Fax 0522 494245 - Partita I. V. A. 0020439
20260603093815619	altro	MITTEN GAE.R Societa' Cooperativa DOCUMENTO DI TRASPORTO
20260603093815619	altro	GAER CENTRALE - VIA F. SANTI. 5 - 42025 CORTE TEGGE DOCUMENTO NUME |DATA CAUSALE DEL TRASPOR
20260603093815619	intestazione_documento	DESTINATAR 030338 Pg 1/1 28/05/2026 Vendita
20260603093815619	luogo_destinazione	001519 -078 LUOGO DI DESTINAZION
20260603093815619	altro	CONSUMER IN SRL
20260603093815619	indirizzo	COOP CONO LI -SAVONA
20260603093815619	altro	PIAZZA G. FERRE, 10 Partita IVA: 04117520967
20260603093815619	indirizzo	20025 LEGNANO CORSO RICCI, 211R
20260603093815619	indirizzo	MI T 17100 SAVONA
20260603093815619	altro	SV IT
20260603093815619	altro	ARTICOLO DESCRIZIONE DEI BENI QUANTIT
20260603093815619	altro	Merce fatturata da Consumer.In srl a Coop Consorzio Nord Ovest P.I. 04117520967 e da quest'ultima ceduta al destinatario fina
20260603093815619	altro	Da Lista Preliev 000065358
20260603093815619	riferimento_fattura_ordine	Rif. citato in fatt. VEND 033529 del 28/05/2026
20260603093815619	riferimento_fattura_ordine	N.ro ordine 026582839 del 28/05/2026
20260603093815619	altro	Lista di prelievo Totale n. colli
20260603093815619	altro	000065358 1
20260603093815619	altro	NONA
20260603093815619	altro	GURA ateo ON
20260603093815619	altro	OO e reo SÎ
20260603093815619	altro	RESGALAE
20260603093815619	altro	ese QUI ee
20260603093815619	altro	LA 6 ggtitea.
20260603093815619	altro	cate e v i
20260603093815619	altro	famo. pueti care gno
20260603093815619	altro	giano i
20260603093815619	altro	coro l
20260603093815619	altro	/
20260603093815619	altro	DATA INIZIO TRASPO TRASPORTO AC |VJGLS ENTERPRISE SRL f,
20260603093815619	altro	28/05/2026 06.50 E i i
20260603093815619	altro	MITTENT T . |
20260603093815619	altro	D vestinar |
20260603093815619	altro	TOTALE CO PESO KG VOLUME M DATA E ORA RICEZIONE |TIMBRO E Ri IA LEGGIBILE DEL DESTI
20260603093815619	altro	1 2,80 0,005 Ì
20260603093815619	altro	NOTE ORARI SCARICO 08:00 - 12:00/ Mar - Ven/ / NECESSARIA PRENOTAZIONE/ TEL. 019-84061 A
20260603093815619	altro	SPONDA IDRAULICA: Si
20260604063708799	altro	(| i G.A.E.R Societa' Cooperati GAER C/O LOGISTICA UNO - VIA COLOMBARONE SN - 29010
20260604063708799	altro	È MONTICELLI D'ONGINA PC
20260604063708799	altro	" screen Tel. 0522949620/30/40 - Fax 0522 494245 - Partita 1. V. A. 0020439
20260604063708799	altro	MITTEN G.A.E.R Societa' Cooperativa DOCUMENTO DI TRASPORTO .
20260604063708799	altro	GAER C/O LOGISTICA UNO - VIA COLOMBARONE SN - 290 DOCUMENTO NUME |DATA CAUSALE DEL TRASPOR
20260604063708799	altro	Vendi
20260604063708799	intestazione_documento	DESTINATAR 030588 Pg 1/1 28/05/2026 \ ‘endita
20260604063708799	luogo_destinazione	001519 - 078 LUOGO DI DESTINAZION -
20260604063708799	altro	CONSUMER IN SRL .
20260604063708799	indirizzo	COOP CONO LI -SAVONA : !
20260604063708799	altro	PIAZZA G. FERRE, sto) Partita IVA: 104117520967 i ° :
20260604063708799	indirizzo	20025 LEGNANO CORSO RICCI, 211R . : POR
20260604063708799	indirizzo	VI 17100 : SAVONA o l PG
20260604063708799	altro	SV IT};
20260604063708799	altro	ARTICOLO DESCRIZIONE DEI: BENI QUANTIT
20260604063708799	altro	Merce fatturata da Consumer.in srl a Coop Consorzio Nord Ovest P.I. 04117520967 e da quest'ultima ceduta al destinatario finale.
20260604063708799	altro	Da Lista Preliev 000065806 0
20260604063708799	riferimento_fattura_ordine	Rif. citato în fatt. VEND 007918 del 28/05/2026
20260604063708799	altro	ORDINE DA TOTEM: sARI giuSEPPINA .
20260604063708799	riferimento_fattura_ordine	N.ro ordine 026585341 del 28/05/2026
20260604063708799	riferimento_fattura_ordine	Rif. citato in fatt. VEND 007919 del 28/05/2026
20260604063708799	riferimento_fattura_ordine	N.ro ordine 026584843 del 28/05/2026
20260604063708799	altro	c
20260604063708799	indirizzo	COOP LIGURIA s.c.c. SAVONA
20260604063708799	altro	Sede Ipefmercato:
20260604063708799	indirizzo	‘Corso Ricci, 211 s.| 17100 SAVONA
20260604063708799	altro	di 2026
20260604063708799	altro	LA QUANTITA ELA CONFORMITÀ
20260604063708799	altro	dini CI Si SSIVAMENTE AL RITIRO. Lo.
20260604063708799	altro	i NERI VARI
20260604063708799	altro	DATA INIZIO TRASPO TRASPORTO AC |VÎ LOGISTICA UNO EUROPE SRL
20260604063708799	altro	28/05/2026 14.53 l E _
20260604063708799	altro	MTTENT |TT
20260604063708799	altro	. [] DESTINAT T
20260604063708799	altro	TOTALE CO PESO KG VOLUME M DATA E ORA RICEZIONE |TIMBRO E FIRMA LEGGIBILE DEL DESTI
20260604063708799	altro	5 302,00 1,794 7
20260604063708799	altro	NOTE. ORARI SCARICO 08:00 - 12:00/ Mar - Ven/ / NECESSARIA PRENOTAZIONE/ TEL. 019-84061
20260604063708799	altro	BORDERO N. 000110588 BANCALI (IN SPEDIZIONE) 2 SPONDA IDRAULICA: Si
20260604063708799	altro	N.ro Imballi PALLET EPAL DA RENDERE: 2
20260604063708799	altro	sN GA.ER Societa' Cooperativa - GAER CENTRALE - VIA F. SANTI, 5- 42025 CORTE TEGGE DI
20260604063708799	altro	CAVRIAGO RE
20260604063708799	altro	N Tel. 0522949620/30/40 - Fax 0522 494245 - Partita |. V. A. 00204390355
20260604063708799	altro	MILTENT  GA.E.R Societa' Cooperativa DOCUMENTO DI TRASPORTO
20260604063708799	altro	GAER CENTRALE - VIA F. SANTI, 5 - 42025 CORTE TEGGE DI CA | DOCUMENTO NUMERO | DATA CAUSALE DEL TRASPORTO
20260604063708799	altro	030491 Pg 1/1 /05/2 Vendita
20260604063708799	altro	DESTINATARI 3 9 28/05/2026 .
20260604063708799	luogo_destinazione	001519 - 078 LUOGO DI DESTINAZIONE
20260604063708799	altro	CONSUMER IN SRL .
20260604063708799	indirizzo	COOP CONO LI -SAVONA : !
20260604063708799	altro	PIAZZA G. FERRE', 10 Partita IVA: | | 04117520967 , : :
20260604063708799	indirizzo	20025 = LEGNANO CORSO RICCI, 211R , Da
20260604063708799	indirizzo	Mi IT 17100 : SAVONA . i 501
20260604063708799	altro	{Sv mi ; ;
20260604063708799	altro	ARTICOLO DESCRIZIONE DEI BENI .
20260604063708799	altro	Merce fatturata da Consumer.In srl a Coop Consorzio Nord Ovest Pi. 04117520967 e da quest'ultima ceduta al destinatario finale.
20260604063708799	altro	Da Lista Prelievo: 000085776 e
20260604063708799	riferimento_fattura_ordine	Rif. citato in fatt. VEND 033652 del 28/05/2026 ‘
20260604063708799	riferimento_fattura_ordine	N.ro ordine 026173522 del 28/05/2026 .
20260604063708799	riferimento_fattura_ordine	N.ro ordine 026573023 del 28/05/2026
20260604063708799	riferimento_fattura_ordine	N.ro ordine 026573034 del 28/05/2026
20260604063708799	altro	945660 G3FE G1021500 FRIGGITRICE AD ARIA 2200W 9LT 2RESIS.FRIGGISA.STAR
20260604063708799	altro	° Lista di prelievo Totale n. colli
20260604063708799	altro	000065776 1
20260604063708799	altro	Loi
20260604063708799	altro	° VONA
20260604063708799	altro	cooP LIGURIA sc SA
20260604063708799	altro	Sede Ipgrm® À
20260604063708799	indirizzo	2 OR 0 SAVONA
20260604063708799	indirizzo	Corso Ricci, uv
20260604063708799	altro	Qu GIÙ 2028
20260604063708799	altro	A rtad ELA CONFORMITA o
20260604063708799	altro	spun venti RELA duna EA RoTIRO. .
20260604063708799	altro	DATA INIZIO TRASPOR . TRASPORTOA  |V|PSCISUCAI NPAPASRL
20260604063708799	altro	28/05/2026 11.57 CURA DEL E NERA .
20260604063708799	altro	mitente  |I
20260604063708799	altro	: [] pestINaTA {O
20260604063708799	altro	TOTALE COL PESO KG VOLUME MC DATA E ORA RICEZIONE ME | TIMBRO E FIRMA LEGGIBILE DEL DESTINATA
20260604063708799	altro	1 119,40 0,981 7
20260604063708799	altro	NOTE. ORARI SCARICO 08:00 - 12:00/ Mar - Ven/ / NECESSARIA PRENOTAZIONE/ TEL. 019-84061
20260604063708799	altro	BORDERO N. 000110561 BANCALI (IN SPEDIZIONE) 1 SPONDA IDRAULICA: Si
20260604063708799	altro	N.ro imballi PALLET EPAL DA RENDERE: 1 J
20260604102510504	altro	di GAER Societa' Cooperativa - GAER CENTRALE - VIA F. SANTI, 5 - 42025 CORTE TEGGE DI
20260604102510504	altro	° CAVRIAGO RE
20260604102510504	altro	cai Tel. 0522949620/30/40 - Fax 0522 494245 - Partita I. V. A. 00204390355
20260604102510504	altro	MITTENT  G.A.E.R Societa' Cooperativa DOCUMENTO DI TRASPORTO
20260604102510504	altro	GAER CENTRALE - VIA F. SANTI, 5 - 42025 CORTE TEGGE DI CA DOCUMENTO NUMERO CAUSALE DEL TRASPORTO
20260604102510504	intestazione_documento	DESTINATARI 031065 Pg 1/1 01/06/2026 Vendita
20260604102510504	luogo_destinazione	001519 - 078 LUOGO DI DESTINAZIONE î
20260604102510504	altro	CONSUMER IN SRL
20260604102510504	indirizzo	COOP CCNO LI -SAVONA
20260604102510504	altro	PIAZZA G. FERRE, 10 Partita IVA: 04117520967 ”
20260604102510504	indirizzo	20025 LEGNANO CORSO RICCI, 211R
20260604102510504	indirizzo	MI IT 17100. SAVONA
20260604102510504	altro	SV Tm
20260604102510504	altro	ARTICOLO DESCRIZIONE DEI BENI QUANTITA
20260604102510504	altro	Merce fatturata da Consumer.in sri a Coop Consorzio Nord Ovest P.l. 04117520967 e da quest'ultima ceduta al destinatario finale.
20260604102510504	altro	Da Lista Prelievo: 000068652
20260604102510504	riferimento_fattura_ordine	Rif. citato in fatt. VEND 034277 del 01/06/2026
20260604102510504	altro	ORDINE DA TOTEM: giorgio fontana (cambi
20260604102510504	altro	0)
20260604102510504	riferimento_fattura_ordine	N.ro ordine 026588401 del 01/06/2026
20260604102510504	altro	ORDINE DA TOTEM: sig.ra mafalda sciutto
20260604102510504	riferimento_fattura_ordine	N.ro ordine 026599756 del 01/06/2026
20260604102510504	altro	Lista di prelievo Totale n. colli
20260604102510504	altro	000068652 1
20260604102510504	altro	e TO>TATMAA
20260604102510504	indirizzo	SAVONA
20260604102510504	indirizzo	Da ; COOP LIGURIA s.c.c. SAVONA
20260604102510504	altro	BANCALI RESI ALLA PARI Sede [permercato:
20260604102510504	indirizzo	Corso Rieci, 211 r.- 17100 SAVONA
20260604102510504	altro	(RISERVIAMO DI VERIFICARE LA QUANTITA” E LA CONFORMITA
20260604102510504	altro	DEGLI ARTICOLI SUCCESSIVAMENTE AL RITIRO,
20260604102510504	altro	GENERI VARI
20260604102510504	altro	DATA INIZIO TRASPOR TRASPORTO A V| LOGISTICA UNO EUROPE SRL.
20260604102510504	altro	01/06/2026 12.30 CURA DEL E
20260604102510504	altro	MITTENTE 1
20260604102510504	altro	[] pESTINATA {O
20260604102510504	altro	‘ | TOTALE COL PESO KG VOLUME MC DATA E ORA RICEZIONE ME | TIMBRO E FIRMA LEGGIBILE DEL DESTINATA
20260604102510504	altro	1 66,46 0,327
20260604102510504	altro	NOTE ORARI SCARICO 08:00 - 12:00/ Mar - Ven/ / NECESSARIA PRENOTAZIONE/ TEL. 019-84061
20260604102510504	altro	BORDERO N. 000110671 BANCALI (IN SPEDIZIONE) 1 SPONDA IDRAULICA: Si
20260604102510504	altro	Ro imballi PALLET LEGNO 75X75 A RENDERE: 1 I —— |
20260604102510504	altro	US
20260604102510504	altro	_—__—m_—_———
20260604112755386	altro	() f G.A.E.R Societa' Cooperati GAER CENTRALE - VIA F. SANTI, 5 - 42025 CORTE TEGGE DI
20260604112755386	altro	CAVRIAGO RE
20260604112755386	altro	cime Tel. 0522949620/30/40 - Fax 0522 494245 - Partita I. V. A. 0020439
20260604112755386	altro	MITTEN G.A.E.R Societa' Cooperativa DOCUMENTO DI TRASPORTO
20260604112755386	altro	GAER CENTRALE - VIA F. SANTI. 5 - 42025 CORTE TEGGE | DOCUMENTO NUME |DATA CAUSALE DEL TRASPOR
20260604112755386	intestazione_documento	DESTINATAR 031335 Pg 1/1 03/06/2026 Vendita
20260604112755386	luogo_destinazione	001519 - 078 LUOGO DI DESTINAZION
20260604112755386	altro	CONSUMER IN SRL
20260604112755386	indirizzo	COOP CONO LI -SAVONA
20260604112755386	altro	PIAZZA G. FERRE", 10 Partita IVA: 04117520967
20260604112755386	indirizzo	20025 LEGNANO CORSO RICCI, 211R
20260604112755386	indirizzo	MI IT 17100 SAVONA
20260604112755386	altro	SV IT
20260604112755386	altro	ARTICOLO DESCRIZIONE DEI BENI QUANTIT
20260604112755386	altro	Merce fatturata da Consumer.In srl a Coop Consorzio Nord Ovest P.I. 04117520967 e da quest'ultima ceduta al destinatario findle.
20260604112755386	altro	Da Lista Preliev 000069992
20260604112755386	riferimento_fattura_ordine	Rif. citato in fatt. VEND 034555 del 03/06/2026
20260604112755386	riferimento_fattura_ordine	N.ro ordine 026588625 del 03/06/2026
20260604112755386	altro	Lista di prelievo Totale n. colli
20260604112755386	altro	. 000069992 1
20260604112755386	altro	DATA INIZIO TRASPO TRASPORTO A C |V | GLS ENTERPRISE SRL
20260604112755386	altro	03/06/2026 13.33 E
20260604112755386	altro	MITTENT|Î
20260604112755386	altro	D] DestINAT |°
20260604112755386	altro	TOTALE CO PESO KG VOLUME M DATA E ORA RICEZIONE | TIMBRO E FIRMA LEGGIBILE DEL DESTI
20260604112755386	altro	1 0,67 0,001
20260604112755386	altro	NOTE. ORARI SCARICO 08:00 - 12:00/ Mar - Ven! / NECESSARIA PRENOTAZIONE/ TEL. 019-84061
20260604112755386	altro	SPO ) DA IDRAULICA: si
20260604112755386	altro	i p
20260605114042010	altro	G.A.E.R Societa' Cooperati GAER CENTRALE - VIA F. SANTI, 5 - 42025 CORTE TEGGE DI
20260605114042010	altro	: CAVRIAGO RE
20260605114042010	altro	È conan Tel. 0522049620/30/40 - Fax 0522 494245 - Partita I. V. A. 0020439
20260605114042010	altro	MITTEN G.A.E.R Societa' Cooperativa DOCUMENTO DI TRASPORTO
20260605114042010	altro	GAER CENTRALE - VIA F. SANTI. 5 - 42025 CORTE TEGGE | DOCUMENTO NUME DATA CAUSALE DEL. TRASPOR
20260605114042010	intestazione_documento	DESTINATAR 031480 Pg 1/1 04/06/2026 Vendita
20260605114042010	luogo_destinazione	001519 -078 LUOGO DI DESTINAZION
20260605114042010	altro	CONSUMER IN SRL
20260605114042010	indirizzo	COOP CONO LI -SAVONA
20260605114042010	altro	PIAZZA G. FERRE", 10 Partita IVA: 04117520967
20260605114042010	indirizzo	20025 LEGNANO CORSO RICCI, 211R
20260605114042010	indirizzo	MI IT 17100 SAVONA
20260605114042010	altro	SV IT
20260605114042010	altro	ARTICOLO DESCRIZIONE DEI BENI QUANTIT
20260605114042010	altro	Merce fatturata da Consumer.In srl a Coop Consorzio Nord Ovest P.I. 04117520967 e da quest'ultima ceduta al destinatario finale.
20260605114042010	altro	Da Lista Preliev 000071477
20260605114042010	riferimento_fattura_ordine	Rif. citato in fatt. VEND 034690 del 04/06/2026
20260605114042010	riferimento_fattura_ordine	N.ro ordine 026464219 del 04/06/2026
20260605114042010	riferimento_fattura_ordine	N.ro ordine 026588625 del 04/06/2026
20260605114042010	altro	Lista di prelievo Totale n. colli
20260605114042010	altro	' 000071477 1
20260605114042010	altro	i |
20260605114042010	altro	Toe
20260605114042010	altro	d
20260605114042010	indirizzo	do COOP LIGURIA s.c.c. SAVONA
20260605114042010	altro	I Sede Ipermercato:
20260605114042010	indirizzo	j Corso Ricci, 211 r. - 17100 SAVONA
20260605114042010	altro	05 GIU 2026
20260605114042010	altro	. 7 LA QUANTITA” E LA CONFORMITA"
20260605114042010	altro	CERI SUCCESSIVAMENTE ALRITIRO,
20260605114042010	altro	GENERI VARI
20260605114042010	altro	DATA INIZIO TRASPO TRASPORTO A C |V|GLS ENTERPRISE SRL
20260605114042010	altro	04/06/2026 09.03 E
20260605114042010	altro	MITENT |T i
20260605114042010	altro	DI vestinat | {A
20260605114042010	altro	TOTALE CO PESO KG VOLUME M DATA E ORA RICEZIONE | TIMBRO E FIRMA LEGGE
20260605114042010	altro	1 4,31 0,014 N i
20260605114042010	altro	Sr
20260605114042010	altro	NOTE ORARI SCARICO 08:00 - 12:00/ Mar - Ven/ / NECESSARIA PRENOTAZIONE/ TEL. 019-84061 AA
20260605114042010	altro	DI
20260605114042010	altro	SPONDA IDRAULICA: Si
20260605114042010	altro	N.ro Imballi
20260609104455812	altro	{ G.A.E.R Societa' Cooperati GAER C/O UA UNO - VIA COLOMBARONE SN - 29010
20260609104455812	altro	1] MONTICELLI D'ONGINA PC
20260609104455812	altro	e Tel. 0522949620/30/40 - Fax 0522 494245 - Partita I. V. A. 0020439
20260609104455812	altro	MITTEN G.A.E.R Societa' Cooperativa DOCUMENTO DI TRASPORTO
20260609104455812	altro	GAER C/O LOGISTICA UNO - VIA COLOMBARONE SN - 290 | DOCUMENTO NUME |DATA CAUSALE DEL TRASPOR
20260609104455812	altro	Vendi
20260609104455812	intestazione_documento	DESTINATAR 031818 Pg 1/1 04/06/2026 ‘endita
20260609104455812	luogo_destinazione	001519 - 078 LUOGO DI DESTINAZION
20260609104455812	altro	CONSUMER IN SRL
20260609104455812	indirizzo	COOP CONO LI -SAVONA
20260609104455812	altro	PIAZZA G. FERRE, 10 Partita IVA: ' 04117520967
20260609104455812	indirizzo	20025 LEGNANO CORSO RICCI, 211R -
20260609104455812	indirizzo	MI m - 171000 SAVONA
20260609104455812	altro	SV. IT.
20260609104455812	altro	ARTICOLO DESCRIZIONE DEI BENI QUANTIT
20260609104455812	altro	Merce fatturata da Consumer.in sri a Coop Consorzio Nord Ovest P.I. 04117520967 e da quest'ultima ceduta al destinatario findle.
20260609104455812	altro	Da Lista Preliev 000072029 ì SE
20260609104455812	riferimento_fattura_ordine	Rif. citato in fatt. VEND 008199 del 04/06/2026
20260609104455812	riferimento_fattura_ordine	N.ro ordine 026452244 del 04/06/2026 . °
20260609104455812	riferimento_fattura_ordine	N.ro ordine 026601037 del 04/06/2026
20260609104455812	indirizzo	. COOP LIGURIA s.c.c. SAVONA
20260609104455812	altro	. Sede Ibermercato:
20260609104455812	indirizzo	. Corso Ricci, 217 r.- 17100 SAVONA.
20260609104455812	altro	È IU 2026
20260609104455812	altro	CIRISERVIAMO DI VERIFICAR Ù
20260609104455812	altro	DEGLI ARTI PCS CONF dal
20260609104455812	altro	GENERI VARI
20260609104455812	altro	DATA INIZIO TRASPO TRASPORTO AC JVTLOGISTICA UNO EUROPE SRL
20260609104455812	altro	04/06/2026 17.49 E
20260609104455812	altro	MITENT T
20260609104455812	altro	CI pestinat |
20260609104455812	altro	TOTALE CO PESO KG VOLUME M DATA E ORA RICEZIONE | TIMBRO E FIRMA LEGGIBILE DEL DESTI
20260609104455812	altro	13 104,50 0,852
20260609104455812	altro	NOTE ORARI SCARICO 08:00 - 12:00/ Mar - Ven// NECESSARIA PRENOTAZIONE/ TEL. 019-84061
20260609104455812	altro	BORDERO N. 000110808 BANCALI (IN SPEDIZIONE) 1 SPONDA IDRAULICA: Si
20260609104455812	altro	N.ro Imballi PALLET EPAL DA RENDERE: 1.
20260609104455812	altro	GANN G.A.E.R Societa' Cooperati GAER CENTRALE - VIA F. SANTI, 5 - 42025 CORTE TEGGE DI
20260609104455812	altro	CAVRIAGO RE
20260609104455812	altro	È rata Tel. 0522949620/30/40 - Fax 0522 494245 - Partita |. V. A. 0020439 |
20260609104455812	altro	MITTEN _GAER Sodi Comperlve
20260609104455812	altro	DOCUMENTO NUME |DATA CAUSALE DEL TRASPOR
20260609104455812	luogo_destinazione	001519 -078 LUOGO DI DESTINAZION
20260609104455812	altro	CONSUMER IN SRL
20260609104455812	indirizzo	COOP CCNO LI -SAVONA
20260609104455812	altro	PIAZZA G. FERRE", 10 Partita IVA: 04417520967 .
20260609104455812	indirizzo	20025 LEGNANO . CORSO RICCI, 271R :
20260609104455812	altro	SV IT,
20260609104455812	altro	Merce fatturata da Consumer.In sil a Coop Consorzio Nord Ovest P.I. 04117520967 e da quest'ultima ceduta al destinatario findle.
20260609104455812	altro	Da Lista Preliev 000063380
20260609104455812	riferimento_fattura_ordine	Rif. citato în fatt. VEND 033177. del. 26/05/2026
20260609104455812	riferimento_fattura_ordine	N.ro ordine 026570250 del 26/05/2026
20260609104455812	riferimento_fattura_ordine	N.ro ordine 026573051 del 26/05/2026
20260609104455812	altro	DATA INIZIO TRASPO TRASPORTO A C [V| LOGISTICA UNO EUROPE SRL ì
20260609104455812	altro	05/08/2026 10.53 ° - {E
20260609104455812	altro	MITENT O |F
20260609104455812	altro	ee [et
20260609104455812	altro	TOTALE CO PESO KG VOLUME M DATA E ORA RICEZIONE | TIMBRO E FIRMA LEGGIBILE DEL DESTI
20260609104455812	altro	NOTE. ORARI SCARICO 08:00 - 12:00/ Mar - Ven// NECESSARIA-PRENOTAZIONE/TEL. 019-84061 -
20260609104455812	altro	BORDERO N. 000110493 BANCALI (IN SPEDIZIONE) 4 SPONDA IDRAULICA: Si
20260609104455812	altro	GARN G.A.E.R Societa' Cooperati GAER CENTRALE - VIA F. SANTI, 5- 42025 CORTE TEGGE DI È
20260609104455812	altro	° CAVRIAGO RE È
20260609104455812	altro	cirie Tel. 0522949620/30/40 - Fax 0522 494245 - Partita 1. V. A. 0020439 i
20260609104455812	altro	o
20260609104455812	altro	| GAER CENTRALE - VIA F. SANTI, 5 - 42025 CORTE TEGGEÎ DOCUMENTO NUME |DATA CAUSALE DEL TRASPOR
20260609104455812	luogo_destinazione	001519 - 078 LUOGO DI DESTINAZION
20260609104455812	altro	CONSUMER IN SRL .
20260609104455812	indirizzo	COOP CONO LI -SAVONA
20260609104455812	altro	PIAZZA G. FERRE", 10 Partita IVA; 04117520967" -
20260609104455812	indirizzo	20025 LEGNANO - CORSO RICCI, 211R o
20260609104455812	altro	MI IT
20260609104455812	altro	SV IT
20260609104455812	altro	798665 G3FE G1013500 FORNETTO EL. 1380W 20LT VENT.MAX230C TIMER 3
20260609104455812	altro	829109 “MACO VAC1015  MACCH.SOTTOVUOTO 110W BIANCO/NERO A
20260609104455812	altro	N.ro ofdine 026573052 del 26/05/2026 ©
20260609104455812	altro	DATA INIZIO TRASPO . | TRASPORTO AC |V{LOGISTICA UNO EUROPE SRI.
20260609104455812	altro	05/06/2026 10.53 “ |E
20260609104455812	altro	MOTENT  {T
20260609104455812	altro	e Ja] |
20260609104455812	altro	TOTALE CO PESO KG VOLUME M DATA E ORA RICEZIONE | TIMBRO E FIRMA LEGGIBILE DEL DESTI
20260609104455812	altro	te | e | |P freroe rm SSoE E ET
20260609104455812	altro	NOTE. ORARI SCARICO 08:00 - 12:00/ Mar - Ven! / NECESSARIA PRENOTAZIONE/ TEL. 019-8406861‘
20260609104455812	altro	BORDERO N. 000110493 BANCALI (IN SPEDIZIONE) 4 SPONDA IDRAULICA: si
20260609104455812	altro	O G.A.E.R Societa' Cooperati GAER CENTRALE - VIA F. SANTI, 5 - 42025 CORTE TEGGE DI L
20260609104455812	altro	i CAVRIAGO RE E
20260609104455812	altro	milena Tel, 0522949620/30/40 - Fax 0522 494245 - Partita I. V. A. 0020439 È
20260609104455812	altro	MITTEN G.A.E.R Societa' Coòperaliva DOCUMENTO DI TRASPORTO °
20260609104455812	altro	‘GAER CENTRALE - VIA F. SANTI. 5 - 42025 CORTE TEGGE | DOCUMENTO NUME CAUSALE DEL TRASPOR
20260609104455812	intestazione_documento	DESTINATAR 030004 Pg 3/ 3 | 26/05/2026 Vendita
20260609104455812	luogo_destinazione	001519 -078 LUOGO DI DESTINAZION
20260609104455812	altro	CONSUMER IN SRL
20260609104455812	indirizzo	COOP CCNO LI -SAVONA
20260609104455812	altro	PIAZZA G. FERRE’, 10 Partita IVA: 04117520987 > -
20260609104455812	indirizzo	20025 LEGNANO . CORSO RICCI, 211R i
20260609104455812	indirizzo	MI T 17100 ‘SAVONA
20260609104455812	altro	SVOGIT .
20260609104455812	altro	ARTICOLO DESCRIZIONE DEI BENI QUANTIT
20260609104455812	riferimento_fattura_ordine	Rif. citato in fatt. VEND ‘033178 del ‘26/05/2026
20260609104455812	riferimento_fattura_ordine	N.ro ordine 026573023 del 26/05/2026
20260609104455812	riferimento_fattura_ordine	N.ro ordine 026573027 del 26/05/2026 °
20260609104455812	riferimento_fattura_ordine	N.ro ordine 026573034 del 26/05/2026
20260609104455812	altro	Lista di prelievo Totale n. colli
20260609104455812	altro	000061226 1
20260609104455812	altro	000061227 2
20260609104455812	altro	000061228 2
20260609104455812	altro	000063067 4
20260609104455812	indirizzo	COOP LIGURIA s.c.c. SAVONA
20260609104455812	altro	Ipermercato:
20260609104455812	indirizzo	Corso Ridei,}211 r.- 17100 SAVONA
20260609104455812	altro	09 GIU 2026
20260609104455812	altro	* CLRISERVIAMO DI VERIFICARE LA QUANTITA” E LA CONFORMITA"
20260609104455812	altro	DATA INIZIO TRASPO . TRASPORTO AC |VI LOGISTICA UNO EU
20260609104455812	altro	05/06/2026 10.53 E AGENERI VARI
20260609104455812	altro	MOTENT |T
20260609104455812	altro	CD pestinat | i
20260609104455812	altro	: |TOTALECO PESO KG VOLUME M DATA E ORA RICEZIONE |TIMBRO E FIRMA LEGGIBILE DEL DESTI
20260609104455812	altro	I 9 873,22 5,282 _
20260609104455812	altro	NOTE. ORARI SCARICO 08:00 - 12:00/ Mar - Ven/ / NECESSARIA PRENOTAZIONE/ TEL. 019-84061 ©
20260609104455812	altro	BORDERO N. 000110493 BANCALI (IN SPEDIZIONE) 4 SPONDA IDRAULICA: Si
20260609104455812	altro	N.ro Imballi PALLET EPAL DA RENDERE: 4 j ;
20260609104455812	altro	|
20260610105716502	altro	_ - _ - n a
20260610105716502	altro	CO) G.A.E.R Societa' Cooperati GAER CENTRALE - VIA F. SANTI, 5 - 42025 CORTE TEGGE DI
20260610105716502	altro	CAVRIAGO RE
20260610105716502	altro	scema Tel. 0522949620/30/40 - Fax 0522 494245 - Partita |. V. A. 0020439
20260610105716502	altro	MITTEN G.A.E.R Societa Cooperativa DOCUMENTO DI TRASPORTO
20260610105716502	altro	GAER CENTRALE - VIA F. SANTI, 5 - 42025 CORTE TEGGE | DOCUMENTO NUME |DATA CAUSALE DEL TRASPOR
20260610105716502	intestazione_documento	032618 Pg 1/1 09/06/2026 Vendita
20260610105716502	altro	DESTINATAR
20260610105716502	luogo_destinazione	001519 - 078 LUOGO DI DESTINAZION
20260610105716502	altro	CONSUMER IN SRL
20260610105716502	indirizzo	COOP CONO LI -SAVONA
20260610105716502	altro	PIAZZA G. FERRE", 10 Partita IVA: 04117520967
20260610105716502	indirizzo	20025 LEGNANO . CORSO RICCI; 211R
20260610105716502	indirizzo	MI r : 17109 . SAVONA
20260610105716502	altro	. SV LIT
20260610105716502	altro	ARTICOLO DESCRIZIONE DEI BENI QUANTIT
20260610105716502	altro	Merce fatturata da Consumer.In srl a Coop Consorzio Nord Ovest P.I. 04147520967 e da quest'ultima ceduta al destinatario findie.
20260610105716502	altro	Da Lista Preliev 000076215
20260610105716502	riferimento_fattura_ordine	Rif. citato in fatt. VEND 035964 del 09/06/2026
20260610105716502	riferimento_fattura_ordine	N.ro ordine 026814972 del 09/06/2026 -
20260610105716502	riferimento_fattura_ordine	N.ro ordine 026616903 del 09/06/2026 ‘
20260610105716502	riferimento_fattura_ordine	N.ro ordine 026622199 del 09/06/2026
20260610105716502	riferimento_fattura_ordine	Rif. citato in fatt. VEND 035965 del 09/06/2026
20260610105716502	riferimento_fattura_ordine	N.ro ordine 026588625 del 09/06/2026
20260610105716502	riferimento_fattura_ordine	N.ro ordine 026617358 del 09/06/2026
20260610105716502	riferimento_fattura_ordine	N.ro ordine 026618167 del 09/06/2026
20260610105716502	altro	. Lista di prelievo Totale n. colli .
20260610105716502	altro	000076215 3
20260610105716502	altro	DATA INIZIO TRASPO TRASPORTO AC GLS ENTERPRISE SRL
20260610105716502	altro	09/06/2026 13.29 ° °
20260610105716502	altro	MITTENT
20260610105716502	altro	DI DESTINAT Coop LIGURIA + x
20260610105716502	altro	7 A AVOAIA
20260610105716502	altro	TOTALE CO PESO KG VOLUME M DATA E ORA RICEZIONE; ° RMB 97) E PIRAIPGEGGIBILE DEL DESTI
20260610105716502	indirizzo	3 29,87 0,064 A" I7100 SAVONA
20260610105716502	altro	pa
20260610105716502	altro	NOTE ORARI SCARICO 08:00 - 12:00/ Mar - Ven// NECESSARIA PRENOTAZIONE; TEL. 019!84091U 2026
20260610105716502	altro	Gi riseriama ld: Lui .
20260610105716502	altro	conformità degli saiticare le quantità e la
20260610105716502	altro	. SR SI
20260610105716502	altro	N.ro Imballi x ‘
20260615070530070	altro	me
20260615070530070	altro	(o G.A.E.R Societa' Cooperati GAER C/O LOGISTICA UNO - VIA COLOMBARONE SN - 29010
20260615070530070	altro	A MONTICELLI D'ONGINA PC
20260615070530070	altro	iniiomne. Tel. 0522949620/30/40 - Fax 0522 494245 - Partita |. V. A. 0020439
20260615070530070	altro	MITTEN , G.A.E.R Societa Cooperativa DOCUMENTO DI TRASPORTO
20260615070530070	altro	GAER C/O LOGISTICA UNO - VIA COLOMBARONE SN - 290 DOCUMENTO NUME DATA CAUSALE DEL TRASPOR
20260615070530070	intestazione_documento	DESTINATAR 032749 Pg 1/1 09/06/2026 Vendita
20260615070530070	luogo_destinazione	001519- 078 LUOGO DI DESTINAZION
20260615070530070	altro	CONSUMER IN SRL
20260615070530070	indirizzo	COOP CCNO LI -SAVONA
20260615070530070	altro	PIAZZA G. FERRE", 10 Partita IVA: 04117520967
20260615070530070	indirizzo	20025 LEGNANO CORSO RICCI, 211R
20260615070530070	indirizzo	MI IT 17100 SAVONA
20260615070530070	altro	SV IT
20260615070530070	altro	ARTICOLO DESCRIZIONE DEI BENI | QUANTIT |
20260615070530070	altro	Merce fatturata da Consumer.In srl a Coop Consorzio Nord Ovest P.I. 04117520967 e da quest'ultima ceduta al destinatario findle.
20260615070530070	altro	Da Lista Preliev 000076934
20260615070530070	riferimento_fattura_ordine	Rif. citato in fatt. VEND 008468 del 09/06/2026
20260615070530070	riferimento_fattura_ordine	N.ro ordine 026617359 del 09/06/2026
20260615070530070	riferimento_fattura_ordine	N.ro ordine 026618172 del 09/06/2026
20260615070530070	riferimento_fattura_ordine	N.ro ordine 026619465 del 09/06/2026
20260615070530070	riferimento_fattura_ordine	Rif. citato in fatt. VEND 008469 dei 09/06/2026
20260615070530070	riferimento_fattura_ordine	N.ro ordine 026613568 del 09/06/2026
20260615070530070	altro	ORDINE DA TOTEM: sig.roberto alessandri
20260615070530070	altro	Niro ordine 026614652 del 09/06/2026
20260615070530070	indirizzo	COOP LIGURIA s.c.c. SAVONA
20260615070530070	altro	Ero Sede Ipermercato:
20260615070530070	indirizzo	IISITOSA cav NA Corso Ricci, 217 r. - 17100 SAVONA
20260615070530070	altro	RA RIRARI One) ari
20260615070530070	altro	BANCAL SSSIALLA Dpo 1 5 GIU 2026
20260615070530070	altro	LLA PARI
20260615070530070	altro	CI RISERVIAMO DI VERIFICARE LA QUANTITA” E LA CONFORMITA'
20260615070530070	altro	DEGLI ARTICOLI SUCCESSIVAMENTE AL RITIRO.
20260615070530070	altro	GENERI VARI
20260615070530070	altro	DATA INIZIO TRASPO TRASPORTO AC [VJLOGISTICA UNO EUROPE SRL
20260615070530070	altro	09/06/2026 16.47 E
20260615070530070	altro	MITTENT T
20260615070530070	altro	[] vestimat |'
20260615070530070	altro	TOTALE CO PESO KG VOLUME M DATA E ORA RICEZIONE TIMBRO E FIRMA LEGGIBILE DEL DESTI
20260615070530070	altro	32 248,15 2,374
20260615070530070	altro	NOTE. ORARI SCARICO 08:00 - 12:00/ Mar - Ven/ / NECESSARIA PRENOTAZIONE/ TEL. 019-84061
20260615070530070	altro	BORDERO N. 000110955 BANCALI (IN SPEDIZIONE) 3 SPONDA IDRAULICA: Si
20260615070530070	altro	Niro imballi PALLET EPAL DA RENDERE: 2 - PALLET LEGNO 75X75 A RENDERE: 1 a |
20260616103625261	altro	” G.A.E.R Societa' Cooperati GAER CENTRALE - VIA F. SANTI, 5 - 42025 CORTE TEGGE DI
20260616103625261	altro	CAVRIAGO RE
20260616103625261	altro	ni Tel. 0522949620/30/40 - Fax 0522 494245 - Partita I. V. A. 0020439 .
20260616103625261	altro	MITTEN GA.E.R Societa" Cooperativa DOCUMENTO DI TRASPORTO
20260616103625261	altro	GAER CENTRALE - VIA F. SANTI. 5 - 42025 CORTE TEGGE | DOCUMENTO NUME |DATA CAUSALE DEL TRASPOR
20260616103625261	intestazione_documento	DESTINATAR 7 " 033705 Pg 1/1 15/06/2026. Vendita
20260616103625261	luogo_destinazione	001519 - 078 LUOGO DI DESTINAZION
20260616103625261	altro	CONSUMER IN SRL . °
20260616103625261	indirizzo	vl di ° COOP CCNO LI -SAVONA ' °
20260616103625261	altro	PIAZZA G. FERRE”, 10 Partita IVA: ‘04117520967
20260616103625261	indirizzo	20025 LEGNANO CORSO RICCI, 211R
20260616103625261	indirizzo	MI m .  |17100 . SAVONA .
20260616103625261	altro	. SVC AT
20260616103625261	altro	ARTICOLO DESCRIZIONE DEI BENI __- [QUANTIT |
20260616103625261	altro	Merce fatturata da Consumer.In sri 3 Coop Consorzio Nord Ovest P.I. 04117520967 e da quest'ultima ceduta al destinatario find
20260616103625261	altro	Da Lista Preliev 000082758. 0 i sa
20260616103625261	altro	Rif, citato in fatt. VEND 037071 del 15/06/2026
20260616103625261	riferimento_fattura_ordine	N.ro ordine 026641211 del 15/06/2026 °
20260616103625261	altro	Rif, citato in fatt. VEND 037072 © del 15/06/2026
20260616103625261	riferimento_fattura_ordine	N.ro ordine 026618167 del 15/06/2026 :
20260616103625261	altro	Lista di prelievo Totale n. coll -
20260616103625261	altro	- 000082758 1
20260616103625261	indirizzo	RA sce SAVONA
20260616103625261	altro	COOP. UGUI nto:
20260616103625261	indirizzo	- Sede TRS 100 SAVONA
20260616103625261	indirizzo	Corso Ricci: Ù
20260616103625261	altro	. 1% Gli 26
20260616103625261	altro	PELA CONFORMITA
20260616103625261	altro	° ca paspRMiaNO DIVERI pare Di RITIRO: n.
20260616103625261	altro	. DEGLI ARTICOLI UCceS
20260616103625261	altro	. GENERI VARI l
20260616103625261	altro	DATA INIZIO TRASPO TRASPORTO AC |V|GLS ENTERPRISE $RL.-
20260616103625261	altro	15/06/2026 09.38 ° E
20260616103625261	altro	MITENTO |I |
20260616103625261	altro	DJ pestinat |"
20260616103625261	altro	TOTALE CO PESO KG VOLUME M DATA E ORA RICEZIONE TIMBRO E FIRMA LEGGIBILE DEL DESTI
20260616103625261	altro	1 9,38 ” 0,014 . .
20260616103625261	altro	NOTE ORARI SCARICO 08:00 - 12:00/ Mar - Ven// NECESSARIA PRENOTAZIONE/ TEL. 019-84061
20260616103625261	altro	SPONDA IDRAULICA: Si
20260616103625261	altro	Misia :
20260617061650835	documento_senza_righe_articolo	(1 righe, layout non gestito)
20260617061720639	altro	I ( GA.ER Societa' Cooperativa - GAER CENTRALE - VIA F. SANTI, 5 - 42025 CORTE TEGGE DI
20260617061720639	altro	. l CAVRIAGO RE
20260617061720639	altro	NS Tel. 0522949620/30/40 - Fax 0522 494245 - Partita I. V. A. 00204390355
20260617061720639	altro	MITTENT  G.A.E.R Societa' Cooperativa DOCUMENTO DI TRASPORTO
20260617061720639	altro	GAER CENTRALE - VIA F. SANTI, 5 - 42025 CORTE TEGGE DI ca | DOCUMENTO NUMERO CAUSALE DEL TRASPORTO
20260617061720639	altro	/ Vendi
20260617061720639	intestazione_documento	DESTINATARI 033380 Pg 1/1 12/06/2026 ‘endita
20260617061720639	luogo_destinazione	001519 - 078 LUOGO DI DESTINAZIONE
20260617061720639	altro	CONSUMER IN SRL
20260617061720639	indirizzo	COOP CONO LI -SAVONA
20260617061720639	altro	PIAZZA G. FERRE, 10 Partita IVA: 04117520967
20260617061720639	indirizzo	20025 =—LEGNANO CORSO RICCI, 211R
20260617061720639	indirizzo	Mi IT 17100 SAVONA
20260617061720639	altro	SV m
20260617061720639	altro	ARTICOLO DESCRIZIONE DEI BENI QUANTITA"
20260617061720639	altro	Merce fatturata dafConsumer.In srl a Coop Consorzio Nord Ovest P.I 04117520967 e da quest'ultima ceduta al destinatario finale.
20260617061720639	altro	Da Lista Prelievo: 000080994
20260617061720639	riferimento_fattura_ordine	Rif. citato in fatt. VEND 036741 del 12/06/2026
20260617061720639	riferimento_fattura_ordine	N.ro ordine 026464221 del 12/06/2026
20260617061720639	riferimento_fattura_ordine	N.ro ordine 026635510 del 12/06/2026
20260617061720639	altro	836407 HP 1MD72F MF.LASER B/N 20PPM 600DPI WIFI LASERJET M140W
20260617061720639	altro	Lista di prelievo Totale n. colli
20260617061720639	altro	000079107 1
20260617061720639	altro	000080956 Ii
20260617061720639	altro	39
20260617061720639	altro	x rivA MANO I ERO,
20260617061720639	altro	ER ape nass3720S Mpa gavindsS
20260617061720639	altro	pe, S «qu! aus ESE
20260617061720639	altro	a st ppggpsi0? 113!
20260617061720639	altro	PD gu NO L*
20260617061720639	altro	PS spara 0909
20260617061720639	altro	fd & PVI Gia Lo
20260617061720639	altro	LI» 0 epss
20260617061720639	altro	-«& S yNOAY sore RON 1009
20260617061720639	altro	ò e3°3°
20260617061720639	altro	S ygnoAYS
20260617061720639	altro	DATA INIZIO TRASPOR TRASPORTO A LOGISTICA UNO EUROPE SRL
20260617061720639	altro	12/06/2026 08.08 CURA DEL
20260617061720639	altro	MITTENTE ca
20260617061720639	altro	[TU] DESTINATA / |
20260617061720639	altro	TOTALE COL PESO KG VOLUME MC DATA E ORA RICEZIONE ME | TIMBRO E FIRMA LEGGIBILE DELE NATA
20260617061720639	altro	2 157,20 0,812 e P/. È
20260617061720639	altro	NOTE ORARI SCARICO 08:00 - 12:00/ Mar - Ven/ / NECESSARIA PRENOTAZIONE TEL. 019-84061 . e
20260617061720639	altro	BORDERO N. 000111061 BANCALI (IN SPEDIZIONE) 1 SPONDA IDRAULICA: Si
20260617061720639	altro	i
20260617061720639	altro	Niro Imballi PALLET EPAL DA RENDERE: 1 Pe Hi |
20260617061720639	altro	ir? SA) ce
20260617110805167	altro	CÒ G.A.E.R Societa' Cooperati GAER CENTRALE - VIA F, SANTI, 5 - 42025 CORTE TEGGE DI
20260617110805167	altro	CAVRIAGO RE
20260617110805167	altro	cinzia Tel. 0522949620/30/40 - Fax 0522 494245 - Partita |. V. A. 0020439
20260617110805167	altro	MITTEN G.A.E.R Societa' Cooperativa i DOCUMENTO DI TRASPORTO
20260617110805167	altro	GAER CENTRALE - VIA F. SANTI, 5 - 42025 CORTE TEGGE f DOCUMENTO NUME CAUSALE DEL TRASPOR
20260617110805167	intestazione_documento	DESTINATAR 034006 Pg 1/1 16/06/2026 Vendita
20260617110805167	luogo_destinazione	001519- 078 LUOGO DI DESTINAZION
20260617110805167	altro	CONSUMER IN SRL
20260617110805167	indirizzo	° COOP CONO LI -SAVONA
20260617110805167	altro	PIAZZA G. FERRE", 10 : Partita IVA: 04117520967
20260617110805167	indirizzo	20025 LEGNANO - . CORSO RICCI, 211R
20260617110805167	indirizzo	MI IT = | 17100 SAVONA
20260617110805167	altro	. SV IT
20260617110805167	altro	ARTICOLO DESCRIZIONE DEI BENI
20260617110805167	altro	Merce fatturata da Consumer.in srl a Coop Consorzio Nord Ovest P.1. 04117520967 e da quest'ultima ceduta al destinatario findle.
20260617110805167	altro	Da Lista Preliev. 000083840
20260617110805167	riferimento_fattura_ordine	Rif. citato in fatt. VEND 037333 del 16/06/2026
20260617110805167	riferimento_fattura_ordine	N.ro ordine 026588625 del 16/06/2026
20260617110805167	riferimento_fattura_ordine	N.ro ordine 026644150 del 16/06/2026
20260617110805167	altro	Lista di prelievo Totale n. colli
20260617110805167	altro	000083840 1
20260617110805167	indirizzo	COOP LIGURIA s.c.c. SAVONA
20260617110805167	altro	Sede \|permercato
20260617110805167	indirizzo	Carso Ricci, 211r. - 17100 SAVONA
20260617110805167	altro	È
20260617110805167	altro	1 T\GIU 2026
20260617110805167	altro	Ci ciorsiomo di verificare le quantità e la
20260617110805167	altro	conformità degliunticoli successivamente al ritiro,
20260617110805167	altro	DATA INIZIO TRASPO ì TRASPORTO A C |V| GLS ENTERPRISE SRL
20260617110805167	altro	16/06/2026 07.29 E
20260617110805167	altro	MITTENT {T
20260617110805167	altro	D pestinar |”
20260617110805167	altro	TOTALE CO PESO KG VOLUME M DATA E ORA RICEZIONE |TIMBRO E FIRMA LEGGIBILE DEL DESTI
20260617110805167	altro	1 4,41 0,005 °
20260617110805167	altro	NOTE ORARI SCARICO 08:00 - 12:00/ Mar - Ven/ / NECESSARIA PRENOTAZIONE/ TEL. 019-84061
20260617110805167	altro	SPONDA IDRAULICA: Si
20260619102541683	altro	G.A.E.R Societa' Cooperati GAER C/O LOGISTICA UNO - VIA COLOMBARONE SN - 29010
20260619102541683	altro	] MONTICELLI D'ONGINA PC
20260619102541683	altro	3 Lesinceneni Tel. 0522949620/30/40 - Fax 0522 494245 - Partita I. V. A. 0020439
20260619102541683	altro	MITTEN  G.A.£.R Societa' Cooperativa DOCUMENTO DI TRASPORTO
20260619102541683	altro	GAER C/O LOGISTICA UNO - VIA COLOMBARONE SN - 290 | DOCUMENTO NUME | DATA CAUSALE DEL TRASPOR
20260619102541683	intestazione_documento	DESTINATAR 034615 Pg 1/1 17/06/2026 Vendita
20260619102541683	luogo_destinazione	001519 -078 LUOGO DI DESTINAZION
20260619102541683	altro	CONSUMER IN SRL
20260619102541683	indirizzo	COOP CONO LI -SAVONA
20260619102541683	altro	PIAZZA G. FERRE, 10 Partita IVA: 04117520967
20260619102541683	indirizzo	20025 LEGNANO CORSO RICCI, 211R
20260619102541683	indirizzo	MI mr 17100. SAVONA
20260619102541683	altro	SV IT
20260619102541683	altro	ARTICOLO DESCRIZIONE DEI BENI QUANTIT
20260619102541683	altro	Merce fatturata da Consumer.in srl a Coop Consorzio Nord Ovest P.I. 04117520967 e da quest'ultima ceduta al destinatario findle.
20260619102541683	altro	Da Lista Preliev 000085878
20260619102541683	riferimento_fattura_ordine	Rif. citato in fatt. VEND 009008 del 17/06/2026
20260619102541683	riferimento_fattura_ordine	N.ro ordine 026619045 del 17/06/2026
20260619102541683	indirizzo	POSE UBURIA so. SAVONA
20260619102541683	altro	SII Sendo Inermeretio:
20260619102541683	indirizzo	DITTA 17190 SAVONA
20260619102541683	indirizzo	Corso Ricciat il AI
20260619102541683	altro	deu 2053
20260619102541683	altro	licp o cena CATTSTA' E LA CONFORMITA”
20260619102541683	altro	CERISERGIANIO DI VENIFI dI ioiime na Dsia9,
20260619102541683	altro	pEGtì AATIOORI FEIST
20260619102541683	altro	GENSRI VARI
20260619102541683	altro	DATA INIZIO TRASPO TRASPORTO AC IV LOGISTICA UNO EUROPE SRL
20260619102541683	altro	17/06/2026 17.27 E
20260619102541683	altro	MITTENT T
20260619102541683	altro	CI pestINaT |"
20260619102541683	altro	TOTALE CO PESO KG VOLUME M DATA E ORA RICEZIONE | TIMBRO E FIRMA LEGGIBILE DEL DESTI
20260619102541683	altro	4 224,00 1,140
20260619102541683	altro	NOTE. ORARI SCARICO 08:00 - 12:00/ Mar - Ven// NECESSARIA PRENOTAZIONE/ TEL. 019-84061
20260619102541683	altro	BORDERO N. 000111254 BANCALI (IN SPEDIZIONE) 1 SPONDA IDRAULICA: Si
20260619102541683	altro	N.ro Imballi PALLET EPAL DA RENDERE: 1
20260619102541683	altro	É (o) G.A.E.R Societa' Cooperati GAER C/O LOGISTICA UNO - VIA COLOMBARONE SN - 29010
20260619102541683	altro	La MONTICELLI D'ONGINA PC
20260619102541683	altro	dertiiaman Tel. 0522949620/30/40 - Fax 0522 494245 - Partita I. V. A. 0020439
20260619102541683	altro	MITTEN G.A.E.R Societa' Cooperativa DOCUMENTO DI TRASPORTO
20260619102541683	altro	GAER C/O LOGISTICA UNO - VIA COLOMBARONE SN - 290 | DOCUMENTO NUME | DATA CAUSALE DEL TRASPOR
20260619102541683	intestazione_documento	DESTINATAR 034417 Pg 1/1 17/06/2026 Vendita
20260619102541683	luogo_destinazione	001519 -078 LUOGO DI DESTINAZION
20260619102541683	altro	CONSUMER IN SRL
20260619102541683	indirizzo	COOP CONO LI -SAVONA
20260619102541683	altro	PIAZZA G. FERRE’, 10 Partita IVA: 04117520967
20260619102541683	indirizzo	20025 LEGNANO CORSO RICCI, 211R
20260619102541683	indirizzo	MI IT 17100. SAVONA
20260619102541683	altro	SV IT
20260619102541683	altro	ARTICOLO DESCRIZIONE DEI BENI QUANTIT
20260619102541683	altro	Merce fatturata da Consumer.in sri a Coop Consorzio Nord Ovest P.I. 04117520967 e da quest'ultima ceduta al destinatario findle.
20260619102541683	altro	Da Lista Preliev 000084416
20260619102541683	riferimento_fattura_ordine	Rif. citato in fatt. VEND 008942 del 17/06/2026
20260619102541683	riferimento_fattura_ordine	N.ro ordine 026647132 del 17/06/2026
20260619102541683	altro	CHI Iemiimia TOANEAIA
20260619102541683	altro	ST DIGI SOLI DEVA
20260619102541683	altro	Seca ipermercato:
20260619102541683	indirizzo	Corse Ricci, 211 ri 17720 SAVONA
20260619102541683	altro	a \
20260619102541683	altro	mn 2028
20260619102541683	altro	(I RISERVIAMO DI VERIFIONZE LA QUONTITA' E LA CONFORMITA”
20260619102541683	altro	DEGLI ARTICOLI SUTCEGSHFAMENTE AL RITIRO.
20260619102541683	altro	DATA INIZIO TRASPO TRASPORTO A C |V|LOGISTICA UNO EUROPE SRL
20260619102541683	altro	17/06/2026 10.12 E
20260619102541683	altro	MITTENT  |T
20260619102541683	altro	D pesrinar |"
20260619102541683	altro	TOTALE CO PESO KG VOLUME M DATA E ORA RICEZIONE |TIMBRO E FIRMA LEGGIBILE DEL DESTI
20260619102541683	altro	25 1.132,27 7,315
20260619102541683	altro	NOTE ORARI SCARICO 08:00 - 12:00/ Mar - Ven// NECESSARIA PRENOTAZIONE/ TEL. 019-84061
20260619102541683	altro	BORDERO N. 000111215 BANCALI (IN SPEDIZIONE) 9 SPONDA IDRAULICA: Si
20260619102541683	altro	N.ro Imballi PALLET EPAL DA RENDERE: 9
20260619102541683	altro	GALAN G.A.E.R Societa' Cooperativa - GAER CENTRALE - VIA F. SANTI, 5 - 42025 CORTE TEGGE DI
20260619102541683	altro	. 1 CAVRIAGO RE
20260619102541683	altro	, idiiizna Tel. 0522949620/30/40 - Fax 0522 494245 - Partita |. V. A. 00204390355
20260619102541683	altro	MITTENT  G.A.E.R Societa' Cooperativa
20260619102541683	altro	DOCUMENTO NUMERO {| DATA CAUSALE DEL TRASPORTO
20260619102541683	luogo_destinazione	001519 - 078 LUOGO DI DESTINAZIONE
20260619102541683	altro	= SRO
20260619102541683	indirizzo	COOP CONO LI -SAVONA
20260619102541683	altro	PIAZZA G. FERRE", 10 Partita IVA: 04117520967
20260619102541683	indirizzo	20025 LEGNANO CORSO RICCI, 211R
20260619102541683	indirizzo	MI IT 17100 SAVONA
20260619102541683	altro	SV IT
20260619102541683	altro	Merce fatturata da Consumer.In srl a Coop Consorzio Nord Ovest P.I. 04117520967 e da quest'ultima ceduta al destinatario finale.
20260619102541683	altro	Da Lista Prelievo: 000084907
20260619102541683	riferimento_fattura_ordine	Rif. citato in fatt. VEND 037629 del 16/06/2026
20260619102541683	riferimento_fattura_ordine	N.ro ordine 026644224 del 16/06/2026
20260619102541683	riferimento_fattura_ordine	N.ro ordine 026644545 del 16/06/2026
20260619102541683	riferimento_fattura_ordine	Rif. citato in fatt. VEND 037630 del 16/06/2026
20260619102541683	riferimento_fattura_ordine	N.ro ordine 026399351 del 16/06/2026
20260619102541683	altro	DATA INIZIO TRASPOR TRASPORTO A V | LOGISTICA UNO EUROPE SRL
20260619102541683	altro	16/06/2026 16.08 CURA DEL E
20260619102541683	altro	e I
20260619102541683	altro	LU DESTINATA {O
20260619102541683	altro	TOTALE COL PESO KG VOLUME MC DATA E ORA RICEZIONE ME | TIMBRO E FIRMA LEGGIBILE DEL DESTINATA
20260619102541683	altro	e e pe
20260619102541683	altro	NOTE ORARI SCARICO 08:00 - 12:00/ Mar - Ven/ / NECESSARIA PRENOTAZIONE/ TEL. 019-84061
20260619102541683	altro	BORDERON. 000111202 BANCALI (IN SPEDIZIONE) 3 SPONDA IDRAULICA: Si
20260619102541683	altro	G.A.E.R Societa' Cooperativa - GAER CENTRALE - VIA F. SANTI, 5 - 42025 CORTE TEGGE DI
20260619102541683	altro	« CAVRIAGO RE
20260619102541683	altro	rio Tel. 0522949620/30/40 - Fax 0522 494245 - Partita I. V. A. 00204390355
20260619102541683	altro	MITTENT. G.A.E.R Societa’ Cooperativa DOCUMENTO DI TRASPORTO
20260619102541683	altro	GAER CENTRALE - VIA F. SANTI, 5 - 42025 CORTE TEGGE DI CA_| DOCUMENTO NUMERO CAUSALE DEL TRASPORTO
20260619102541683	intestazione_documento	DESTINATARI 034289 Pg 2/ 2 16/06/2026 Vendita
20260619102541683	luogo_destinazione	001519 - 078 LUOGO DI DESTINAZIONE
20260619102541683	altro	CONSUMER IN SRL
20260619102541683	indirizzo	COOP CONO LI -SAVONA
20260619102541683	altro	PIAZZA G. FERRE’, 10 Partita IVA: 04117520967
20260619102541683	indirizzo	20025 LEGNANO CORSO RICCI, 217R
20260619102541683	indirizzo	MI IT 17100 SAVONA
20260619102541683	altro	SV IT
20260619102541683	altro	ARTICOLO DESCRIZIONE DEI BENI QUANTITA'
20260619102541683	riferimento_fattura_ordine	N.ro ordine 026818174 del 18/06/2026
20260619102541683	riferimento_fattura_ordine	N.ro ordine 026647133 del 16/06/2026
20260619102541683	altro	Lista di prelievo Totale n. colli
20260619102541683	altro	000082762 1
20260619102541683	altro	000084662 3
20260619102541683	altro	000082761 3
20260619102541683	altro	COP LUCA. esi
20260619102541683	indirizzo	Ses LIGURIA 5.0.6. SAVONA
20260619102541683	altro	c , 98€ ipermercato;
20260619102541683	indirizzo	orso Ricci, DE r.- 17100 SAVONA
20260619102541683	altro	De 3
20260619102541683	altro	dla:
20260619102541683	altro	i “\ GIU 2076
20260619102541683	altro	CIRISERVIAMO E, van) CEI La pinta” REA cn
20260619102541683	altro	DEGLI AGHICALI Seu î ai corona
20260619102541683	altro	TI OLI SeTERSzi VAMENTE AL io,
20260619102541683	altro	GENSE] VARI
20260619102541683	altro	DATA INIZIO TRASPOR TRASPORTO A V [LOGISTICA UNO EUROPE SRL
20260619102541683	altro	16/06/2026 16.08 CURA DEL E
20260619102541683	altro	morente {I
20260619102541683	altro	Cj pestINaTA lo
20260619102541683	altro	TOTALE COL PESO KG VOLUME MC DATA E ORA RICEZIONE ME | TIMBRO E FIRMA LEGGIBILE DEL DESTINATA
20260619102541683	altro	7 420,70 2,639
20260619102541683	altro	NOTE. ORARI SCARICO 08:00 - 12:00/ Mar - Ven// NECESSARIA PRENOTAZIONE! TEL. 019-84061
20260619102541683	altro	BORDERO N. 000111202 BANCALI (INSPEDIZIONE) 3 SPONDA IDRAULICA: Si
20260619102541683	altro	N.ro Imballi PALLET EPAL DA RENDERE: 3
20260623084110038	documento_senza_righe_articolo	(59 righe, layout non gestito)
20260623111115378	altro	() G.A.E.R Societa' Cooperati GAER CENTRALE - VIA F. SANTI, 5 - 42025 CORTE TEGGE DI
20260623111115378	altro	CAVRIAGO RE
20260623111115378	altro	serrara Tel. 0522949620/30/40 - Fax 0522 494245 - Partita 1. V. A. 0020439
20260623111115378	altro	MITTEN —G.A.E.R Societa' Cooperativa DOCUMENTO DI TRASPORTO
20260623111115378	altro	GAER CENTRALE - VIA F. SANTI. 5 - 42025 CORTE TEGGE | DOCUMENTO NUME |DATA CAUSALE DEL TRASPOR
20260623111115378	intestazione_documento	DESTINATAR 035530 Pg 1/1 22/06/2026 Vendita
20260623111115378	luogo_destinazione	001519 - 078 LUOGO DI DESTINAZION
20260623111115378	altro	CONSUMER IN SRL
20260623111115378	indirizzo	COOP CONO LI -SAVONA
20260623111115378	altro	PIAZZA G. FERRE", 10 Partita IVA: 04117520967
20260623111115378	indirizzo	20025 LEGNANO CORSO RICCI, 211R
20260623111115378	indirizzo	MI IT 17100. SAVONA
20260623111115378	altro	SV T
20260623111115378	altro	ARTICOLO DESCRIZIONE DEI BENI QUANTIT
20260623111115378	altro	Merce fatturata da Consumer.In srl a Coop Consorzio Nord Ovest P.I. 04117520967 e da quest'ultima ceduta al destinatario fina
20260623111115378	altro	Da Lista Preliev 000090648
20260623111115378	riferimento_fattura_ordine	Rif. citato in fatt. VEND 038907 del 22/06/2026
20260623111115378	riferimento_fattura_ordine	N.ro ordine 026644150 del 22/06/2026
20260623111115378	altro	Lista di prelievo Totale n. colli
20260623111115378	altro	000090648 1
20260623111115378	altro	v TAR
20260623111115378	altro	caos ud UnA seg GVONA
20260623111115378	indirizzo	. Sede Iperm0tn 50 SAVONA
20260623111115378	altro	n ZI il
20260623111115378	indirizzo	Corso Ricci È
20260623111115378	altro	13 Giu
20260623111115378	altro	, nità
20260623111115378	altro	La i verificare lo AVI e.
20260623111115378	altro	ci riserton vi 100 ass vemente li
20260623111115378	altro	conformità degli
20260623111115378	altro	DATA INIZIO TRASPO TRASPORTO A C |V{GLS ENTERPRISE SRL
20260623111115378	altro	22/06/2026 13.53 E
20260623111115378	altro	MITTENT _|T
20260623111115378	altro	Q] pestinat |
20260623111115378	altro	TOTALE CO PESO KG VOLUME M DATA E ORA RICEZIONE | TIMBRO E FIRMA LEGGIBILE DEL DESTI
20260623111115378	altro	1 2,16 0,003
20260623111115378	altro	NOTE ORARI SCARICO 08:00 - 12:00/ Mar - Ven/ / NECESSARIA PRENOTAZIONE/ TEL. 019-84061
20260623111115378	altro	SPONDA/IR Ùi ULITA: 10
20260623111115378	altro	7, fl
20260623111115378	altro	E i
20260623111115378	altro	O
20260623111115378	altro	x G.A.E.R Societa' Cooperati GAER CENTRALE - VIA F. SANTI, 5 - 42025 CORTE TEGGE DI
20260623111115378	altro	CAVRIAGO RE
20260623111115378	altro	meretacnzze Tel. 0522949620/30/40 - Fax 0522 494245 - Partita |. V. A. 0020439
20260623111115378	altro	MITTEN G.A.E.R Societa' Cooperativa DOCUMENTO DI TRASPORTO
20260623111115378	altro	GAER CENTRALE - VIA F. SANTI. 5 - 42025 CORTE TEGGE | DOCUMENTO NUME CAUSALE DEL TRASPOR
20260623111115378	intestazione_documento	DESTINATAR 034661 Pg 1/1 18/06/2026 Vendita
20260623111115378	luogo_destinazione	001519 - 078 LUOGO DI DESTINAZION
20260623111115378	altro	CONSUMER IN SRL
20260623111115378	indirizzo	COOP CCNO LI -SAVONA
20260623111115378	altro	PIAZZA G. FERRE", 10 Partita IVA: 04117520967
20260623111115378	indirizzo	20025 LEGNANO CORSO RICCI, 211R
20260623111115378	indirizzo	MI IT 17100. SAVONA
20260623111115378	altro	SV IT
20260623111115378	altro	ARTICOLO DESCRIZIONE DEI BENI QUANTIT
20260623111115378	altro	Merce fatturata da Consumer.In srl a Coop Consorzio Nord Ovest P.I. 04117520967 e da quest'ultima ceduta al destinatario findle.
20260623111115378	altro	Da Lista Preliev 000087217
20260623111115378	riferimento_fattura_ordine	Rif. citato in fatt. VEND 037961 del 18/06/2026
20260623111115378	riferimento_fattura_ordine	N.ro ordine 026644150 del 18/06/2026
20260623111115378	altro	985365 VVW/ SMA176BDSBEVE SMARTP. 6.7" 4GB 128GB GALAXY A17 5G BLA 15
20260623111115378	altro	Lista di prelievo Totale n. colli
20260623111115378	altro	000087217 1
20260623111115378	altro	(Le SNO
20260623111115378	altro	Sl, NA
20260623111115378	altro	GURA eresia gpNÒ
20260623111115378	altro	COOP ie eno
20260623111115378	altro	aci li
20260623111115378	altro	Corso Vi NI 06 c.d
20260623111115378	altro	130 sani ©.
20260623111115378	altro	score È L\ eredi pe
20260623111115378	altro	sano SÌ Seta
20260623111115378	altro	(RI sia gico!
20260623111115378	altro	riot
20260623111115378	altro	DATA INIZIO TRASPO TRASPORTO A C |V[GLS ENTERPRISE SRL
20260623111115378	altro	18/06/2026 07.02 E
20260623111115378	altro	MITTENT JT
20260623111115378	altro	O pestinat |
20260623111115378	altro	TOTALE CO PESO KG VOLUME M DATA E ORA RICEZIONE |TIMBRO E FIRMA LEGGIBILE DEL DESTI
20260623111115378	altro	1 9,20 0,009
20260623111115378	altro	NOTE ORARI SCARICO 08:00 - 12:00/ Mar - Ven/ / NECESSARIA PRENOTAZIONE/ TEL. 019-84061 }
20260623111115378	altro	1 e
20260623111115378	altro	spo ( SSTORAULICA: Si
20260623111115378	altro	LA
20260624072655434	altro	A
20260624072655434	altro	C) G.A.E.R Societa' Cooperati GAER C/O LOGISTICA UNO - VIA COLOMBARONE SN - 29010
20260624072655434	altro	“i = MONTICELLI D'ONGINA PC
20260624072655434	altro	—__ Tel. 0522949620/30/40 - Fax 0522 494245 - Partita I. V. A. 0020439
20260624072655434	altro	MITTEN  G.A.E.R Societa' Cooperativa DOCUMENTO DI TRASPORTO
20260624072655434	altro	GAER C/O LOGISTICA UNO - VIA COLOMBARONE SN - 290 { DOCUMENTO NUME | DATA CAUSALE DEL TRASPOR
20260624072655434	intestazione_documento	DESTINATAR 035039 Pg 1/1 18/06/2026 Vendita
20260624072655434	luogo_destinazione	001519 - 078 LUOGO DI DESTINAZION .
20260624072655434	altro	CONSUMER IN SRL
20260624072655434	indirizzo	COOP CONO LI -SAVONA
20260624072655434	altro	PIAZZA G. FERRE, 10 Partita IVA: 04117520967 È
20260624072655434	indirizzo	20025 LEGNANO CORSO RICCI, 211R
20260624072655434	indirizzo	MI IT 17100 SAVONA
20260624072655434	altro	SV IT
20260624072655434	altro	ARTICOLO DESCRIZIONE DEI BENI QUANTIT
20260624072655434	altro	Merce fatturata da Consumer.in srl a Coop Consorzio Nord Ovest P.I. 04117520967 e da quest'ultima ceduta al destinatario findie.
20260624072655434	altro	Da Lista Preliev 000087458 .
20260624072655434	riferimento_fattura_ordine	Rif. citato in fatt. VEND 009141 del 18/06/2026
20260624072655434	riferimento_fattura_ordine	N.ro ordine 026644151 del 18/06/2026
20260624072655434	altro	COOP LIGURIA sn SAVI ONA
20260624072655434	altro	Sede ipermercoto:
20260624072655434	indirizzo	NA Corso Ricci, ni r.- 17100 SAVONA
20260624072655434	altro	e ay 131
20260624072655434	altro	Reska L GIU 2026
20260624072655434	altro	spet APAA ì
20260624072655434	altro	La 3 gesì Au dI RISEOVIAINO DI VERIFICERE LA QUANTITA. ELA CONFORMITA”
20260624072655434	altro	QUEenl Be COREA ANTICOLI SUCCESSIVAMENTE AI RISIRO,
20260624072655434	altro	BhSO PEGI Ar e E via mi
20260624072655434	altro	DATA INIZIO TRASPO TRASPORTO AC ÎVILOGISTICA UNO EUROPE SRL
20260624072655434	altro	18/06/2026 17.34 E
20260624072655434	altro	MITTENT {T
20260624072655434	altro	DI pestinar |
20260624072655434	altro	TOTALE CO PESO KG VOLUME M DATA E ORA RICEZIONE |TIMBRO E FIRMA LEGGIBILE DEL DESTI
20260624072655434	altro	10 155,80 1,877
20260624072655434	altro	NOTE. ORARI SCARICO 08:00 - 12:00/ Mar - Ven// NECESSARIA PRENOTAZIONE/ TEL. 019-84061
20260624072655434	altro	BORDERO N. 000111309 BANCALI (IN SPEDIZIONE) 2 SPONDA IDRA! a Si
20260624072655434	altro	N.70 Imballi PALLET EPAL DA RENDERE: 2 EA
20260624072655434	altro	; —
20260624072655434	altro	j
20260624103337627	altro	f G.A.E.R Societa' Cooperati GAER CENTRALE - VIA F. SANTI, 5 - 42025 CORTE TEGGE DI
20260624103337627	altro	CAVRIAGO RE
20260624103337627	altro	ieri Tel, 0522949620/30/40 - Fax 0522 494245 - Partita I. V. A. 0020439
20260624103337627	altro	MITTEN G.A.E.R Societa" Cooperativa DOCUMENTO DI TRASPORTO
20260624103337627	altro	GAER CENTRALE - VIA F. SANTI. 5 - 42025 CORTE TEGGE | DOCUMENTO NUME |DATA CAUSALE DEL TRASPOR
20260624103337627	altro	y 7! Pg 1/1 2 26 Vendita
20260624103337627	altro	DESTINATAR 035792 g 13/06/20.
20260624103337627	luogo_destinazione	001519 -078 LUOGO DI DESTINAZION
20260624103337627	altro	CONSUMER IN SRL
20260624103337627	indirizzo	COOP CONO LI -SAVONA
20260624103337627	altro	PIAZZA G. FERRE', 10 Partita IVA: 04117520967
20260624103337627	indirizzo	20025 LEGNANO x CORSO RICCI, 211R
20260624103337627	indirizzo	Mi IT [17100 - SAVONA
20260624103337627	altro	Sv. CT
20260624103337627	altro	ARTICOLO DESCRIZIONE DEI BENT - QUANTIT
20260624103337627	altro	Merce fatturata da Consumer.in srl a Coop Consorzio Nord Ovest P.I. 04117520967 e da quest'ultima ceduta al destinatario findle.
20260624103337627	altro	Da Lista Preliev 000091687
20260624103337627	riferimento_fattura_ordine	Rif. citato in fatt. VEND 039197 del 23/06/2026
20260624103337627	riferimento_fattura_ordine	N.ro ordine 026616903 del 23/06/2026
20260624103337627	riferimento_fattura_ordine	N.ro ordine 026676211 del 23/06/2026
20260624103337627	altro	Lista di prelievo Totale n. colli
20260624103337627	altro	000091687 1
20260624103337627	indirizzo	COOP LIGURIA s.c.c. SAVONA
20260624103337627	altro	Sede Ipdrmercato:
20260624103337627	indirizzo	Corso Ricci, 2! £ - 17100 SAVONA
20260624103337627	altro	SI RISERVIAMO DI VERIFICARE LA QUANTITA ELAG n
20260624103337627	altro	. DEGLI ARTI ISUEGSSAAMENIE ni O -
20260624103337627	altro	DATA INIZIO TRASPO TRASPORTO AC |VIGLS ENTERPRISE SRL Ei ccki VAR
20260624103337627	altro	23/06/2026 11.48 : E
20260624103337627	altro	MITTENT |T
20260624103337627	altro	D] pestinat {T
20260624103337627	altro	TOTALE CO PESO KG VOLUME M DATA E ORA RICEZIONE |TIMBRO E FIRMA LEGGIBILE DEL DESTI
20260624103337627	altro	1 1,62 0,008
20260624103337627	altro	NOTE ORARI SCARICO 08:00 - 12:00/ Mar - Ven// NECESSARIA PRENOTAZIONE TEL. 019-84061
20260624103337627	altro	SPONDA IDRAULICA: Si
20260624103337627	altro	N.ro imballi ° 7
20260625093859235	altro	G.A.E.R Societa' Cooperati GAER C/O LOGISTICA UNO - VIA COLOMBARONE SN - 29010
20260625093859235	altro	MONTICELLI D'ONGINA PC
20260625093859235	altro	rio Tel. 0522949620/30/40 - Fax 0522 494245 - Partita I. V. A. 0020439
20260625093859235	altro	MITTEN G.A.E.R Societa' Cooperativa DOCUMENTO DI TRASPORTO
20260625093859235	altro	GAER C/O LOGISTICA UNO - VIA COLOMBARONE SN - 290 | DOCUMENTO NUME |DATA CAUSALE DEL TRASPOR
20260625093859235	intestazione_documento	DESTINATAR 035985 Pg 1/1 23/06/2026 Vendita
20260625093859235	luogo_destinazione	001519- 078 LUOGO DI DESTINAZION
20260625093859235	altro	CONSUMER IN SRL °
20260625093859235	indirizzo	COOP CONO LI -SAVONA
20260625093859235	altro	PIAZZA G. FERRE”, 10 Partita IVA: 04117520967
20260625093859235	indirizzo	20025 LEGNANO CORSO RICCI, 211R
20260625093859235	indirizzo	MI Tm 17100 SAVONA
20260625093859235	altro	SV IT
20260625093859235	altro	ARTICOLO DESCRIZIONE DEI BENI QUANTIT
20260625093859235	altro	Merce fatturata da Consumer.in srl a Coop Consorzio Nord Ovest P.I. 04117520967 e da quest'ultima ceduta al destinatario fingie.
20260625093859235	altro	Da Lista Preliev 000092482
20260625093859235	riferimento_fattura_ordine	Rif. citato in fatt. VEND 009443 del 23/06/2026
20260625093859235	riferimento_fattura_ordine	N.ro ordine 026674608 del 23/06/2026
20260625093859235	altro	t ” NA
20260625093859235	altro	& H®)
20260625093859235	altro	reo BA
20260625093859235	altro	p UGUBIA SE to:
20260625093859235	indirizzo	cOoà ide ti pui 77/00 SAVONA
20260625093859235	altro	inci, ZI Pata
20260625093859235	indirizzo	Corso Ricci
20260625093859235	altro	i 25 GIU 2026
20260625093859235	altro	FORINTN'
20260625093859235	altro	pd qui BACoiriR
20260625093859235	altro	sNÒ Ì ERNIAMO paesino PATENTE al RITIRO
20260625093859235	altro	CL pè pr atpinoli v DAN ARI
20260625093859235	altro	ee” e GENE
20260625093859235	altro	(io 34 gres
20260625093859235	altro	23 gh
20260625093859235	altro	gh
20260625093859235	altro	; dl
20260625093859235	altro	DATA INIZIO TRASPO TRASPORTO A C |VÎ LOGISTICA UNO EUROPE SRL
20260625093859235	altro	23/06/2026 16.34 E
20260625093859235	altro	MITTENT T
20260625093859235	altro	1] pestinat |"
20260625093859235	altro	TOTALE CO PESO KG VOLUME M DATA E ORA RICEZIONE |TIMBRO E FIRMA LEGGIBILE DEL DESTI
20260625093859235	altro	16 100,00 0,855
20260625093859235	altro	NOTE ORARI SCARICO 08:00 - 12:00/ Mar - Ven/ / NECESSARIA PRENOTAZIONE/ TEL. 019-84061
20260625093859235	altro	BORDERO N. 000111445 BANCALI (IN SPEDIZIONE) 1 SPONDA IDRAULICA: Si
20260625093859235	altro	N.r0 Imballi PALLET EPAL DA RENDERE: 1
20260626105517720	altro	() G.A.E.R Societa' Cooperati GAER CENTRALE - VIA F. SANTI, 5 - 42025 CORTE TEGGE DI
20260626105517720	altro	CAVRIAGO RE
20260626105517720	altro	nre Tel. 0522949620/30/40 - Fax 0522 494245 - Partita I. V. A. 0020439
20260626105517720	altro	MITTEN G.A.E.R Societa' Cooperativa DOCUMENTO DI TRASPORTO
20260626105517720	altro	GAER CENTRALE - VIA F, SANTI. 5 - 42025 CORTE TEGGE i DOCUMENTO NUME |DATA CAUSALE DEL TRASPOR
20260626105517720	intestazione_documento	DESTINATAR 036468 Pg 1/ 1 25/06/2026 Vendita
20260626105517720	luogo_destinazione	001519 -078 LUOGO DI DESTINAZION .
20260626105517720	altro	CONSUMER IN SRL
20260626105517720	indirizzo	COOP CCNO LI «SAVONA
20260626105517720	altro	PIAZZA G. FERRE', 10 Partita IVA: 04117520967
20260626105517720	indirizzo	20025 LEGNANO CORSO RICCI, 211R
20260626105517720	indirizzo	MI IT 17100 SAVONA
20260626105517720	altro	SV T
20260626105517720	altro	ARTICOLO DESCRIZIONE DEI BENI QUANTIT
20260626105517720	altro	Merce fatturata da Consumer.In srl a Coop Consorzio Nord Ovest P.I. 04117520967 e da quest'ultima ceduta al destinatario finale.
20260626105517720	altro	Da Lista Preliev 000095144
20260626105517720	riferimento_fattura_ordine	Rif. citato in fatt. VEND 039875 del 25/06/2026
20260626105517720	riferimento_fattura_ordine	N.ro ordine 026674576 del 25/06/2026
20260626105517720	altro	986402 VW SAMSSMA266BZKCEUEEU SMARTP. 6.64" 8GB 256GB GALAXY A2 25
20260626105517720	altro	Lista di prelievo Totale n. colli
20260626105517720	altro	000095144 3
20260626105517720	indirizzo	COOP LIGURIA s.cc, SAVONA
20260626105517720	altro	__ Sede ipermercato i
20260626105517720	indirizzo	Corso Ricci, 211 7. - 17100 SAVONA
20260626105517720	altro	26 GIU 206
20260626105517720	altro	Ci riserviamo di verificare le quantità e la
20260626105517720	altro	conformità degli articoli successivantente al ritira,
20260626105517720	altro	DATA INIZIO TRASPO TRASPORTO A C |VÎGLS ENTERPRISE SRL j
20260626105517720	altro	25/06/2026 11.16 E
20260626105517720	altro	MITTENT u j
20260626105517720	altro	CC] DESTINAT
20260626105517720	altro	TOTALE CO PESO KG VOLUME M DATA E GRA RICEZIONE | TIMBRO E FIRMA fcBiane pEr DESTI |
20260626105517720	altro	Ai =
20260626105517720	altro	3 52,15 0,121 Hi DI
20260626105517720	altro	y
20260626105517720	altro	NOTE ORARI SCARICO 08:00 - 12:00/ Mar - Ven/ / NECESSARIA PRENOTAZIONE/ TEL. 019-84061 LU
20260626105517720	altro	: SPONDA IDRAULICA: Sì
20260626110420056	documento_senza_righe_articolo	(168 righe, layout non gestito)
20260629092757818	documento_senza_righe_articolo	(309 righe, layout non gestito)
20260630094924893	altro	° G.A.E.R Societa' Cooperativa - GAER CENTRALE - VIA F. SANTI, 5 - 42025 CORTE TEGGE DI
20260630094924893	altro	% CAVRIAGO RE
20260630094924893	altro	! ceti cz Tel. 0522949620/30/40 - Fax 0522 494245 - Partita |. V. A. 00204390355
20260630094924893	altro	MITTENT  G.A.E.R Societa’ Cooperativa DOCUMENTO DI TRASPORTO
20260630094924893	altro	GAER CENTRALE - VIA F. SANTI, 5 - 42025 CORTE TEGGE DI CA_ | DOCUMENTO NUMERO CAUSALE DEL TRASPORTO
20260630094924893	altro	Pg 1/ bÉ Vendit
20260630094924893	altro	DESTINATARI 035963 () 1 23/9#P026 'endita
20260630094924893	luogo_destinazione	001519 - 078 LUOGO DI DESTINAZIONE / ®_
20260630094924893	altro	CONSUMER IN SRL È
20260630094924893	indirizzo	COOP CONO LI -SAVONA
20260630094924893	altro	PIAZZA G. FERRE’, 10 Partita IVA: 04117520967
20260630094924893	indirizzo	20025 LEGNANO CORSO RICCI, 211R
20260630094924893	indirizzo	MI Tm 17100 SAVONA
20260630094924893	altro	SV IT
20260630094924893	altro	ARTICOLO DESCRIZIONE DEI BENI QUANTITA’
20260630094924893	altro	Merce fatturata da [Consumer.In sri a Coop Consorzio Nord Ovest P.I. 04117520967 e da quest'ultima ceduta al destinatario finale.
20260630094924893	altro	Da Lista Prelievo: 000092841
20260630094924893	riferimento_fattura_ordine	Rif. citato in fatt. VEND 039340 del 23/06/2026
20260630094924893	riferimento_fattura_ordine	i N.ro ordine 026618174 del 23/06/2026
20260630094924893	riferimento_fattura_ordine	N.ro ordine 026644150 del 23/06/2028
20260630094924893	riferimento_fattura_ordine	N.ro ordine 026674630 del 23/06/2026
20260630094924893	riferimento_fattura_ordine	N.ro ordine 026679069 del 23/06/2026
20260630094924893	riferimento_fattura_ordine	Rif. citato in fatt. VEND 039341 del 23/06/2026
20260630094924893	riferimento_fattura_ordine	N.ro ordine 026676211 del 23/06/2026
20260630094924893	altro	Lista di prelievo Totale n. colli
20260630094924893	altro	000092574 1
20260630094924893	altro	000091689 1
20260630094924893	indirizzo	Pe TE SAVONA
20260630094924893	altro	DATA INIZIO TRASPOR TRASPORTO A V LOGISTICA UNO EUROPE SRL { È Gili Voc
20260630094924893	altro	23/06/2026 16.39 CURA DEL E NIE LUI
20260630094924893	altro	MATENTE ù ARISERNIARO Dr Ai ricami een
20260630094924893	altro	T DEGLI STIONE ni VAT E La CONFORMITA
20260630094924893	altro	van | DESTINATA le) Po ce O TSSSIIVAMINTI AI RIJIRO,
20260630094924893	altro	TOTALE COL PESO KG VOLUME MC DATA E ORA RICEZIONE ME | TIMBRO E FIRMA LEGGIBILE DEL DESTINATA
20260630094924893	altro	2 135,90 1,407
20260630094924893	altro	NOTE. ORARI SCARICO 08:00 - 12:00/ Mar - Ven/ / NECESSARIA PRENOTAZIONE/ TEL. 019-84061
20260630094924893	altro	BORDERO N. 000111446 BANCALI (IN SPEDIZIONE) 1 SPONDA IDRAULICA: Si
20260630094924893	altro	N.ro Imballi PALLET EPAL DA RENDERE: 1
20260701061800115	altro	i CO) G.A.E.R Societa' Cooperati GAER C/O cell - VIA COLOMBARONE SN - 29010
20260701061800115	altro	20° ‘ o i MONTICELLI D'ONGINA PC
20260701061800115	altro	«E° sog iene —___Tel*0522949620/30/40 - Fax 0522 494245 - Partita Î. V. A. 0020439
20260701061800115	altro	MITTEN I G.A.E.R Societa' Cooperativa DOCUMENTO DI TRASPORTO
20260701061800115	altro	GAER C/O LOGISTICA UNO - VIA COLOMBARONE SN - 290 DOCUMENTO NUME |DATA CAUSALE DEL TRASPOR
20260701061800115	intestazione_documento	DESTINATAR 036659 Pg 1/1 25/06/2026 Vendita |
20260701061800115	luogo_destinazione	001519 - 078 ° LUOGO DI DESTINAZION
20260701061800115	altro	CONSUMER IN SRL
20260701061800115	indirizzo	. COOP CCNO LI -SAVONA
20260701061800115	altro	PIAZZA G. FERRE", 10 Partita IVA: 04117520967
20260701061800115	indirizzo	20025 LEGNANO CORSO RICCI, 211R "
20260701061800115	indirizzo	MI IT 17100. SAVONA
20260701061800115	altro	SV IT
20260701061800115	altro	y ARTICOLO DESCRIZIONE DEI BENI QUANTIT
20260701061800115	altro	i Mereg fatturata da Consumer,In srl a Coop Consorzio Nord Ovest P.I. 04117520967 e da quest'ultima ceduta al destinatario findle.
20260701061800115	altro	- Da Lista Preliev 000095558
20260701061800115	riferimento_fattura_ordine	Rif. citato in fatt. VEND 009652 del 25/06/2026 :
20260701061800115	riferimento_fattura_ordine	cla - N.ro ordine 026647456 del 25/06/2026
20260701061800115	altro	975713 ** **» DAYA DHDP27NSMIKEO FRIGO 2P. 206LT CE.E STATICO DEFROST INO 8
20260701061800115	riferimento_fattura_ordine	N.ro ordine 026686672 del 25/06/2026
20260701061800115	altro	i di
20260701061800115	altro	Corso Ae NI x 2025
20260701061800115	altro	DATA INIZIO TRASPO * % TRASPORTO A C |VÎ LOGISTICA UNO EUROPE SRL °
20260701061800115	altro	25/06/2026 17.19 . E
20260701061800115	altro	ne NEI E MITTENT. {T n i cu .
20260701061800115	altro	. «| D pestinar | SE - lecce
20260701061800115	altro	TOTALE CO PESO KG - VOLUME M. -* DATA È ORA RICEZIONE . { TIMBRO E FIRMA LEGGIBILE DEL DESTI
20260701061800115	altro	19 728,57 1,402 ° i
20260701061800115	altro	NOTE ORARI SCARICO 08:00 - 12:00/ Mar - Ven/ / NECESSARIA PRENOTAZIONE/ TEL. 019-84061
20260701061800115	altro	i
20260701061800115	altro	BORDERO N. 000111571 BANCALI (IN SPEDIZIONE) 6 SPONDA IDRAULICA: Si du
20260701061800115	altro	AL ”
20260701061800115	altro	|
20260701061800115	altro	N.ro Imballi PALLET EPAL DA RENDERE: 6 Î
20260701104035942	altro	w G.A.E.R Societa' Cooperati GAER CENTRALE - VIA F. SANTI, 5 --42025 CORTE TEGGE DI
20260701104035942	altro	CAVRIAGO RE
20260701104035942	altro	insiciimzinni Tel. 0522949620/30/40 - Fax 0522 494245 - Partita 1. V. A. 0020439
20260701104035942	altro	MITTEN G.A.E.R Societa' Cooperativa DOCUMENTO DI TRASPORTO
20260701104035942	altro	GAER CENTRALE - VIA F. SANTI. 5 - 42025 CORTE TEGGE | DOCUMENTO NUME CAUSALE DEL TRASPOR
20260701104035942	intestazione_documento	DESTINATAR 037406 Pg 1/1 30/06/2026 Vendita
20260701104035942	luogo_destinazione	001519 -078 LUOGO DI DESTINAZION
20260701104035942	altro	CONSUMER IN SRL
20260701104035942	indirizzo	COOP CONO LI -SAVONA
20260701104035942	altro	PIAZZA G. FERRE', 10 Partita IVA: 04117520967
20260701104035942	indirizzo	20025 LEGNANO CORSO RICCI, 211R
20260701104035942	indirizzo	MI IT 17100 SAVONA
20260701104035942	altro	SV IT
20260701104035942	altro	ARTICOLO DESCRIZIONE DEI BENI QUANTIT
20260701104035942	altro	Merce fatturata da Consumer.In srl a Coop Consorzio Nord Ovest P.I. 04117520967 e da quest'ultima ceduta al destinatario findle. ‘
20260701104035942	altro	Da Lista Preliev 000000279
20260701104035942	riferimento_fattura_ordine	Rif. citato in fatt. VEND 040836 del 30/06/2026
20260701104035942	riferimento_fattura_ordine	N.ro ordine 026674576 del 30/06/2026
20260701104035942	riferimento_fattura_ordine	N.ro ordine 026702639 del 30/06/2026
20260701104035942	riferimento_fattura_ordine	N.ro ordine 026702669 del 30/06/2026
20260701104035942	altro	Lista di prelievo Totale n. colli
20260701104035942	altro	000000279 L
20260701104035942	altro	COOP
20260701104035942	indirizzo	IGURIA s.c.c. SAVONA
20260701104035942	altro	. Sede Ipe
20260701104035942	indirizzo	Corso Ricci, 2115" perio
20260701104035942	indirizzo	= T7100 SAVONA
20260701104035942	altro	TEUG 2026
20260701104035942	altro	Gi riserviamo . _
20260701104035942	altro	conformità degli ico ere le quantità e |
20260701104035942	altro	n (1
20260701104035942	altro	Sgt aricoli successivamente. alelito,
20260701104035942	altro	DATA INIZIO TRASPO TRASPORTO A C |V|GLS ENTERPRISE SRL
20260701104035942	altro	30/06/2026 08.14 E
20260701104035942	altro	MITTENT |T
20260701104035942	altro	D pestinat |
20260701104035942	altro	TOTALE CO PESO KG VOLUME M DATA E ORA RICEZIONE  j TIMBRO E FIRMA LEGGIBILE DEL DESTI
20260701104035942	altro	1 10,02 0,023
20260701104035942	altro	NOTE ORARI SCARICO 08:00 - 12:00/ Mar - Ven/ / NECESSARIA PRENOTAZIONE/ TEL. 019-84061
20260701104035942	altro	SRONDA IDRAULICA: Si
20260701104035942	altro	im, I
20260701104035942	altro	7
20260703100204858	altro	STI, G.A.E.R Societa' Cooperati GAER C/O LOGISTICA UNO - VIA COLOMBARONE SN - 29010
20260703100204858	altro	a 0 MONTICELLI D'ONGINA PC .
20260703100204858	altro	i ; rca 1a Tel. 0522949620/30/40 - Fax 0522 494245 - Partita I. V. A. 0020439
20260703100204858	altro	T MITTEN —G.A.E.R Societa' Cooperativa DOCUMENTO DI TRASPORTO j
20260703100204858	altro	GAER C/O LOGISTICA UNO - Vi&COrOMEARONE SN - 290 | DOCUMENTO NUME T DATA .- - | CAUSALE DEL TRASPOR_ |.
20260703100204858	altro	037751 Pg 1/1 0/06/: Vendita
20260703100204858	altro	DESTINATAR 9 30/06/2026
20260703100204858	luogo_destinazione	001519 - 078 LUOGO DI DESTINAZION la
20260703100204858	altro	CONSUMER IN SRL
20260703100204858	indirizzo	è ‘| COOP CCNOLI -SAVONA
20260703100204858	altro	PIAZZA G. FERRE", 10 Partita IVA: 04117520967 i
20260703100204858	indirizzo	20025 LEGNANO CORSO RICCI, 211R <a d
20260703100204858	indirizzo	17100. SAVONA na
20260703100204858	altro	MI IT : A . st.
20260703100204858	altro	e. . SV. IT e .
20260703100204858	altro	ARTICOLO DESCRIZIONE DEI BENI _ QUANTIT
20260703100204858	altro	Merce.fatturata da Consumer.in srl a Coop Consorzio Nord Ovest P.I. 041 17520967 e da quest'ultima ceduta al destinatario findle.
20260703100204858	altro	so... |Palista Prefiev 000000865 fi
20260703100204858	riferimento_fattura_ordine	a Rif. citato in fat.\VEND: > > 010008 del 30/06/2026 l - o
20260703100204858	riferimento_fattura_ordine	DECORRERE NI N.ro ordine 026702743 del 30/06/2026‘ . n
20260703100204858	altro	982460. è #4 CAND + EN2108S . LAV.C/FRONT.10KG 1200GIRI CE.A-20%.INV.VAP.12PRO .. ...- 4
20260703100204858	riferimento_fattura_ordine	o © | Rif. citato in fatt VEND'—>- <> -- 010009" > del 30/06/2026 e TT
20260703100204858	altro	: - ORDINE DA TOTEM: lilla ciccarelli \_..._. . OA i e . .
20260703100204858	riferimento_fattura_ordine	"= . : N.ro ordine 026697385 del 30/06/2026 n ee
20260703100204858	altro	* +]... ORDINE DATOTEM: sig. tortarolo lydia iena :
20260703100204858	riferimento_fattura_ordine	» . : : N.ro ordine 026703897 del 30/06/2026 ta
20260703100204858	riferimento_fattura_ordine	N.ro ordine 026703954 del 30/06/2026 °
20260703100204858	altro	: x ORDINE DA TOTEM: sig.bejko frensis meo i o
20260703100204858	riferimento_fattura_ordine	o. _ N.ro ordine 026704590 del 30/06/2026 DSS a Dee
20260703100204858	riferimento_fattura_ordine	Li n N.ro ordine 026710648 del 30/06/2026 si : .
20260703100204858	altro	972975 Li ROBO VACBOT5 ROBOT LAVA/ASPIRA 30W 0.31/0.25LT WIFI NERO . 2
20260703100204858	altro	i O: ORDINE DA TOTEM: paola rossi © © - . o
20260703100204858	riferimento_fattura_ordine	Li N.ro ordine 026711938 del 30/06/2026
20260703100204858	indirizzo	SI Se COOP.UGURIA }.c.c. SAVONA | |.
20260703100204858	altro	= di inecnercalo.
20260703100204858	indirizzo	DATA INIZIO TRASPO + TRASPORTO AC |V]LOGISTICA UNO E SRL91 Tad 17100 SAVONA
20260703100204858	altro	30/06/2026 17.16 E . BRLRIARIZI Ò .
20260703100204858	altro	MITENT |T -  3ILYG 2026 :
20260703100204858	altro	DESTINAT .
20260703100204858	altro	Do - LU LMMGDINIBIEICARE LA QUANTITA ELA CONFORMITA —,
20260703100204858	altro	TOTABE CO PESO KG VOLUME M DATA E ORA RICEZIONE pfeuimeresa SER RIVA TRGGIBILE DEL DESTI
20260703100204858	altro	2 FUT 34 113,55 12,812 GENE
20260703100204858	altro	* [NOTE * ORARI SCARICO 08:00 - 12:00/ Mar - Ven// NECESSARIA PRENOTAZIONE/ TEL. 019-84061 . :
20260703100204858	altro	BORDERO N. 000111737 . -  BANCALI(INSPEDIZIONE) 12 SPONDA IDRAULICA: si
20260703100204858	altro	N.ro [mbati PALLET EPAL DA RENDERE: 11 - PALLET LEGNO 75X75 A RENDERE. 1
20260703100204858	altro	GANN G.A.E.R Societa' Cooperati GAER CENTRALE - VIA F. SANTI, 5 - 42025 CORTE TEGGE DI
20260703100204858	altro	. Ì CAVRIAGO RE
20260703100204858	altro	st i . = Tel. 0522949620/30/40 - Fax 0522 494245 - Partita I. V. A. 0020439 ‘
20260703100204858	intestazione_documento	| DESTINATAR 037696 Pg 1/3 30/06/2026 Vendita .
20260703100204858	luogo_destinazione	001519 - 078 LUOGO DI DESTINAZION
20260703100204858	indirizzo	È COOP CONO LI -SAVONA
20260703100204858	altro	PIAZZA G. FERRE', 10 Partita IVA: 04117520967
20260703100204858	indirizzo	20025 LEGNANO CORSO RICCI, 211R
20260703100204858	indirizzo	MI TO | 17100 SAVONA :
20260703100204858	altro	2. Sv . IT .
20260703100204858	altro	Merce fatturata da Consumer.In sr a Coop Consorzio Nord Ovest P.I: 04117520967 e da quest'ultima ceduta al destinatario findie.  -—*
20260703100204858	altro	” Da Lista Preliev 000001294’ °
20260703100204858	riferimento_fattura_ordine	Rif. citato in fatt. VEND 041140 del 30/06/2026
20260703100204858	riferimento_fattura_ordine	N.ro ordine 026644545 del 30/06/2026 © .
20260703100204858	riferimento_fattura_ordine	. N.ro ordine 026710580 del 30/06/2026 n
20260703100204858	riferimento_fattura_ordine	ui N.ro ordine 026710645 del 30/06/2026
20260703100204858	altro	817845 GS3FE G1014700 FORNETTO EL. 1500W 37LT VENT. ROSTO TITANIUM 37 3
20260703100204858	altro	* 4 DATA INIZIO TRASPO | TRASPORTO AC |V|LOGISTICA UNO EUROPE SRL" D -
20260703100204858	altro	01/07/2026 15.20 E -
20260703100204858	altro	MITTENT T
20260703100204858	altro	e dee
20260703100204858	altro	TOTALE CO PESO KG VOLUME M DATA E ORA RICEZIONE | TIMBRO E FIRMA LEGGIBILE DEL DESTI
20260703100204858	altro	NOTE. ORARI SCARICO 08:00 - 12:00/ Mar - Ven// NECESSARIA PRENOTAZIONE/ TEL. 019-84061
20260703100204858	altro	BORDERO N. 000111734 BANCALI (IN SPEDIZIONE) 5 SPONDA IDRAULICA: Si
20260703100204858	altro	GANN G.A.E.R Societa' Cooperati GAER CENTRALE - VIA F. SANTI, 5 - 42025 CORTE TEGGE DI
20260703100204858	altro	CAVRIAGO RE _
20260703100204858	altro	ceci trmanine Tel. 0522949620/30/40 - Fax 0522 494245 - Partita 1. V. A. 0020439 7
20260703100204858	altro	DOCUMENTO NUME |DATA . CAUSALE DEL TRASPOR
20260703100204858	luogo_destinazione	001519 -078 LUOGO DI DESTINAZION
20260703100204858	altro	CONSUMER IN SRL T
20260703100204858	indirizzo	COOP CONO LI -SAVONA 7
20260703100204858	altro	PIAZZA G. FERRE, 10 Partita IVA: 04117520967
20260703100204858	indirizzo	20025 LEGNANO . CORSO RICCI, 211R n°
20260703100204858	indirizzo	- n 17100 SAVONA. isa.
20260703100204858	riferimento_fattura_ordine	Rif. citato in fatt. VEND 041141 del 30/06/2026
20260703100204858	riferimento_fattura_ordine	N.ro ordine 026644150 del 30/06/2026
20260703100204858	riferimento_fattura_ordine	N.ro ordine 026674576 del 30/06/2026 °
20260703100204858	altro	899870 HP 988R4B MF.INKJET 7.5PPM 2CART. WIFI DESKJET 2822E 6
20260703100204858	riferimento_fattura_ordine	N.ro ordine 026702660 del 30/06/2026 : l
20260703100204858	altro	DATA INIZIO TRASPO . | TRASPORTO A C ÎVTLOGISTICA UNO EUROPE SRL” 7
20260703100204858	altro	01/07/2026 15.20 E ° :
20260703100204858	altro	MITTENT |T |
20260703100204858	altro	edemi
20260703100204858	altro	TOTALE CO PESO KG VOLUME M DATA E ORA RICEZIONE TIMBRO E FIRMA LEGGIBILE DEL DESTI
20260703100204858	altro	i e i
20260703100204858	altro	NOTE ORARI SCARICO 08:00 - 12:00/ Mar - Ven/ / NECESSARIA PRENOTAZIONE/ TEL. 019-84061
20260703100204858	altro	BORDERO N. 000111734 n BANCALI (IN SPEDIZIONE) 5 SPONDA IDRAULICA: Si
20260703100204858	altro	n n
20260703100204858	altro	. ì — LIBUZONIY V SAXSLONOATIATVA -]| *
20260703100204858	altro	1 :389ONSÙ VO TVdd LITIYd - S '3UIONIY VO TVdI LITTVA - 7 :3YZONIY VO Ivd3 STIVA > L 3U30NIY YO TvdI LITIVA
20260703100204858	altro	+ ANSONIY VO 19d3 LITTYA - L'AUZONAY VO TAI LITIVA - L'SUSONAY VG IVDI LITIVA - L SIMIONSI Va TVda
20260703100204858	altro	JA TIVA - L''SHIONIY VO Ida 13TTvd > L'SUIGNIY VO TYdI LTTVA - L'IYIONIY VO VAI LENIVA = L :3Y4ONAY VO
20260703100204858	altro	IYda LITIVA - © SYIONIY VO TVdI LITIVA > L''3UAONIY YO TVdI LITIVA - 2 UZONIN VO TYdd 1371Vd - L':3Y3ONAY
20260703100204858	altro	YO INdI ITIVA- 9 ‘3USONIY YO TYd3-13TTVd - 7 AHIONIY VO VAI LITIVA * L AVIONIY YO 1Vd3 13T1vA HEQUI ON |] *
20260703100204858	altro	Is VOMNVYCI VYANOdS | S (ENOIZICIdS NI) MYONVA ‘ PELLLLO00 "N OHAGHOE
20260703100204858	altro	+9078-610 "131 /ANOIZY LONIHd VIUYSSADAN //U9A - JE) /00:ZL > 00:20 ODIMVOS IMYHO 310N
20260703100204858	altro	88066 IL'ec9 6
20260703100204858	altro	11530 130 STIFIODIT VINYHIA F OSENILI INOIZIIIY YYO A VIVO | - | NANnIOA OY OS3d 09 FIVIOL
20260703100204858	altro	00 ij 1vnusaa DI
20260703100204858	altro	If IN3LUN
20260703100204858	altro	i Lin 3 ozeL 9zozizono . |
20260703100204858	altro	. 53: è TSO YNI ONN VOLLSIDOTI A] O vOLYOdSvUL OciSVHL OIZINI VIVO
20260703100204858	altro	c. ” = vet RIVA RNINIO :
20260703100204858	altro	“OULUY 10 ILNINVAIS:
20260703100204858	altro	— MAIMREGIROI NI I VILIAVAD I IA np
20260703100204858	altro	MI ANTÀ - |
20260703100204858	altro	VNOAYS 00121 - "1 Rip 05409 .
20260703100204858	altro	‘0402491048d]\ jpas
20260703100204858	altro	VNOAVS ‘295 VIBNON dood
20260703100204858	altro	LI __LF9660000
20260703100204858	altro	. L . OsTocaneo . ai
20260703100204858	altro	z 819660000
20260703100204858	altro	Ss 027100000
20260703100204858	altro	1][09 *U 2jeio] CA9IHOId Ip EST] i
20260703100204858	altro	€ MOTHLL'INWN AI ASIA VOLLVIS 30 11792 IIWOO  34SL9Z8SMNI  FONI 606176
20260703100204858	altro	9Z07/90/0£ 189 FyLZ0L9Z0 aUIPIO ON
20260703100204858	altro	9 "DIld ODINVIAYO DIDOVIA YO INI OTTOF M009L NOHd  L020HD VIVO LLSVE9
20260703100204858	altro	8 ° SSOY FINIUIOVILNYLSVIA M0007 FHOdVA OYYII 0F0L071SO “Hd 211886 È
20260703100204858	altro	tf AUO/LIM ININOL-S"0 ‘DIYOZ FLIV/ONY ITTAAVO DAY FOSMESODUI  VNVA LEGISL
20260703100204858	altro	sl YIA VONITDOHA8 L19°9 MOOGL VIUV AV SONLLIDDIHI E900P£8LL DTM SSLELE
20260703100204858	altro	9 DOV+ OYNNAASYE OLLI INS8E AZ'L FTOIDIHEYUHIASY  VMSLZOAN 3019 LOGgLL
20260703100204858	altro	LULNYNO . ‘___IN38 130 3NOIZIH9S3A OTODLLUV
20260703100204858	altro	moi IE I IN
20260703100204858	altro	VNOAYS O0LLL
20260703100204858	altro	ULLZ ‘IDOIY OSYOO ONYNOFI SEO0E
20260703100204858	altro	L960ZSLI LEO VAI eyDed OL HITS O VZZY
20260703100204858	altro	VNOAYS- MONDI d009
20260703100204858	altro	TUS NI UIINNSNOO
20260703100204858	altro	. si *  NOIZVNILSAA Id 090N7 8L0- 615100
20260703100204858	altro	YUVIVNILS30
20260703100204858	altro	EIPUSA 9702/90/0€ | € /£ Bd Seszeo .
20260703100204858	altro	YOdSvUL 150 FIVSNVI | . VIVO | _FINNN OINIMNDOA | ODAL ILUOD SZ0ZP - S'LINVS "d VIA - STVHLNSO VIVO
20260703100204858	altro	OLHOdSVUL A OLN3NNIOA ReApe19d009) ,2}900S Y'I'YO NILLIN
20260703100204858	altro	GEPOZOO "WA ‘I ENEL - SPZP6b ZZ50 XE4 - 07/0£/0Z96167ZS0 PL rio
20260703100204858	altro	. - 3Y ODVIVAVO \ i
20260703100204858	altro	IA FDDIL ALYOO SZ07# - S ‘LINYS ‘4 VIA - FTVULNII YAVO  NeJedo09 eE1S00S NIVD .
20260703104227593	altro	G.A.E.R Societa' Cooperati GAER CENTRALE - VIA F. SANTI, 5 - 42025 CORTE TEGGE DI
20260703104227593	altro	CAVRIAGO RE
20260703104227593	altro	leeciarzzni Tel. 0522949620/30/40 - Fax 0522 494245 - Partita |. V. A. 0020439
20260703104227593	altro	MITTEN G.A.E.R Societa' Cooperativa DOCUMENTO DI TRASPORTO
20260703104227593	altro	GAER CENTRALE - VIA F. SANTI. 5 - 42025 CORTE TEGGE | DOCUMENTO NUME DATA CAUSALE DEL TRASPOR
20260703104227593	intestazione_documento	DESTINATAR 037947 Pg 1/1 02/07/2026 Vendita
20260703104227593	luogo_destinazione	001519 -078 LUOGO DI DESTINAZION
20260703104227593	altro	CONSUMER IN SRL
20260703104227593	indirizzo	COOP CONO LI -SAVONA
20260703104227593	altro	PIAZZA G. FERRE', 10 Partita IVA: 04117520967
20260703104227593	indirizzo	20025 LEGNANO CORSO RICCI, 211R
20260703104227593	indirizzo	Mi IT 17100 SAVONA .
20260703104227593	altro	SV IT
20260703104227593	altro	ARTICOLO DESCRIZIONE DEI BENI QUANTIT
20260703104227593	altro	Merce fatturata da Consumer.in srl a Coop Consorzio Nord Ovest P.I. 04117520967 e da quest'ultima ceduta al destinatario fingle.
20260703104227593	altro	Da Lista Preliev 000003052
20260703104227593	riferimento_fattura_ordine	Rif. citato in fatt. VEND 041353 del 02/07/2026
20260703104227593	riferimento_fattura_ordine	N.ro ordine 026702639 del 02/07/2026
20260703104227593	riferimento_fattura_ordine	N.ro ordine 026710578 del 02/07/2026
20260703104227593	altro	Lista di prelievo Totale n. colli
20260703104227593	altro	000003052 Ù
20260703104227593	indirizzo	COOP LIGURIA s.c.c. SAVONA
20260703104227593	altro	Sede Ipermercato
20260703104227593	indirizzo	Corso Ricci, 2111. 17100 SAVONA
20260703104227593	altro	3 LUG 2026
20260703104227593	altro	Lari ità e la
20260703104227593	altro	riserviamo di verificare lo quantità €,
20260703104227593	altro	dia degli articoli successivamente alriiro.
20260703104227593	altro	DATA INIZIO TRASPO TRASPORTO A C |VJGLS ENTERPRISE SRL
20260703104227593	altro	02/07/2026 09.05 E
20260703104227593	altro	MITTENT u
20260703104227593	altro	[CD] DESTINAT
20260703104227593	altro	TOTALE CO PESO KG VOLUME M DATA E ORA RICEZIONE |TIMBRO E FIRMA LEGGIBILE DEL DESTI
20260703104227593	altro	1 3,59 0,007
20260703104227593	altro	NOTE. ORARI SCARICO 08:00 - 12:00/ Mar - Ven/ / NECESSARIA PRENOTAZIONE/ TEL. 019-84061 |
20260703104227593	altro	ina Si
20260706105352000	altro	i (o G.A.E.R Societa' Cooperati GAER CENTRALE - VIA F. SANTI, 5 - 42025 CORTE TEGGE DI
20260706105352000	altro	CAVRIAGO RE
20260706105352000	altro	elezni Tel. 0522949620/30/40 - Fax 0522 494245 - Partita |. V. A. 0020439
20260706105352000	altro	MITTEN G.A.E.R Societa' Cooperativa DOCUMENTO DI TRASPORTO
20260706105352000	altro	GAER CENTRALE - VIA F. SANTI. 5 - 42025 CORTE TEGGE DOCUMENTO NUME |DATA CAUSALE DEL TRASPOR
20260706105352000	intestazione_documento	DESTINATAR 037084 Pg 1/1 29/06/2026 Vendita
20260706105352000	luogo_destinazione	001519 - 078 LUOGO DI DESTINAZION
20260706105352000	altro	CONSUMER IN SRL
20260706105352000	indirizzo	COOP CONO LI -SAVONA
20260706105352000	altro	PIAZZA G, FERRE', 10 Partita IVA: 04117520967
20260706105352000	indirizzo	20025 LEGNANO CORSO RICCI, 211R
20260706105352000	indirizzo	MI IT 17100. SAVONA
20260706105352000	altro	SV IT
20260706105352000	altro	ARTICOLO DESCRIZIONE DE! BENI QUANTIT
20260706105352000	altro	Merce fatturata da Consumer.In sri a Coop Consorzio Nord Ovest P.I. 04117520967 e da quest'ultima ceduta al destinatario findle.
20260706105352000	altro	Da Lista Preliev 000099047
20260706105352000	riferimento_fattura_ordine	Rif. citato in fatt. VEND 040466 del 29/06/2026
20260706105352000	riferimento_fattura_ordine	N.ro ordine 026618168 del 29/06/2026
20260706105352000	riferimento_fattura_ordine	N.ro ordine 026674576 del 29/06/2026
20260706105352000	altro	836409 HP 7MD66F. STAMP.LASER B/N 20PPM 600DPI WIFI LASERJET M110W 2
20260706105352000	altro	Lista di prelievo Totale n. colli
20260706105352000	altro	000099047 1
20260706105352000	altro	VONA
20260706105352000	altro	cooP LIGURIA sec SA
20260706105352000	indirizzo	Sede Iper 100 SAVONA
20260706105352000	altro	sc A 13
20260706105352000	altro	Corso Rice 4°
20260706105352000	altro	< g1uG 2028
20260706105352000	altro	FIGARELA CHART TA. il
20260706105352000	altro	CN ARI
20260706105352000	altro	GENERÌ
20260706105352000	altro	DATA INIZIO TRASPO TRASPORTO AC |VIBRT S.P.A.
20260706105352000	altro	29/06/2026 09.08 E
20260706105352000	altro	MITTENT T
20260706105352000	altro	DC] pestINaT |
20260706105352000	altro	TOTALE CO PESO KG VOLUME M DATA E ORA RICEZIONE |TIMBRO E FIRMA LEGGIBILE DEL DESTI
20260706105352000	altro	1 16,36 0,069
20260706105352000	altro	NOTE ORARI SCARICO 08:00 - 12:00/ Mar - Ven// NECESSARIA PRENOTAZIONE” TEL. 019-84061
20260706105352000	altro	A
20260706105352000	altro	SPONDA IDRAULICA: s_|
20260706105352000	altro	N.ro Imballi 7 Ù ped
20260706105352000	altro	] —
20260707062951743	altro	Edi È St
20260707062951743	altro	OT G.A.E.R Societa' Cooperati GAER C/O LOGISTICA UNO - VIA COLOMBARONE SN - 29010
20260707062951743	altro	. . j Di ‘03 MONTICELLI D'ONGINA PC
20260707062951743	altro	. rica. O Tel 0522849820/30/40 - Fax 0522 494245 - Partita I. V. A. 0020439
20260707062951743	altro	MITTEN G.A:E.R Societa' Cooperativa Da DOCUMENTO DI TRASPORTO
20260707062951743	altro	GAER-C/0-LOGISTICA-UNO—VIA-COLOMBARONE-SN--290-{- DOCUMENTO NUME |'ssrones | vena na
20260707062951743	intestazione_documento	DESTINATAR, - l 038180 Pg 1/1 | 02/07/2026 Vendita
20260707062951743	luogo_destinazione	| 001519 - 078 LUOGO DI DESTINAZION
20260707062951743	altro	CONSUMER IN SRL c* .
20260707062951743	indirizzo	- - COOP CCNO LI.-SAVONA RIOT :
20260707062951743	altro	PIAZZA G. FERRE’, 10 Partita IVA: 04117520967 i
20260707062951743	indirizzo	20025 LEGNANO CORSO RICCI, 211R
20260707062951743	indirizzo	MI T 17100. SAVONA
20260707062951743	altro	SV T ; -
20260707062951743	altro	- | ARTICOLO DESCRIZIONE DEI BENI e QUANTIT
20260707062951743	altro	Merce fatturata da Consumer.In srl a Coop Consorzio Nord Ovest P.1. 0411/520964gda quest'ultima ceduta al destinatario findle.
20260707062951743	altro	BT
20260707062951743	altro	- Da Lista Preliev. 000003472
20260707062951743	riferimento_fattura_ordine	Rif. citato-in fatt, MEND 010157 del 02/07/2026
20260707062951743	riferimento_fattura_ordine	N.ro ordine 026710579 del 02/07/2026
20260707062951743	altro	oS*
20260707062951743	altro	si
20260707062951743	indirizzo	O) st Co COOP LIGURIA s.c.c. SAVONA
20260707062951743	indirizzo	Vaia seed IPETT7100 SAVONA
20260707062951743	indirizzo	9 LE È Corso Ricci, 211 1. - dati
20260707062951743	altro	nd RA
20260707062951743	altro	ac - 7 LUG 2028
20260707062951743	altro	EG .
20260707062951743	altro	i ;
20260707062951743	altro	E LAQUANTITA' ELA CONFORMITA
20260707062951743	altro	LL CNS SUCCESSIVAMENTE MRITIRO.
20260707062951743	altro	cu GENERI VARI
20260707062951743	altro	DATA INIZIO TRASPO TRASPORTO AC |VÎ LOGISTICA UNO EUROPE SRL "e
20260707062951743	altro	02/07/2028 14.49 _ SE dei E
20260707062951743	altro	° er MITTENT JT °
20260707062951743	altro	Q pestinat |”
20260707062951743	altro	TOTALE CO. |-.-.PESOKG ©. | VOLUMEM. DATA E ORA RICEZIBNE | TIMBRO E FIRMA LEGGIBILE DEL DESTI
20260707062951743	altro	4 26,80 0,186
20260707062951743	altro	NOTE ORARI SCARICO 08:00 - 12:00/ Mar - Ven/ NECESSARIA PRENOTAZIONE/ TEL. 019-84061
20260707062951743	altro	‘“..| — BORDERON. 000111812 BANCALI (IN SPEDIZIONE) 1 SPONDA IDRAULICA: Si
20260707062951743	altro	N.ro Imballi PALLET EPAL DA RENDERE: 1 N |
20260708073515849	altro	Ù \ G.A.E.R Societa' Cooperativa - GAER I 4a F. SANTI, 5 - 42025 CORTE TEGGE DI
20260708073515849	altro	CAVRIAGO RE
20260708073515849	altro	ue: Tel. 0522949620/30/40 - Fax 0522 494245 - Partita I. V. A. 00204390355
20260708073515849	altro	MITTENT G.A.E.R Societa' Cooperativa DOCUMENTO DI TRASPORTO
20260708073515849	altro	GAER CENTRALE - VIA F. SANTI, 5 - 42025 CORTE TEGGE DI CA _{ DOCUMENTO NUMERO | DATA CAUSALE DEL TRASPORTO
20260708073515849	intestazione_documento	038097 Pg 1/1 02/07/2026 Vendita
20260708073515849	altro	DESTINATARI
20260708073515849	luogo_destinazione	001519 -078 LUOGO DI DESTINAZIONE
20260708073515849	altro	CONSUMER IN SRL
20260708073515849	indirizzo	i COOP CCNO LI -SAVONA
20260708073515849	altro	PIAZZA G. FERRE’, 10 Partita IVA: 04117520967
20260708073515849	indirizzo	20025 = LEGNANO CORSO RICCI, 211R
20260708073515849	indirizzo	MI T . 17100 i SAVONA
20260708073515849	altro	. Sv. IT i
20260708073515849	altro	ARTICOLO DESCRIZIONE DEIBENI _ QUANTITA'
20260708073515849	altro	Merce fatturata da Consumer.In srl a Coop Consorzio Nord Ovest P.I. 04117520967 e da quest'ultima ceduta al destinatario finale.
20260708073515849	altro	Da Lista Prelievo: 000003426
20260708073515849	riferimento_fattura_ordine	Rif. citato in fatt. VEND 041497 del 02/07/2026
20260708073515849	riferimento_fattura_ordine	N.ro ordine 026718649 del 02/07/2026 .
20260708073515849	riferimento_fattura_ordine	Rif. citato in fatt. VEND 041498 del 02/07/2026
20260708073515849	riferimento_fattura_ordine	N.ro ordine 026605013 del 02/07/2026
20260708073515849	riferimento_fattura_ordine	, N.ro ordine 026710578 del 02/07/2026
20260708073515849	altro	° Lista di prelievo Totale n. colli
20260708073515849	altro	000003426 1
20260708073515849	indirizzo	COOP LIGURIA s.c.c. SAVONA
20260708073515849	altro	Sede \|permercato: VONA
20260708073515849	indirizzo	i Corso Ricci, 21), r.- 17100 SA
20260708073515849	altro	n G
20260708073515849	altro	Ù RAAITA”
20260708073515849	altro	ì VERIAICARE LA QUANTITA EA CONFO!
20260708073515849	altro	. CNS UICESSIVAMENTE AL RITIRO.
20260708073515849	altro	GENERI VARI
20260708073515849	altro	DATA INIZIO TRASPOR | TRASPORTOA. |VTLOGISTICA UNO EUROPE SRL
20260708073515849	altro	02/07/2026 12.56 CURA DEL E
20260708073515849	altro	miTENTE {1
20260708073515849	altro	[] DeSTINATA lo
20260708073515849	altro	TOTALE COL PESO KG VOLUME MC DATA E ORA RICEZIONE ME | TIMBRO E FIRMA LEGGIBILE DEL DESTINATA
20260708073515849	altro	1 88,72 0,714
20260708073515849	altro	NOTE. ORARI SCARICO 08:00 - 12:00/ Mar - Ven/ / NECESSARIA PRENOTAZIONE/ TEL. 019-84061
20260708073515849	altro	BORDERO N. 000111801 BANCALI (IN SPEDIZIONE) 1 SPONDA IDRAULICA: Si
20260708073515849	altro	N.r0 Imballi PALLET EPAL DA RENDERE: 1 . ‘ o
20260709104709178	altro	o) G.A.E.R Societa' Cooperati GAER CENTRALE - VIA F. SANTI, 5 - 42025 CORTE TEGGE DI
20260709104709178	altro	CAVRIAGO RE
20260709104709178	altro	serpe Tel. 0522949620/30/40 - Fax 0522 494245 - Partita I. V. A. 0020439
20260709104709178	altro	MITTEN G.A.E.R Societa' Cooperativa DOCUMENTO DI TRASPORTO
20260709104709178	altro	GAER CENTRALE - VIA F. SANTI. 5 - 42025 CORTE TEGGE | DOCUMENTO NUME CAUSALE DEL TRASPOR
20260709104709178	intestazione_documento	DESTINATAR 039026 Pg 1/1 07/07/2026 Vendita
20260709104709178	luogo_destinazione	001519 - 078 LUOGO DI DESTINAZION
20260709104709178	altro	CONSUMER IN SRL
20260709104709178	indirizzo	COOP CCNO LI -SAVONA
20260709104709178	altro	PIAZZA G. FERRE", 10 Partita IVA: 04117520967
20260709104709178	indirizzo	20025 LEGNANO CORSO RICCI, 211R
20260709104709178	indirizzo	MI IT 17100 SAVONA
20260709104709178	altro	SV IT
20260709104709178	altro	ARTICOLO DESCRIZIONE DEI BENI QUANTIT
20260709104709178	altro	Merce fatturata da Consumer.in srl a Coop Consorzio Nord Ovest P.I. 04117520967 e da quest'ultima ceduta al destinatario findle.
20260709104709178	altro	Da Lista Preliev 000008530
20260709104709178	riferimento_fattura_ordine	Rif. citato in fatt. VEND 042512 del 07/07/2026
20260709104709178	riferimento_fattura_ordine	N.ro ordine 026674576 del 07/07/2026
20260709104709178	riferimento_fattura_ordine	N.ro ordine 026702639 del 07/07/2026
20260709104709178	altro	Niro ordine 026729392 del 07/07/2026
20260709104709178	altro	964377 W3 GALAXYA17256GBW3LIGHTBLUE SMARTP.SAMS 6.7" 8GB 256GB 15
20260709104709178	riferimento_fattura_ordine	N.ro ordine 026730797 del 07/07/2026
20260709104709178	altro	Lista di prelievo Totale n. colli
20260709104709178	altro	000008530 Ù
20260709104709178	altro	A
20260709104709178	altro	GURIA s.0+ SAVON
20260709104709178	altro	cooP u ercato
20260709104709178	indirizzo	Sede [permetta SAVONA
20260709104709178	altro	VATI Vv
20260709104709178	indirizzo	Corso Ricci © -
20260709104709178	altro	9 LUG 2028
20260709104709178	altro	RA vantità € la
20260709104709178	altro	2 ramo dii veriticare 19 ANO ci rifiro.
20260709104709178	altro	A riserviamo Si sessivamente
20260709104709178	altro	Ci om degli oricoli ue
20260709104709178	altro	DATA INIZIO TRASPO TRASPORTO A C |VIGLS ENTERPRISE SRL
20260709104709178	altro	07/07/2026 10.44 E
20260709104709178	altro	MITTENT |T
20260709104709178	altro	CD] pestinat |"
20260709104709178	altro	TOTALE CO PESO KG VOLUME M DATA E ORA RICEZIONE | TIMBRO E FIRMA LEGGIBILE DEL DESTI
20260709104709178	altro	1 13,34 0,024
20260709104709178	altro	NOTE. ORARI SCARICO 08:00 - 12:00/ Mar - Ven/ / NECESSARIA PRENOTAZIONE/ TEL. 019-84061
20260709104709178	altro	SPONDA IDR I ULICA: Si
20260709104709178	altro	Il,
20260709104709178	altro	pai MO
20260710101852927	altro	{ G.A.E.R Societa' Cooperati GAER CENTRALE - VIA F. SANTI, 5 - 42025 CORTE TEGGE DI
20260710101852927	altro	CAVRIAGO RE |
20260710101852927	altro	enni Tel. 0522949620/30/40 - Fax 0522 494245 - Partita I. V. A. 0020439
20260710101852927	altro	MITTEN G.A.E.R Societa' Cooperativa DOCUMENTO DI TRASPORTO
20260710101852927	altro	GAER CENTRALE - VIA F. SANTI. 5 - 42025 CORTE TEGGE DOCUMENTO NUME |DATA CAUSALE DEL TRASPOR
20260710101852927	intestazione_documento	DESTINATAR | 039673 Pg 1/1 09/07/2026 Vendita
20260710101852927	luogo_destinazione	001519 - 078 LUOGO DI DESTINAZION
20260710101852927	altro	CONSUMER IN SRL
20260710101852927	indirizzo	COOP CONO LI -SAVONA
20260710101852927	altro	PIAZZA G. FERRE', 10 Partita IVA: 04117520967
20260710101852927	indirizzo	20025 LEGNANO CORSO RICCI, 211R
20260710101852927	indirizzo	MI m > *$ 17100. SAVONA
20260710101852927	altro	.| SV IT
20260710101852927	altro	ARTICOLO ” DESCRIZIONE DEF BENI QUANTIT
20260710101852927	altro	Merce fatturata da Consumer.in srl a Coop Consorzio Nord Ovest P.I. 04117520967 e da quest'ultima ceduta al destinatario finale.
20260710101852927	altro	Da Lista Preliev 000012101
20260710101852927	riferimento_fattura_ordine	Rif. citato in fatt. VEND 043173 del 09/07/2026
20260710101852927	riferimento_fattura_ordine	N.ro ordine 026735520 del 09/07/2026 :
20260710101852927	riferimento_fattura_ordine	Rif. citato in fatt. VEND 043174 del 09/07/2026
20260710101852927	riferimento_fattura_ordine	N.ro ordine 026729392 del 09/07/2026
20260710101852927	altro	964377 Ww3 GALAXYA17256GBWSLIGHTBLUE SMARTP.SAMS 6.7" 8GB 256GB 5
20260710101852927	riferimento_fattura_ordine	N.ro ordine 026739740 del 09/07/2026
20260710101852927	altro	Lista di prelievo Totale n. colli
20260710101852927	altro	000012101 1
20260710101852927	indirizzo	COOP LIGURIA s.c.c. SAVONA
20260710101852927	altro	. Sede Ipermercato i
20260710101852927	indirizzo	Corso Ricci 11 È. - 17120 SAVONA
20260710101852927	altro	1 G 2026
20260710101852927	altro	Gi riserviamo i veritica
20260710101852927	altro	sa | verificare le crantirà e la
20260710101852927	altro	conformità degli articoli successiva, ae di ritiro
20260710101852927	altro	DATA INIZIO TRASPO TRASPORTO AC |VÎGLS ENTERPRISE SRL
20260710101852927	altro	09/07/2026 11.20 E
20260710101852927	altro	MITTENT  |T
20260710101852927	altro	[] pestinaT |" n Ì
20260710101852927	altro	TOTALE CO PESO KG VOLUME M DATA E ORA RICEZIONE |TIMBRO E FIRMA LEGGIBILE DEL DESTI
20260710101852927	altro	1 4,29 0,012 ° ”
20260710101852927	altro	NOTE ORARI SCARICO 08:00 - 12:00/ Mar - Ven// NECESSARIA PRENOTAZIONE/ TEL. 019-84061
20260710101852927	altro	SPONDA IDRAULICA: Si
20260713064554761	altro	dl O G.A.E.R Societa' Cooperati GAER C/O LOGISTICA UNO - VIA COLOMBARONE SN - 29010
20260713064554761	altro	Ù adi ] MONTICELLI D'ONGINA PC
20260713064554761	altro	rie Tel. 0522949620/30/40 - Fax 0522 494245 - Partita |. V. A. 0020439
20260713064554761	altro	MITTEN G.AE.R Societa' Cooperativa DOCUMENTO DI TRASPORTO
20260713064554761	altro	GAER C/O LOGISTICA UNO - VIA COLOMBARONE SN - 290 { DOCUMENTO NUME {DATA CAUSALE DEL TRASPOR
20260713064554761	intestazione_documento	DESTINATAR 039342 Pg 1/1 08/07/2026 Vendita
20260713064554761	luogo_destinazione	001519-078 LUOGO DI DESTINAZION
20260713064554761	altro	CONSUMER IN SRL
20260713064554761	indirizzo	COOP CONO LI -SAVONA
20260713064554761	altro	PIAZZA G. FERRE”, 10 Partita IVA: 04117520967
20260713064554761	indirizzo	20025 LEGNANO CORSO RICCI, 211R
20260713064554761	indirizzo	MI IT 17100 SAVONA
20260713064554761	altro	SV IT
20260713064554761	altro	ARTICOLO DESCRIZIONE DEI BENI QUANTIT
20260713064554761	altro	Merce fatturata da Consumer.In srl a Coop Consorzio Nord Ovest P.I. 04117520967 e da quest'ultima ceduta al destinatario findle.
20260713064554761	altro	Da Lista Preliev 000009142
20260713064554761	riferimento_fattura_ordine	Rif. citato in fatt. VEND 010499 del 08/07/2026
20260713064554761	riferimento_fattura_ordine	N.ro ordine 026712491 del 08/07/2026
20260713064554761	riferimento_fattura_ordine	N.ro ordine 026730801 del 08/07/2026
20260713064554761	riferimento_fattura_ordine	Rif. citato in fatt. VEND 010500 del 08/07/2026
20260713064554761	altro	ORDINE DA TOTEM: sig. maria paola odass
20260713064554761	riferimento_fattura_ordine	N.ro ordine 026734127 del 08/07/2026
20260713064554761	indirizzo	COOP LIGURIA s.c.c. SAVONA
20260713064554761	altro	Sede Ipermercato:
20260713064554761	indirizzo	Corso Ricci, 211 r.- 17100 SAVONA
20260713064554761	altro	13 LUG 2026
20260713064554761	altro	(I RISERVIAMO DI VERIFICARE LA QUANTITA” E LA CONFORMITA”
20260713064554761	altro	DEGLI ARTICOLI SUCCESSIVAMENTE AL RITIRO.
20260713064554761	altro	GENERI VARI
20260713064554761	altro	DATA INIZIO TRASPO TRASPORTO A C V| LOGISTICA UNO EUROPE SRL
20260713064554761	altro	08/07/2026 10.09 E
20260713064554761	altro	MITTENT JT
20260713064554761	altro	[U] DESTINAT T
20260713064554761	altro	TOTALE CO PESO KG VOLUME M DATA E ORA RICEZIONE {TIMBRO E FIRMA LEGGIBILE DEL DESTI
20260713064554761	altro	15 266,20 2,811
20260713064554761	altro	NOTE ORARI SCARICO 08:00 - 12:00/ Mar - Ven/ / NECESSARIA PRENOTAZIONE/ TEL. 019-84061
20260713064554761	altro	f
20260713064554761	altro	BORDERO N. 000111998 BANCALI (IN SPEDIZIONE) 3 SPONDA Rd LICA: Si
20260713064554761	altro	«= {hi
20260713064554761	altro	Lis i
20260713064554761	altro	N.ro Imballi PALLET EPAL DA RENDERE: 3 07
20260713064737195	altro	li G.A.E.R Societa' Cooperativa - GAER CENTRALE - VIA F. SANTI, 5 - 42025 CORTE TEGGE DI
20260713064737195	altro	; CAVRIAGO RE
20260713064737195	altro	È Tel. 0522949620/30/40 - Fax 0522 494245 - Partita I. V. A. 00204390355
20260713064737195	altro	MITTENT  G.A.E.R Societa' Cooperativa DOCUMENTO DI TRASPORTO
20260713064737195	altro	GAER CENTRALE - VIA F. SANTI, 5 - 42025 CORTE TEGGE DI CA_ | DOCUMENTO NUMERO | DATA CAUSALE DEL TRASPORTO
20260713064737195	intestazione_documento	DESTINATARI 039290 Pg 1/2 08/07/2026 Vendita
20260713064737195	luogo_destinazione	001519 -078 LUOGO DI DESTINAZIONE
20260713064737195	altro	CONSUMER IN SRL . È
20260713064737195	indirizzo	COOP CCNO LI -SAVONA
20260713064737195	altro	PIAZZA G. FERRE', 10 Partita IVA: 04117520967
20260713064737195	indirizzo	20025 LEGNANO CORSO RICCI, 211R
20260713064737195	indirizzo	MI IT 17100. SAVONA
20260713064737195	altro	SV T
20260713064737195	altro	ARTICOLO DESCRIZIONE DEI BENI QUANTITA”
20260713064737195	altro	Merce fatturata da Consumer.in sri a Coop Consorzio Nord Ovest P.I. 04117520967 e da quest'ultima ceduta al destinatario finale.
20260713064737195	altro	Da Lista Prelievo: 000010522
20260713064737195	riferimento_fattura_ordine	Rif. citato in fatt. VEND 042751 del 08/07/2026
20260713064737195	altro	Nero ordine 026702660 del 08/07/2026
20260713064737195	riferimento_fattura_ordine	N.ro ordine 026730797 del 08/07/2026
20260713064737195	riferimento_fattura_ordine	N.ro ordine 026730802 del 08/07/2026
20260713064737195	riferimento_fattura_ordine	Rif. citato in fatt. VEND 042752 del 08/07/2026
20260713064737195	riferimento_fattura_ordine	N.ro ordine 026710645 del 08/07/2026
20260713064737195	riferimento_fattura_ordine	N.ro ordine 026729152 del 08/07/2026
20260713064737195	altro	ORDINE DA TOTEM: Barbiero Liliana
20260713064737195	riferimento_fattura_ordine	N.ro ordine 026730300 del 08/07/2026
20260713064737195	altro	Lista di prelievo Totale n. colli
20260713064737195	altro	(000009647 2
20260713064737195	altro	000008533 1
20260713064737195	altro	DATA INIZIO TRASPOR TRASPORTO A V | LOGISTICA UNO EUROPE SRL
20260713064737195	altro	08/07/2026 08.01 CURA DEL E
20260713064737195	altro	. MITTENTE T
20260713064737195	altro	DC] pDESTINATA  |o
20260713064737195	altro	TOTALE COL PESO KG VOLUME MC DATA E ORA RICEZIONE ME | TIMBRO E FIRMA LEGGIBILE DEL DESTINATA
20260713064737195	altro	4 208,76 1,576 n
20260713064737195	altro	SITR
20260713064737195	altro	NOTE ORARI SCARICO 08:00 - 12:00/ Mar - Ven/ / NECESSARIA PRENOTAZIONE! TEL. 019-84061 pivA SpIS DUE n
20260713064737195	altro	«qua INNI ASA RIA
20260713064737195	altro	up A MLN _
20260713064737195	altro	BORDERO N. 000111990 BANCALI (IN SPEDIZIONE) 2 SPOT aa UEIda: Si
20260713064737195	altro	fi P 05303
20260713064737195	altro	coon EI
20260713064737195	altro	N70 Imballi PALLET EPAL DA RENDERE: 1 - PALLET LEGNO 75X75 A RENDERE: 1 VNORY cp pi er i009) |
20260713064737195	altro	ynoavs PINO”
20260714064041986	altro	E) GA.E.R Societa' Cooperati GAER C/O LOGISTICA UNO - VIA COLOMBARONE SN - 2901 (o)
20260714064041986	altro	i MONTICELLI D'ONGINA PC
20260714064041986	altro	n __ Tel. 0522949620/30/40 - Fax 0522 494245 - Partita LV. A. 0020439
20260714064041986	altro	MITTEN  G.A.E.R Societa' Cooperativa DOCUMENTO DI TRASPORTO
20260714064041986	altro	GAER C/O LOGISTICA UNO - VIA COLOMBARONE SN - 290 | DOCUMENTO NUME {DATA CAUSALE DEL TRASPOR
20260714064041986	intestazione_documento	DESTINATAR 039869 Pg 1/1 09/07/2026 Vendita
20260714064041986	luogo_destinazione	001519 - 078 LUOGO DI DESTINAZION
20260714064041986	altro	CONSUMER IN SRL
20260714064041986	indirizzo	COOP CONO Li -SAVONA
20260714064041986	altro	PIAZZA G. FERRE’, 10 Partita IVA: 04117520967
20260714064041986	indirizzo	20025 LEGNANO CORSO RICCI, 211R
20260714064041986	indirizzo	MI T 17100 SAVONA
20260714064041986	altro	SV IT
20260714064041986	altro	ARTICOLO DESCRIZIONE DEI BENI QUANTIT
20260714064041986	altro	Merce fatturata da Consumer.in srl a Coop Consorzio Nord Ovest P.I. 04117520967 e da quest'ultima ceduta al destinatario findle.
20260714064041986	altro	Da Lista Preliev 000012273
20260714064041986	riferimento_fattura_ordine	Rif. citato in fatt. VEND 010657 del 09/07/2026
20260714064041986	riferimento_fattura_ordine	N.ro ordine 026727513 del 09/07/2026
20260714064041986	riferimento_fattura_ordine	N.ro ordine 026751094 del 09/07/2026
20260714064041986	indirizzo	a ey ONÀ COOP LIGURIA s.c.c. SAVONA
20260714064041986	altro	a e gess SAR ci Sede Ipermercato:
20260714064041986	indirizzo	Ft SR, pui a PAR Corso Ricci, 21 fi r.- 17100 SAVONA
20260714064041986	altro	paghi RES n
20260714064041986	altro	Das 14 LUG 2026
20260714064041986	altro	CI RISERVIAMO DI VERIFICARE LA ‘ Ù
20260714064041986	altro	DEGLI ARTICOLI SUCCESSIVAMENTS E TERNTTA
20260714064041986	altro	GENERI VARI
20260714064041986	altro	DATA INIZIO TRASPO TRASPORTO A C [VT LOGISTICA UNO EUROPE SRL.
20260714064041986	altro	09/07/2026 15.10 E
20260714064041986	altro	MITTENT {T
20260714064041986	altro	D pestinat |T
20260714064041986	altro	TOTALE CO PESO KG VOLUME M DATA E ORA RICEZIONE |TIMBRO E FIRMA LEGGIBILE DEL DESTI
20260714064041986	altro	10 194,00 1,651 ° i
20260714064041986	altro	NOTE ORARI SCARICO 08:00 - 12:00/ Mar - Ven/ / NECESSARIA PRENOTAZIONE; TEL. 019-84061
20260714064041986	altro	BORDERO N. 000112087 BANCALI (IN SPEDIZIONE) 2 SPONDA IDRAULIGA: Si
20260714064041986	altro	N.ro Imballi PALLET EPAL DA RENDERE: 2 A |
20260714064041986	altro	I 0,
20260716100207369	altro	CO) G.A.E.R Societa' Cooperati GAER C/O LOGISTICA UNO - VIA COLOMBARONE SN - 29010
20260716100207369	altro	MONTICELLI D'ONGINA PC 7
20260716100207369	altro	dentino Tel. 0522949620/30/40 - Fax 0522 494245 - Partita I. V. A. 0020439 _
20260716100207369	altro	MITTEN | GAA.E.R Societa' Cooperativa DOCUMENTO DI TRASPORTO
20260716100207369	altro	GAER C/0 LOGISTICA UNO - VIA COLOMBARONE SN - 290 { DOCUMENTO NUME |DATA CAUSALE DEL TRASPOR
20260716100207369	intestazione_documento	DESTINATAR 040797 Pg 1/1 14/07/2026 Vendita
20260716100207369	luogo_destinazione	001519 - 078 LUOGO DI DESTINAZION
20260716100207369	altro	CONSUMER IN SRL
20260716100207369	indirizzo	COOP CONO LI -SAVONA
20260716100207369	altro	PIAZZA G. FERRE, 10 Partita IVA: 04117520967
20260716100207369	indirizzo	20025 LEGNANO CORSO RICCI, 211R
20260716100207369	indirizzo	MI IT 17100. SAVONA
20260716100207369	altro	Sv IT
20260716100207369	altro	ARTICOLO tai DESCRIZIONE DEI BENI QUANTIT
20260716100207369	altro	Merce fatturata da Consumer.in sri a Coop Consorzio Nord Ovest P.I. 04117520967 e da quest'ultima ceduta al destinatario findle.
20260716100207369	altro	Da Lista Preliev 000016978
20260716100207369	riferimento_fattura_ordine	Rif. citato in fatt. VEND 010915 del 14/07/2026
20260716100207369	riferimento_fattura_ordine	N.ro ordine 026756325 del 14/07/2026
20260716100207369	riferimento_fattura_ordine	N.ro ordine 026757976 del 14/07/2026
20260716100207369	riferimento_fattura_ordine	N.ro ordine 026761139 del 14/07/2026
20260716100207369	riferimento_fattura_ordine	Rif. citato in fatt. VEND 010916 del 14/07/2026
20260716100207369	altro	ORDINE DA TOTEM: MINETTI VALERIA
20260716100207369	riferimento_fattura_ordine	N.ro ordine 026759262 del 14/07/2026
20260716100207369	indirizzo	inereone s COOP LIGURIA s.c.c. SAVONA
20260716100207369	altro	[10060
20260716100207369	altro	AVONA Sede Ipermercaio
20260716100207369	indirizzo	Corso Ricci, 211 r. - 17100 SAVONA
20260716100207369	altro	BANCALI RESI ALLA PARI .
20260716100207369	altro	1} LUG 2026
20260716100207369	altro	Ci riserviamo di verificare le quantità e-la
20260716100207369	altro	conformità degli articoli successivamente al ritiro.
20260716100207369	altro	DATA INIZIO TRASPO TRASPORTO AC ÎV LOGISTICA UNO EUROPE SRL
20260716100207369	altro	14/07/2026 16.12 E
20260716100207369	altro	MITTENT T
20260716100207369	altro	DI vestinar |"
20260716100207369	altro	TOTALE CO PESO KG VOLUME M DATA E ORA RICEZIONE |TIMBRO E FIRMA LEGGIBILE DEL DESTI
20260716100207369	altro	18 886,80 4,795
20260716100207369	altro	NOTE ORARI SCARICO 08:00 - 12:00/ Mar - Ven/ / NECESSARIA PRENOTAZIONE/ TEL. 019-84061
20260716100207369	altro	BORDERO N. 000112233 BANCALI (IN SPEDIZIONE) 5 SPONDA ID (7h Si
20260716100207369	altro	Prc te 7) _
20260716100207369	altro	N.ro Imballi PALLET EPAL DA RENDERE: 4 - PALLET LEGNO 75X75 A RENDERE: 1 AVA
20260717105307141	altro	() G.A.E.R Societa' Cooperati GAER CENTRALE - VIA F. SANTI, 5 - 42025 CORTE TEGGE DI
20260717105307141	altro	CAVRIAGO RE
20260717105307141	altro	insigni Tel. 0522949620/30/40 - Fax 0522 494245 - Partita I. V. A. 0020439
20260717105307141	altro	MITTEN —G.A.E.R Societa' Cooperativa . DOCUMENTO DI TRASPORTO
20260717105307141	altro	GAER CENTRALE - VIA F. SANTI. 5 - 42025 CORTE TEGGE | DOCUMENTO NUME {DATA CAUSALE DEL TRASPOR
20260717105307141	intestazione_documento	DESTINATAR 041202 Pg 1/1 16/07/2026 Vendita
20260717105307141	luogo_destinazione	001519 -078 LUOGO DI DESTINAZION
20260717105307141	altro	CONSUMER IN SRL
20260717105307141	indirizzo	COOP CONO LI -SAVONA
20260717105307141	altro	PIAZZA G, FERRE", 10 Partita IVA: 04117520967
20260717105307141	indirizzo	20025 LEGNANO CORSO RICCI, 211R
20260717105307141	indirizzo	MI IT 17100 SAVONA
20260717105307141	altro	SV IT
20260717105307141	altro	ARTICOLO DESCRIZIONE DEI BENI QUANTIT
20260717105307141	altro	Merce fatturata da Consumer.In srl a Coop Consorzio Nord Ovest P.I. 04117520967 e da quest'ultima ceduta al destinatario findie.
20260717105307141	altro	Da Lista Preliev 000019469
20260717105307141	riferimento_fattura_ordine	Rif. citato in fatt. VEND 044672 del 16/07/2026
20260717105307141	riferimento_fattura_ordine	N.ro ordine 026761406 del 16/07/2026
20260717105307141	riferimento_fattura_ordine	Rif. citato in fatt. VEND 044673 del 16/07/2026
20260717105307141	altro	ORDINE DA TOTEM: khadija ghalib
20260717105307141	riferimento_fattura_ordine	N.ro ordine 026770475 del 16/07/2026
20260717105307141	altro	Lista di prelievo Totale n. colli
20260717105307141	altro	000019469 1
20260717105307141	indirizzo	COOP LIGURIA s.c.c. SAVONA
20260717105307141	altro	. Sede [permercato
20260717105307141	indirizzo	Corso Ricci, 211 r. - 17100 SAVONA
20260717105307141	altro	1 FLUG 2026
20260717105307141	altro	_ (É riserviamo di verificare te quantità e la
20260717105307141	altro	conformità degli enicoli successivamente al fio,
20260717105307141	altro	DATA INIZIO TRASPO TRASPORTO AC |VIGLS ENTERPRISE SRL
20260717105307141	altro	16/07/2026 09.24 E
20260717105307141	altro	MITTENT T
20260717105307141	altro	CJ vestinat | I,
20260717105307141	altro	TOTALE CO PESO KG VOLUME M DATA E ORA RICEZIONE TIMBRO E FIRMA Spe DEL DESTI
20260717105307141	altro	1 9,16 0,015 4) x
20260717105307141	altro	NOTE ORARI SCARICO 08:00 - 12:00/ Mar - Ven// NECESSARIA PRENOTAZIONE/ TEL. 019-84061 1% ea
20260717105307141	altro	ia
20260717105307141	altro	d 7
20260717105307141	altro	SPONDA IDRAULICA: Si
20260720092215988	altro	G.A.E.R Societa' Cooperati GAER CENTRALE - VIA F. SANTI, 5 - 42025 CORTE TEGGE DI
20260720092215988	altro	CAVRIAGO RE
20260720092215988	altro	leessirnni Tel. 0522949620/30/40 - Fax 0522 494245 - Partita 1. V. A. 0020439
20260720092215988	altro	MITTEN GA.E.R Societa' Cooperativa «DOCUMENTO DI TRASPORTO
20260720092215988	altro	GAER CENTRALE - VIA F. SANTI, 5 - 42025 CORTE TEGGE | DOCUMENTO NUME {DATA CAUSALE DEL TRASPOR
20260720092215988	intestazione_documento	DESTINATAR 041671 Pg 1/1 17/07/2026 Vendita
20260720092215988	luogo_destinazione	001519 -078 LUOGO DI DESTINAZION
20260720092215988	altro	CONSUMER IN SRL
20260720092215988	indirizzo	COOP CONO LI -SAVONA
20260720092215988	altro	PIAZZA G. FERRE”, 10 Partita IVA: 04117520967
20260720092215988	indirizzo	20025 LEGNANO CORSO RICCI, 217R
20260720092215988	indirizzo	MI T 17100 SAVONA
20260720092215988	altro	SV IT
20260720092215988	altro	ARTICOLO DESCRIZIONE DEI BENI QUANTIT
20260720092215988	altro	Merce fatturata da Consumer.In srl a Coop Consorzio Nord Ovest P.I. 04117520967 e da quest'ultima ceduta al destinatario findle.
20260720092215988	altro	Da Lista Preliev 000021408
20260720092215988	riferimento_fattura_ordine	Rif. citato in fatt. VEND 045100 del 17/07/2026
20260720092215988	riferimento_fattura_ordine	N.ro ordine 026702639 del 17/07/2026
20260720092215988	altro	Lista di prelievo Totale n. colli
20260720092215988	altro	000021408 1
20260720092215988	indirizzo	COOP LIGURIA s.c.c. SAVONA
20260720092215988	altro	Sede Ipermercato:
20260720092215988	indirizzo	Corso Ricci, 211 r.- 17100 SAVONA
20260720092215988	altro	20 LUG 2026
20260720092215988	altro	€I RISERVIAMO DI VERIFICARE LA QUANTITA E LA CONFORMITÀ
20260720092215988	altro	DEGLI ARTICOLI ROC IVAMEN RI i ARIEOE hi
20260720092215988	altro	GENERI VARI
20260720092215988	altro	DATA INIZIO TRASPO TRASPORTO AC |ViGaLs ENTERPRISE SRL
20260720092215988	altro	17/07/2026 11.39 E Cel
20260720092215988	altro	mitent |T i
20260720092215988	altro	[] cesrimar |T Di
20260720092215988	altro	pi
20260720092215988	altro	TOTALE CO PESO KG VOLUME M DATA E ORA RICEZIONE |TIMBRO EA fress BILE DEL DESTI
20260720092215988	altro	1 0,70 0,001 /
20260720092215988	altro	NOTE ORARI SCARICO 08:00 - 12:00/ Mar - Ven/ / NECESSARIA PRENOTAZIONE/ TEL. 019-84061 i
20260720092215988	altro	. SPONDA IDRAULICA: Si
20260722080700682	altro	i P,
20260722080700682	altro	\ | G.A.E.R Societa' Cooperati GAER C/O LOGISTICA UNO - VIA COLOMBARONE SN - 29010
20260722080700682	altro	MONTICELLI D'ONGINA PC
20260722080700682	altro	dra Tel. 0522949620/30/40 - Fax 0522 494245 - Partita I. V. A. 0020439 . 0
20260722080700682	altro	MITTEN G.A.E.R Societa' Cooperativa DOCUMENTO DI TRASPORTO
20260722080700682	altro	GAER C/O LOGISTICA UNO - VIA COLOMBARONE SN - 290 | DOCUMENTO NUME | DATA CAUSALE DEL TRASPOR
20260722080700682	intestazione_documento	DESTINATAR 041427 Pg 1/1 16/07/2026 Vendita
20260722080700682	luogo_destinazione	001519 - 078 LUOGO DI DESTINAZION
20260722080700682	altro	CONSUMER IN SRL
20260722080700682	indirizzo	COOP CCNO LI -SAVONA
20260722080700682	altro	PIAZZA G. FERRE', 10 . Partita IVA: 04117520967
20260722080700682	indirizzo	20025 LEGNANO i CORSO RICCI, 211R
20260722080700682	indirizzo	MI IT 17100 SAVONA |
20260722080700682	altro	SV IT
20260722080700682	altro	ARTICOLO DESCRIZIONE DEI BENI QUANTIT } ©.
20260722080700682	altro	Merce fatturata.da Gonsumer.in sri a Coop Consorzio Nord Ovest P.I. 04117520967 e da quest'ultima ceduta al destinatario finale. :
20260722080700682	altro	Da Lista Preliev 000020068
20260722080700682	riferimento_fattura_ordine	Rif. citato in fatt. VEND 011085 del 16/07/2026
20260722080700682	riferimento_fattura_ordine	N.ro ordine 026766468 del 16/07/2026 |
20260722080700682	riferimento_fattura_ordine	Rif. citato in fatt. VEND 011086 del 16/07/2026 |
20260722080700682	riferimento_fattura_ordine	N.ro ordine 026761407 del 16/07/2026 | |
20260722080700682	riferimento_fattura_ordine	N.ro ordine 026764413 del 16/07/2026 :
20260722080700682	altro	/ |
20260722080700682	altro	e
20260722080700682	altro	Meg n°)
20260722080700682	altro	Li pei Sa ig, .
20260722080700682	altro	(So) D
20260722080700682	altro	Adi Na .
20260722080700682	altro	LA pl .
20260722080700682	altro	Co, si fo) i
20260722080700682	altro	Op "4 .
20260722080700682	altro	Cn ou,
20260722080700682	altro	"%0 p; Seoj, UA
20260722080700682	altro	DATA INIZIO TRASPO TRASPORTO AC |V LOGISTICA UNO EUROPE SRL ” TIGZAI Sq |
20260722080700682	altro	16/07/2026 18.03 E la 22), 3001, Voy, |
20260722080700682	altro	[] MITTENT T e Rit ITA %0 54, A |
20260722080700682	altro	. . ITAL, i
20260722080700682	altro	[I DESTINAT “Ang on xy
20260722080700682	altro	TOTALE CO PESO KG VOLUME M DATA E ORA RICEZIONE TIMBRO EF DEL DESTI | |
20260722080700682	altro	. mi in VS TALI .
20260722080700682	altro	10 480,80 : 2,689 A Maglio
20260722080700682	altro	NOTE ORARI SCARICO 08:00 - 12:00/ Mar - Ven/ / NECESSARIA PRENOTAZIONE! TEL. 019-84061
20260722080700682	altro	BORDERO N. 000112338 BANCALI (IN SPEDIZIONE) 2 SPONDA IDRAULICA: Si .
20260722080700682	altro	N.r0 Imballi PALLET EPAL DA RENDERE: 2 :
20260722080700682	altro	|
20260722080700682	altro	|
